code_site_op;region;departement;commune;lat;lon;2Gvoix;3Gvoix;3Gdata;4Gdata;5Gdata;voix;data;raison;detail;debut_interruption_voix;fin_interruption_voix;debut_interruption_data;fin_interruption_data;op_leader;Perimetre
00082167H3;AUVERGNE-RHONE-ALPES;AIN;BAGE DOMMARTIN;46.345925;4.940227777777778;NE;OK;OK;OK;HS;OK;DE;INT;;;;14/09/2026 13:19:00;09/10/2026;OUI;METRO
00082177H1;AUVERGNE-RHONE-ALPES;AIN;CHALLEX;46.18373611111111;5.973716666666666;NE;HS;HS;HS;NE;HS;HS;INT;;31/08/2026 03:59:00;02/11/2026;31/08/2026 03:59:00;02/11/2026;OUI;METRO
00082263H3;AUVERGNE-RHONE-ALPES;AIN;CHAVANNES-SUR-REYSSOUZE;46.42698055555555;4.998852777777778;NE;HS;HS;HS;HS;HS;HS;INT;;31/08/2026 16:08:00;;31/08/2026 16:08:00;;OUI;METRO
00082138H3;AUVERGNE-RHONE-ALPES;AIN;GRAND-CORENT;46.210947222222224;5.439008333333334;NE;HS;HS;HS;NE;HS;HS;INT;;08/09/2026 19:20:00;01/11/2026;08/09/2026 19:20:00;01/11/2026;OUI;METRO
00082117H3;AUVERGNE-RHONE-ALPES;AIN;JAYAT;46.369702777777775;5.124369444444444;NE;NE;NE;HS;HS;OK;HS;MAINT;;;;08/10/2026 23:00:00;09/10/2026;OUI;METRO
00082113H3;AUVERGNE-RHONE-ALPES;AIN;MARSONNAS;46.33876111111111;5.072977777777777;NE;HS;HS;HS;HS;HS;HS;MAINT;;08/10/2026 23:00:00;09/10/2026;08/10/2026 23:00:00;09/10/2026;OUI;METRO
00021862H3;AUVERGNE-RHONE-ALPES;AIN;MONTMERLE-SUR-SAONE;46.09194166666667;4.763330555555555;NE;HS;HS;HS;HS;HS;HS;MAINT;;08/10/2026 08:03:31;09/10/2026;08/10/2026 08:03:31;09/10/2026;OUI;METRO
00003953H1;AUVERGNE-RHONE-ALPES;AIN;PERON;46.17693611111111;5.924994444444445;OK;HS;HS;OK;OK;DE;OK;INT;;24/07/2026 14:30:00;11/10/2026;;;OUI;METRO
00015134H3;AUVERGNE-RHONE-ALPES;AIN;REYRIEUX;45.92674722222222;4.814736111111111;HS;HS;HS;HS;HS;HS;HS;INT;;18/09/2026 06:49:00;05/11/2026;18/09/2026 06:49:00;05/11/2026;OUI;METRO
00082482H3;AUVERGNE-RHONE-ALPES;AIN;SAINT NIZIER LE BOUCHOUX;46.45808055555556;5.150322222222223;NE;HS;HS;HS;NE;HS;HS;INT;;08/10/2026 16:11:00;11/10/2026;08/10/2026 16:11:00;11/10/2026;OUI;METRO
00082112H3;AUVERGNE-RHONE-ALPES;AIN;ST-DIDIER-D AUSSIAT;46.30318055555555;5.055447222222222;NE;HS;HS;HS;HS;HS;HS;MAINT;;08/10/2026 23:00:00;09/10/2026;08/10/2026 23:00:00;09/10/2026;OUI;METRO
00082353H3;AUVERGNE-RHONE-ALPES;AIN;ST-ETIENNE-SUR-CHALARONNE;46.129219444444445;4.8738;NE;NE;NE;HS;HS;OK;HS;INT;;;;19/06/2026 15:04:00;;OUI;METRO
00000349H3;AUVERGNE-RHONE-ALPES;AIN;ST-JULIEN-SUR-REYSSOUZE;46.40573333333333;5.093969444444444;HS;HS;HS;HS;NE;HS;HS;MAINT;;08/10/2026 23:00:00;09/10/2026;08/10/2026 23:00:00;09/10/2026;OUI;METRO
00000350H3;AUVERGNE-RHONE-ALPES;AIN;ST-TRIVIER-DE-COURTES;46.461800000000004;5.076102777777778;HS;HS;HS;HS;NE;HS;HS;MAINT;;08/10/2026 23:00:00;09/10/2026;08/10/2026 23:00:00;09/10/2026;OUI;METRO
00009206D1;AUVERGNE-RHONE-ALPES;ALLIER;BERT;46.32190555555556;3.7182583333333334;HS;HS;HS;HS;NE;HS;HS;INT;;31/07/2026 18:31:00;02/11/2026;31/07/2026 18:31:00;02/11/2026;OUI;METRO
00000164D1;AUVERGNE-RHONE-ALPES;ALLIER;LURCY-LEVIS;46.728880555555556;2.9472222222222224;OK;OK;OK;OK;OK;OK;OK;INT;;;;;;OUI;METRO
00012973D1;AUVERGNE-RHONE-ALPES;ALLIER;TREZELLES;46.33999444444445;3.6141694444444443;NE;NE;NE;NE;NE;OK;OK;INT;;;;;;OUI;METRO
00034603H7;AUVERGNE-RHONE-ALPES;ARDECHE;ANNONAY;45.254155555555556;4.647505555555555;NE;HS;HS;HS;HS;HS;HS;INT;;26/11/2025 02:19:00;;26/11/2025 02:19:00;;OUI;METRO
00034292H7;AUVERGNE-RHONE-ALPES;ARDECHE;DORNAS;44.85743888888889;4.350188888888889;NE;HS;HS;HS;NE;HS;HS;INT;;07/04/2024 03:24:00;;07/04/2024 03:24:00;;NON;METRO
00034884H7;AUVERGNE-RHONE-ALPES;ARDECHE;LARNAS;44.46492777777778;4.599352777777778;NE;NE;NE;HS;NE;OK;HS;INT;;;;24/09/2026 18:48:00;15/10/2026;OUI;METRO
00034639H7;AUVERGNE-RHONE-ALPES;ARDECHE;ST-GEORGES-LES-BAINS;44.85666666666667;4.818936111111111;NE;NE;NE;HS;NE;OK;HS;INT;;;;23/09/2026 19:47:00;;OUI;METRO
00032946D1;AUVERGNE-RHONE-ALPES;CANTAL;POLMINHAC;44.92533888888889;2.5740666666666665;HS;NE;NE;OK;OK;HS;OK;INT;;03/10/2026 13:03:00;11/10/2026;;;OUI;METRO
00034670H7;AUVERGNE-RHONE-ALPES;DROME;COMBOVIN;44.87305277777778;5.092497222222222;NE;HS;HS;HS;NE;HS;HS;INT;;07/10/2026 22:02:00;11/10/2026;07/10/2026 22:02:00;11/10/2026;OUI;METRO
00002936H7;AUVERGNE-RHONE-ALPES;DROME;LES GRANGES-GONTARDES;44.414991666666666;4.740002777777778;NE;HS;HS;OK;NE;HS;OK;INT;;07/10/2026 21:01:00;15/10/2026;;;OUI;METRO
00034703H7;AUVERGNE-RHONE-ALPES;DROME;ROCHEFORT-EN-VALDAINE;44.510780555555556;4.861222222222222;NE;HS;HS;HS;NE;HS;HS;INT;;05/10/2026 13:55:00;13/10/2026;05/10/2026 13:55:00;13/10/2026;OUI;METRO
00000075H7;AUVERGNE-RHONE-ALPES;DROME;TERSANNE;45.21749722222222;5.03305;NE;OK;OK;HS;HS;OK;DE;INT;;;;07/10/2026 20:29:00;11/10/2026;OUI;METRO
00011571H7;AUVERGNE-RHONE-ALPES;DROME;TULETTE;44.28678333333333;4.952505555555556;NE;OK;OK;HS;NE;OK;DE;INT;;;;31/07/2026 18:01:00;;OUI;METRO
00000183H7;AUVERGNE-RHONE-ALPES;DROME;VALENCE;44.91683333333333;4.882761111111112;NE;HS;HS;HS;NE;HS;HS;INT;;10/09/2026 09:46:00;05/11/2026;10/09/2026 09:46:00;05/11/2026;OUI;METRO
00000073D1;AUVERGNE-RHONE-ALPES;HAUTE-LOIRE;BRIOUDE;45.30983888888888;3.3754305555555555;HS;HS;HS;OK;OK;HS;OK;INT;;30/07/2026 11:57:00;;;;OUI;METRO
00000024D1;AUVERGNE-RHONE-ALPES;HAUTE-LOIRE;CHAMBEZON;45.38558611111111;3.241963888888889;NE;HS;HS;HS;OK;HS;DE;INT;;03/09/2026 11:04:00;;03/09/2026 11:04:00;;OUI;METRO
00008695D1;AUVERGNE-RHONE-ALPES;HAUTE-LOIRE;CHOMELIX;45.269280555555554;3.8021527777777777;OK;HS;HS;OK;NE;DE;OK;INT;;08/10/2026 17:00:00;16/10/2026;;;OUI;METRO
00009865D1;AUVERGNE-RHONE-ALPES;HAUTE-LOIRE;COHADE;45.331163888888895;3.365688888888889;HS;NE;NE;NE;NE;HS;OK;INT;;30/07/2026 11:57:00;;;;OUI;METRO
00035061D1;AUVERGNE-RHONE-ALPES;HAUTE-LOIRE;ST-HAON;44.83962777777778;3.7458472222222223;NE;HS;HS;HS;HS;HS;HS;INT;;03/09/2026 01:38:00;02/11/2026;03/09/2026 01:38:00;02/11/2026;OUI;METRO
00034691D1;AUVERGNE-RHONE-ALPES;HAUTE-LOIRE;VERGONGHEON;45.381930555555556;3.3116583333333334;NE;HS;HS;OK;OK;HS;OK;INT;;02/09/2026 08:31:00;;;;OUI;METRO
00082176H1;AUVERGNE-RHONE-ALPES;HAUTE-SAVOIE;ANDILLY;46.06112777777778;6.067863888888889;NE;OK;OK;HS;NE;OK;DE;INT;;;;28/08/2026 01:44:00;;OUI;METRO
00001427H1;AUVERGNE-RHONE-ALPES;HAUTE-SAVOIE;ANNECY;45.899994444444445;6.115833333333333;HS;HS;HS;OK;OK;HS;OK;INT;;08/10/2026 17:05:00;16/10/2026;;;OUI;METRO
00034854H1;AUVERGNE-RHONE-ALPES;HAUTE-SAVOIE;BELLEVAUX;46.218605555555555;6.556386111111111;NE;HS;HS;HS;NE;HS;HS;INT;;19/06/2026 17:27:00;;19/06/2026 17:27:00;;OUI;METRO
00035094H1;AUVERGNE-RHONE-ALPES;HAUTE-SAVOIE;CHALLONGES;46.00946388888889;5.827444444444445;NE;HS;HS;HS;NE;HS;HS;INT;;06/04/2024 09:30:00;;06/04/2024 09:30:00;;NON;METRO
00034931H1;AUVERGNE-RHONE-ALPES;HAUTE-SAVOIE;CHAMONIX-MONT-BLANC;45.94823888888889;6.960502777777778;NE;HS;HS;HS;NE;HS;HS;INT;;03/10/2026 16:28:00;11/10/2026;03/10/2026 16:28:00;11/10/2026;NON;METRO
00000116H1;AUVERGNE-RHONE-ALPES;HAUTE-SAVOIE;CHATEL;46.276891666666664;6.857144444444444;HS;HS;HS;OK;NE;HS;OK;INT;;21/07/2026 21:19:00;12/10/2026;;;OUI;METRO
00009252H1;AUVERGNE-RHONE-ALPES;HAUTE-SAVOIE;SAMOENS;46.08259166666667;6.729261111111112;HS;HS;HS;HS;NE;HS;HS;MAINT;;06/10/2026 11:25:00;09/10/2026;06/10/2026 11:25:00;09/10/2026;OUI;METRO
00034941H1;AUVERGNE-RHONE-ALPES;HAUTE-SAVOIE;SEYSSEL;45.97187777777778;5.8703722222222225;NE;HS;HS;HS;NE;HS;HS;INT;;08/10/2026 19:34:00;11/10/2026;08/10/2026 19:34:00;11/10/2026;OUI;METRO
00000108H1;AUVERGNE-RHONE-ALPES;HAUTE-SAVOIE;VULBENS;46.087875000000004;5.912105555555556;HS;HS;HS;HS;NE;HS;HS;INT;;03/09/2026 14:31:00;05/11/2026;03/09/2026 14:31:00;05/11/2026;OUI;METRO
00082169H5;AUVERGNE-RHONE-ALPES;ISERE;BERNIN;45.26329722222222;5.878211111111112;NE;NE;NE;HS;NE;OK;HS;INT;;;;14/09/2026 16:24:00;;OUI;METRO
00034807H5;AUVERGNE-RHONE-ALPES;ISERE;CHATTE;45.15165;5.252380555555556;NE;HS;HS;HS;OK;HS;DE;INT;;07/10/2026 07:11:00;15/10/2026;07/10/2026 07:11:00;15/10/2026;OUI;METRO
00000146H5;AUVERGNE-RHONE-ALPES;ISERE;FONTAINE;45.198255555555555;5.677247222222222;OK;OK;OK;OK;OK;OK;OK;INT;;;;;;OUI;METRO
00013854H5;AUVERGNE-RHONE-ALPES;ISERE;FONTAINE;45.19259444444444;5.700172222222222;NE;HS;HS;OK;OK;HS;OK;INT;;24/08/2026 08:13:00;24/10/2026;;;OUI;METRO
00033690H5;AUVERGNE-RHONE-ALPES;ISERE;LES DEUX ALPES;45.00391388888889;6.168083333333334;HS;HS;HS;HS;NE;HS;HS;MAINT;;05/10/2026 13:55:00;09/10/2026;05/10/2026 13:55:00;09/10/2026;OUI;METRO
00034793H5;AUVERGNE-RHONE-ALPES;ISERE;MERLAS;45.463675;5.684558333333333;NE;HS;HS;HS;HS;HS;HS;INT;;26/08/2026 09:16:00;;26/08/2026 09:16:00;;OUI;METRO
00018133H5;AUVERGNE-RHONE-ALPES;ISERE;MOISSIEU-SUR-DOLON;45.39858888888889;5.005111111111111;HS;HS;HS;HS;NE;HS;HS;INT;;19/06/2026 12:36:00;;19/06/2026 12:36:00;;OUI;METRO
00016850H5;AUVERGNE-RHONE-ALPES;ISERE;ST-HILAIRE-DU-ROSIER;45.10617222222222;5.253419444444445;OK;OK;OK;OK;NE;OK;OK;INT;;;;;;OUI;METRO
00034776H5;AUVERGNE-RHONE-ALPES;ISERE;ST-JEAN-DE-BOURNAY;45.47589166666667;5.157841666666667;NE;OK;OK;OK;HS;OK;DE;INT;;;;08/10/2026 19:40:00;16/10/2026;OUI;METRO
00082135H5;AUVERGNE-RHONE-ALPES;ISERE;ST-PIERRE-DE-MEAROZ;44.877719444444445;5.803352777777778;NE;NE;NE;HS;NE;OK;HS;INT;;;;27/08/2026 11:13:00;23/10/2026;OUI;METRO
00034789H5;AUVERGNE-RHONE-ALPES;ISERE;VALENCIN;45.60599722222222;4.999538888888889;NE;OK;OK;HS;HS;OK;DE;INT;;;;09/10/2026 02:08:00;17/10/2026;OUI;METRO
00024554H5;AUVERGNE-RHONE-ALPES;ISERE;VARCES-ALLIERES-ET-RISSET;45.08646944444445;5.679308333333334;OK;OK;OK;HS;OK;OK;DE;INT;;;;07/10/2026 13:20:00;15/10/2026;OUI;METRO
00000030H5;AUVERGNE-RHONE-ALPES;ISERE;VILLARD-REYMOND;45.03921666666667;6.014752777777778;OK;OK;OK;OK;HS;OK;DE;INT;;;;16/09/2026 13:31:00;;OUI;METRO
00000011H6;AUVERGNE-RHONE-ALPES;LOIRE;BURDIGNES;45.27900833333333;4.5615805555555555;HS;HS;HS;HS;HS;HS;HS;MAINT;;08/10/2026 09:28:00;09/10/2026;08/10/2026 09:28:00;09/10/2026;OUI;METRO
00000136H6;AUVERGNE-RHONE-ALPES;LOIRE;ST-ETIENNE;45.437213888888884;4.382216666666666;NE;NE;NE;HS;OK;OK;DE;INT;;;;02/10/2026 04:26:00;12/10/2026;OUI;METRO
00006390D1;AUVERGNE-RHONE-ALPES;PUY-DE-DOME;AUBIAT;45.97055277777778;3.1636194444444445;HS;NE;NE;NE;NE;HS;OK;INT;;11/08/2026 12:17:00;28/10/2026;;;OUI;METRO
00034835D1;AUVERGNE-RHONE-ALPES;PUY-DE-DOME;BESSE-ET-ST-ANASTAISE;45.510822222222224;2.926944444444444;NE;HS;HS;HS;NE;HS;HS;MAINT;;05/10/2026 15:25:00;09/10/2026;05/10/2026 15:25:00;09/10/2026;OUI;METRO
00034795D1;AUVERGNE-RHONE-ALPES;PUY-DE-DOME;CHARBONNIERES-LES-VIEILLES;45.95966388888889;3.0020416666666665;NE;HS;HS;HS;HS;HS;HS;INT;;25/09/2026 08:13:00;02/11/2026;25/09/2026 08:13:00;02/11/2026;OUI;METRO
00035105D1;AUVERGNE-RHONE-ALPES;PUY-DE-DOME;CLERMONT-FERRAND;45.77065277777778;3.0836444444444444;NE;HS;HS;HS;NE;HS;HS;INT;;29/09/2026 09:49:00;;29/09/2026 09:49:00;;OUI;METRO
00034930D1;AUVERGNE-RHONE-ALPES;PUY-DE-DOME;MUR SUR ALLIER;45.78666944444444;3.2456555555555555;NE;NE;NE;HS;HS;OK;HS;INT;;;;21/09/2026 07:44:00;;OUI;METRO
00020525D1;AUVERGNE-RHONE-ALPES;PUY-DE-DOME;ROMAGNAT;45.72027222222222;3.084438888888889;HS;HS;HS;OK;OK;HS;OK;INT;;16/09/2026 04:11:00;;;;OUI;METRO
00034919D1;AUVERGNE-RHONE-ALPES;PUY-DE-DOME;ST-GERMAIN-PRES-HERMENT;45.72869166666667;2.586144444444445;NE;HS;HS;OK;NE;HS;OK;INT;;23/06/2026 09:17:00;16/10/2026;;;OUI;METRO
00009337D1;AUVERGNE-RHONE-ALPES;PUY-DE-DOME;ST-SAUVEUR-LA-SAGNE;45.402499999999996;3.6532277777777775;OK;HS;HS;OK;NE;DE;OK;INT;;07/07/2026 13:15:00;;;;OUI;METRO
00000075D1;AUVERGNE-RHONE-ALPES;PUY-DE-DOME;VOLVIC;45.87546388888889;3.056694444444444;HS;HS;HS;OK;OK;HS;OK;INT;;11/08/2026 12:17:00;28/10/2026;;;OUI;METRO
00013588H5;AUVERGNE-RHONE-ALPES;RHONE;CONDRIEU;45.462775;4.770283333333333;NE;HS;HS;OK;OK;HS;OK;INT;;21/06/2026 10:53:00;12/10/2026;;;OUI;METRO
00000304H3;AUVERGNE-RHONE-ALPES;RHONE;DECINES-CHARPIEU;45.771227777777774;4.975008333333333;HS;HS;HS;OK;OK;HS;OK;INT;;22/09/2026 13:23:00;;;;OUI;METRO
00000220H3;AUVERGNE-RHONE-ALPES;RHONE;LARAJASSE;45.63555;4.519172222222222;OK;OK;OK;OK;HS;OK;DE;INT;;;;01/09/2026 06:47:00;;OUI;METRO
00082121H3;AUVERGNE-RHONE-ALPES;RHONE;LYON 02;45.74617222222222;4.828252777777777;NE;HS;HS;HS;NE;HS;HS;INT;;10/07/2026 14:29:00;;10/07/2026 14:29:00;;OUI;METRO
00082603H3;AUVERGNE-RHONE-ALPES;RHONE;LYON 03;45.754730555555554;4.863358333333333;NE;OK;OK;OK;HS;OK;DE;MAINT;;;;19/01/2026 14:17:24;;OUI;METRO
00025952H3;AUVERGNE-RHONE-ALPES;RHONE;LYON 04;45.775238888888886;4.814738888888889;NE;HS;HS;OK;OK;HS;OK;INT;;20/07/2026 15:02:00;;;;OUI;METRO
00000204H3;AUVERGNE-RHONE-ALPES;RHONE;LYON 05;45.754475;4.800802777777777;HS;HS;HS;HS;NE;HS;HS;INT;;30/06/2026 03:15:00;14/10/2026;30/06/2026 03:15:00;14/10/2026;OUI;METRO
00034322H3;AUVERGNE-RHONE-ALPES;RHONE;LYON 07;45.73043888888889;4.917447222222222;NE;HS;HS;NE;NE;HS;HS;INT;;04/02/2025 17:51:00;;04/02/2025 17:51:00;;OUI;METRO
00000139H3;AUVERGNE-RHONE-ALPES;RHONE;LYON 09;45.763327777777775;4.803052777777777;NE;NE;NE;HS;NE;OK;HS;INT;;;;06/07/2026 15:08:00;12/11/2026;OUI;METRO
00004931H3;AUVERGNE-RHONE-ALPES;RHONE;MEYZIEU;45.762766666666664;5.0080527777777775;NE;HS;HS;HS;HS;HS;HS;INT;;12/09/2026 03:28:00;28/12/2026;12/09/2026 03:28:00;28/12/2026;OUI;METRO
00001912H3;AUVERGNE-RHONE-ALPES;RHONE;ST GENIS LAVAL;45.67499722222222;4.781391666666667;OK;OK;OK;OK;OK;OK;OK;INT;;;;;;OUI;METRO
00022341H3;AUVERGNE-RHONE-ALPES;RHONE;ST-CYR-AU-MONT-D OR;45.84138055555556;4.796666666666667;NE;NE;NE;HS;NE;OK;HS;INT;;;;28/09/2026 14:18:00;;OUI;METRO
00018145H3;AUVERGNE-RHONE-ALPES;RHONE;ST-LAURENT-DE-MURE;45.67332777777778;5.066661111111111;OK;OK;OK;OK;HS;OK;DE;INT;;;;28/07/2025 13:00:00;;OUI;METRO
00027368H3;AUVERGNE-RHONE-ALPES;RHONE;TASSIN-LA-DEMI-LUNE;45.759230555555554;4.7766472222222225;NE;OK;OK;HS;OK;OK;DE;INT;;;;08/10/2026 03:57:00;16/10/2026;OUI;METRO
00000322H3;AUVERGNE-RHONE-ALPES;RHONE;VILLEFRANCHE-SUR-SAONE;45.978611111111114;4.74305;OK;OK;OK;OK;HS;OK;DE;INT;;;;07/09/2026 10:45:00;;OUI;METRO
00082340H3;AUVERGNE-RHONE-ALPES;RHONE;VILLEURBANNE;45.762280555555556;4.877761111111112;NE;HS;HS;HS;NE;HS;HS;INT;;19/08/2026 11:37:00;29/10/2026;19/08/2026 11:37:00;29/10/2026;OUI;METRO
00000245H3;AUVERGNE-RHONE-ALPES;RHONE;VILLEURBANNE;45.762775;4.884163888888889;NE;NE;NE;HS;OK;OK;DE;INT;;;;23/09/2026 16:25:00;;OUI;METRO
00014722H3;AUVERGNE-RHONE-ALPES;RHONE;VILLEURBANNE;45.76829444444444;4.873730555555556;NE;OK;OK;HS;HS;OK;DE;INT;;;;15/09/2026 11:21:00;;OUI;METRO
00000489H3;AUVERGNE-RHONE-ALPES;RHONE;VILLEURBANNE;45.75360555555555;4.910550000000001;OK;OK;OK;HS;OK;OK;DE;INT;;;;04/08/2026 10:41:00;12/10/2026;OUI;METRO
00000094H1;AUVERGNE-RHONE-ALPES;SAVOIE;AIME-LA-PLAGNE;45.57616666666667;6.650972222222222;HS;HS;HS;HS;HS;HS;HS;INT;;08/10/2026 21:35:00;12/10/2026;08/10/2026 21:35:00;12/10/2026;OUI;METRO
00000364H1;AUVERGNE-RHONE-ALPES;SAVOIE;AIX-LES-BAINS;45.68839444444444;5.908266666666667;HS;HS;HS;HS;HS;HS;HS;INT;;06/10/2026 06:55:00;09/10/2026;06/10/2026 06:55:00;09/10/2026;OUI;METRO
00000342H1;AUVERGNE-RHONE-ALPES;SAVOIE;CHAMBERY;45.56773333333334;5.902416666666667;HS;HS;HS;HS;HS;HS;HS;MAINT;;08/10/2026 07:16:00;09/10/2026;08/10/2026 07:16:00;09/10/2026;OUI;METRO
00001775H1;AUVERGNE-RHONE-ALPES;SAVOIE;ENTREMONT-LE-VIEUX;45.43875;5.870602777777778;HS;HS;HS;HS;NE;HS;HS;INT;;08/10/2026 21:22:00;12/10/2026;08/10/2026 21:22:00;12/10/2026;OUI;METRO
00034912H1;AUVERGNE-RHONE-ALPES;SAVOIE;LA LECHERE;45.563874999999996;6.466380555555555;NE;NE;NE;HS;HS;OK;HS;INT;;;;07/07/2026 11:46:00;;OUI;METRO
00000036H1;AUVERGNE-RHONE-ALPES;SAVOIE;LES BELLEVILLE;45.297419444444444;6.508905555555556;OK;OK;OK;OK;OK;OK;OK;INT;;;;;;OUI;METRO
00034987H1;AUVERGNE-RHONE-ALPES;SAVOIE;TIGNES;45.453947222222226;6.897663888888888;NE;HS;HS;HS;NE;HS;HS;INT;;21/08/2026 07:42:00;12/10/2026;21/08/2026 07:42:00;12/10/2026;OUI;METRO
00007891H1;AUVERGNE-RHONE-ALPES;SAVOIE;VAL-D ISERE;45.45694166666667;6.943891666666667;HS;HS;HS;HS;NE;HS;HS;INT;;03/07/2026 08:30:00;19/10/2026;03/07/2026 08:30:00;19/10/2026;OUI;METRO
00034786H1;AUVERGNE-RHONE-ALPES;SAVOIE;VERRENS-ARVEY;45.649947222222224;6.308202777777778;NE;HS;HS;HS;NE;HS;HS;MAINT;;06/10/2026 10:42:00;09/10/2026;06/10/2026 10:42:00;09/10/2026;OUI;METRO
00035169E1;BOURGOGNE-FRANCHE-COMTE;COTE-D'OR;BALOT;47.81488333333333;4.429322222222223;NE;HS;HS;HS;NE;HS;HS;INT;;05/04/2024 04:50:00;;05/04/2024 04:50:00;;NON;METRO
00008737E1;BOURGOGNE-FRANCHE-COMTE;COTE-D'OR;DIJON;47.302391666666665;5.033830555555555;NE;OK;OK;OK;HS;OK;DE;INT;;;;07/06/2026 10:00:05;;OUI;METRO
00022037E1;BOURGOGNE-FRANCHE-COMTE;COTE-D'OR;PRALON;47.30410833333333;4.7661388888888885;HS;OK;OK;OK;NE;OK;OK;INT;;;;;;OUI;METRO
00012841E1;BOURGOGNE-FRANCHE-COMTE;COTE-D'OR;SOIRANS;47.20416666666667;5.304211111111111;NE;HS;HS;HS;NE;HS;HS;INT;;04/10/2026 07:49:00;;04/10/2026 07:49:00;;OUI;METRO
00006075X1;BOURGOGNE-FRANCHE-COMTE;DOUBS;MONTBELIARD;47.49680277777778;6.812658333333333;NE;HS;HS;HS;HS;HS;HS;MAINT;;29/09/2026 11:43:00;31/10/2026;29/09/2026 11:43:00;31/10/2026;OUI;METRO
00028327X1;BOURGOGNE-FRANCHE-COMTE;HAUTE-SAONE;DAMPIERRE-SUR-SALON;47.54666388888889;5.664994444444445;NE;HS;HS;HS;NE;HS;HS;INT;;28/08/2026 14:38:00;;28/08/2026 14:38:00;;NON;METRO
00020532X1;BOURGOGNE-FRANCHE-COMTE;JURA;CHASSAL MOLINGES;46.355983333333334;5.784077777777778;HS;NE;NE;NE;NE;HS;OK;INT;;19/06/2026 16:25:00;;;;OUI;METRO
00007854X1;BOURGOGNE-FRANCHE-COMTE;JURA;CHASSAL MOLINGES;46.357755555555556;5.7868055555555555;HS;NE;NE;NE;NE;HS;OK;INT;;19/06/2026 16:25:00;;;;OUI;METRO
00000028X1;BOURGOGNE-FRANCHE-COMTE;JURA;MORBIER;46.54699722222222;5.994869444444444;NE;HS;HS;HS;NE;HS;HS;MAINT;;28/09/2026 15:45:04;09/10/2026;28/09/2026 15:45:04;09/10/2026;OUI;METRO
00013346E1;BOURGOGNE-FRANCHE-COMTE;SAONE-ET-LOIRE;ANGLURE-SOUS-DUN;46.239675;4.359872222222222;HS;OK;OK;OK;NE;OK;OK;INT;;;;;;OUI;METRO
00000419E1;BOURGOGNE-FRANCHE-COMTE;SAONE-ET-LOIRE;CHALON-SUR-SAONE;46.8061;4.854997222222222;NE;HS;HS;HS;HS;HS;HS;INT;;08/10/2026 17:35:00;12/10/2026;08/10/2026 17:35:00;12/10/2026;OUI;METRO
00012531H6;BOURGOGNE-FRANCHE-COMTE;SAONE-ET-LOIRE;COUBLANC;46.166663888888884;4.288336111111111;HS;HS;HS;OK;NE;HS;OK;INT;;19/06/2026 19:19:00;;;;OUI;METRO
00009407E1;BOURGOGNE-FRANCHE-COMTE;SAONE-ET-LOIRE;LUCENAY-L EVEQUE;47.078358333333334;4.2525611111111115;OK;HS;HS;OK;NE;DE;OK;INT;;09/08/2026 09:39:00;;;;OUI;METRO
00009364E1;BOURGOGNE-FRANCHE-COMTE;SAONE-ET-LOIRE;STE-RADEGONDE;46.679424999999995;4.078680555555556;HS;OK;OK;OK;NE;OK;OK;INT;;;;;;OUI;METRO
00034788E1;BOURGOGNE-FRANCHE-COMTE;YONNE;BOIS-D ARCY;47.54713611111111;3.711666666666667;NE;HS;HS;HS;NE;HS;HS;INT;;08/10/2026 20:39:00;11/10/2026;08/10/2026 20:39:00;11/10/2026;OUI;METRO
00034831E1;BOURGOGNE-FRANCHE-COMTE;YONNE;VERMENTON;47.667608333333334;3.8079666666666663;NE;HS;HS;HS;NE;HS;HS;INT;;06/04/2024 14:31:00;;06/04/2024 14:31:00;;NON;METRO
00007349Q2;BRETAGNE;COTES D'ARMOR;DINAN;48.45344722222222;-2.0418749999999997;NE;HS;HS;OK;NE;HS;OK;INT;;01/10/2026 00:00:00;;;;OUI;METRO
00024240Q2;BRETAGNE;COTES D'ARMOR;FREHEL;48.63948333333333;-2.401588888888889;NE;HS;HS;HS;HS;HS;HS;INT;;08/09/2026 09:45:00;01/11/2026;08/09/2026 09:45:00;01/11/2026;OUI;METRO
00033059Q2;BRETAGNE;COTES D'ARMOR;LANNION;48.74456111111111;-3.460988888888889;NE;OK;OK;OK;OK;OK;OK;INT;;;;;;OUI;METRO
00081896Q2;BRETAGNE;COTES D'ARMOR;LES CHAMPS-GERAUX;48.41530833333333;-1.981438888888889;NE;HS;HS;OK;NE;HS;OK;INT;;10/09/2026 23:47:00;;;;OUI;METRO
00000051Q2;BRETAGNE;COTES D'ARMOR;PLERIN;48.526377777777775;-2.766122222222222;NE;OK;OK;OK;HS;OK;DE;INT;;;;24/04/2026 04:08:00;10/11/2026;OUI;METRO
00000186Q2;BRETAGNE;COTES D'ARMOR;PLESLIN-TRIGAVOU;48.5205;-2.0425444444444443;NE;OK;OK;HS;OK;OK;DE;INT;;;;22/08/2026 15:13:00;;OUI;METRO
00000147Q2;BRETAGNE;COTES D'ARMOR;PLOEUC-L HERMITAGE;48.330422222222225;-2.822408333333333;NE;HS;HS;HS;NE;HS;HS;INT;;11/05/2025 06:17:00;09/11/2026;11/05/2025 06:17:00;09/11/2026;OUI;METRO
00081779Q2;BRETAGNE;COTES D'ARMOR;PLOUMAGOAR;48.54624166666667;-3.090316666666667;NE;NE;NE;HS;HS;OK;HS;INT;;;;27/08/2026 19:01:00;;OUI;METRO
00000285Q2;BRETAGNE;COTES D'ARMOR;TREGASTEL;48.83256111111111;-3.5144;NE;HS;HS;HS;HS;HS;HS;INT;;26/06/2026 15:58:00;06/11/2026;26/06/2026 15:58:00;06/11/2026;OUI;METRO
00000252Q1;BRETAGNE;FINISTERE;BREST;48.40445;-4.5073638888888885;NE;HS;HS;HS;HS;HS;HS;INT;;07/10/2026 18:03:00;09/10/2026;07/10/2026 18:03:00;09/10/2026;OUI;METRO
00000184Q1;BRETAGNE;FINISTERE;BREST;48.38276666666667;-4.5099527777777775;NE;HS;HS;OK;OK;HS;OK;INT;;12/09/2026 07:05:00;;;;OUI;METRO
00034926Q1;BRETAGNE;FINISTERE;BREST;48.37433333333333;-4.515730555555556;NE;OK;OK;HS;OK;OK;DE;INT;;;;19/01/2026 15:58:00;26/10/2026;OUI;METRO
00035027Q1;BRETAGNE;FINISTERE;COLLOREC;48.28578888888889;-3.781713888888889;NE;HS;HS;HS;NE;HS;HS;INT;;06/10/2026 01:53:00;13/10/2026;06/10/2026 01:53:00;13/10/2026;NON;METRO
00012273Q1;BRETAGNE;FINISTERE;CONCARNEAU;47.87730833333333;-3.8805;NE;HS;HS;OK;OK;HS;OK;INT;;07/08/2026 04:01:00;13/10/2026;;;OUI;METRO
00000037Q1;BRETAGNE;FINISTERE;CROZON;48.245175;-4.492786111111111;NE;HS;HS;OK;OK;HS;OK;INT;;03/09/2026 20:13:00;13/10/2026;;;OUI;METRO
00018788Q1;BRETAGNE;FINISTERE;CROZON;48.16999166666666;-4.552783333333333;NE;HS;HS;OK;OK;HS;OK;INT;;22/09/2026 07:32:00;;;;OUI;METRO
00000097Q1;BRETAGNE;FINISTERE;FOUESNANT;47.892491666666665;-4.017238888888889;NE;HS;HS;OK;OK;HS;OK;INT;;01/10/2026 04:14:00;;;;OUI;METRO
00000089Q1;BRETAGNE;FINISTERE;ILE-DE-SEIN;48.03801111111111;-4.8540472222222215;NE;HS;HS;OK;OK;HS;OK;INT;;06/10/2026 05:13:00;19/10/2026;;;OUI;METRO
00010251Q1;BRETAGNE;FINISTERE;LANDUNVEZ;48.551541666666665;-4.723027777777778;NE;HS;HS;NE;NE;HS;HS;INT;;11/09/2026 20:02:00;;11/09/2026 20:02:00;;OUI;METRO
00000205Q1;BRETAGNE;FINISTERE;LANVEOC;48.28133611111111;-4.454711111111111;NE;HS;HS;OK;OK;HS;OK;INT;;17/09/2026 01:40:00;13/10/2026;;;OUI;METRO
00011119Q1;BRETAGNE;FINISTERE;PENMARCH;47.81316388888889;-4.345394444444445;NE;HS;HS;OK;OK;HS;OK;INT;;02/10/2026 15:26:00;10/10/2026;;;OUI;METRO
00034703Q1;BRETAGNE;FINISTERE;PLOUDALMEZEAU;48.55123611111111;-4.694286111111111;NE;HS;HS;OK;OK;HS;OK;INT;;11/09/2026 20:02:00;;;;OUI;METRO
00034716Q1;BRETAGNE;FINISTERE;PLOUIDER;48.603030555555556;-4.292058333333333;NE;HS;HS;HS;HS;HS;HS;INT;;09/10/2026 01:43:00;12/10/2026;09/10/2026 01:43:00;12/10/2026;OUI;METRO
00000002Q1;BRETAGNE;FINISTERE;PLOUNEOUR-MENEZ;48.413075;-3.8895555555555554;NE;OK;OK;OK;NE;OK;OK;INT;;;;;;OUI;METRO
00000033Q1;BRETAGNE;FINISTERE;PLOUNEVEZ-LOCHRIST;48.62020277777778;-4.219305555555556;NE;OK;OK;OK;OK;OK;OK;INT;;;;;;OUI;METRO
00031286Q1;BRETAGNE;FINISTERE;PLOUVIEN;48.539402777777774;-4.488102777777778;NE;HS;HS;NE;NE;HS;HS;INT;;30/05/2022 16:58:00;;30/05/2022 16:58:00;;OUI;METRO
00000290Q1;BRETAGNE;FINISTERE;PLUGUFFAN;47.95943888888889;-4.166366666666667;NE;OK;OK;OK;OK;OK;OK;INT;;;;;;OUI;METRO
00000227Q1;BRETAGNE;FINISTERE;QUIMPER;47.995958333333334;-4.109844444444444;NE;HS;HS;HS;NE;HS;HS;INT;;20/02/2026 10:21:00;;20/02/2026 10:21:00;;OUI;METRO
00012297Q1;BRETAGNE;FINISTERE;QUIMPERLE;47.88520555555556;-3.5605666666666664;NE;HS;HS;HS;NE;HS;HS;MAINT;;07/10/2026 07:52:00;09/10/2026;07/10/2026 07:52:00;09/10/2026;OUI;METRO
00016379Q1;BRETAGNE;FINISTERE;ROSCOFF;48.72062777777778;-3.9704333333333333;NE;HS;HS;NE;NE;HS;HS;INT;;05/03/2025 16:18:00;;05/03/2025 16:18:00;;OUI;METRO
00032456Q2;BRETAGNE;ILLE-ET-VILAINE;BRIELLES;48.015825;-1.1010527777777779;NE;HS;HS;HS;NE;HS;HS;INT;;28/07/2026 16:54:00;09/11/2026;28/07/2026 16:54:00;09/11/2026;OUI;METRO
00000049Q2;BRETAGNE;ILLE-ET-VILAINE;DOMLOUP;48.059016666666665;-1.5398138888888888;NE;HS;HS;HS;HS;HS;HS;INT;;17/07/2026 11:20:00;;17/07/2026 11:20:00;;OUI;METRO
00081747Q2;BRETAGNE;ILLE-ET-VILAINE;GOVEN;47.986894444444445;-1.8718138888888889;NE;NE;NE;HS;HS;OK;HS;INT;;;;30/09/2026 07:04:00;;OUI;METRO
00081757Q2;BRETAGNE;ILLE-ET-VILAINE;LA CHAPELLE-JANSON;48.340741666666666;-1.104552777777778;NE;HS;HS;HS;HS;HS;HS;INT;;30/09/2026 05:06:00;12/10/2026;30/09/2026 05:06:00;12/10/2026;OUI;METRO
00081924Q2;BRETAGNE;ILLE-ET-VILAINE;LA NOE-BLANCHE;47.80676666666666;-1.738475;NE;HS;HS;HS;HS;HS;HS;INT;;10/09/2026 06:03:00;09/11/2026;10/09/2026 06:03:00;09/11/2026;OUI;METRO
00013060Q2;BRETAGNE;ILLE-ET-VILAINE;PACE;48.148091666666666;-1.7620666666666667;NE;OK;OK;HS;HS;OK;DE;INT;;;;15/09/2026 13:38:00;12/10/2026;OUI;METRO
00030506Q2;BRETAGNE;ILLE-ET-VILAINE;RENNES;48.12003888888889;-1.682597222222222;NE;HS;HS;HS;HS;HS;HS;INT;;29/10/2025 17:34:00;;29/10/2025 17:34:00;;OUI;METRO
00004662Q2;BRETAGNE;ILLE-ET-VILAINE;RENNES;48.11474444444445;-1.699375;NE;NE;NE;HS;NE;OK;HS;MAINT;;;;08/10/2026 08:45:00;09/10/2026;OUI;METRO
00081720Q2;BRETAGNE;ILLE-ET-VILAINE;RENNES;48.10075555555556;-1.7045249999999998;NE;HS;HS;OK;OK;HS;OK;MAINT;;08/10/2026 09:11:00;;;;OUI;METRO
00001399Q2;BRETAGNE;ILLE-ET-VILAINE;ST-MALO;48.626575;-2.0027694444444446;NE;HS;HS;OK;OK;HS;OK;INT;;16/05/2025 20:00:00;;;;OUI;METRO
00000053Q2;BRETAGNE;ILLE-ET-VILAINE;ST-MALO;48.650733333333335;-2.0266611111111112;NE;HS;HS;OK;OK;HS;OK;INT;;29/08/2026 07:51:00;13/10/2026;;;OUI;METRO
00081944Q2;BRETAGNE;ILLE-ET-VILAINE;VERN-SUR-SEICHE;48.04418888888889;-1.6183583333333333;NE;HS;HS;HS;HS;HS;HS;INT;;29/08/2026 10:44:00;06/11/2026;29/08/2026 10:44:00;06/11/2026;OUI;METRO
00081975Q2;BRETAGNE;ILLE-ET-VILAINE;VITRE;48.11991944444444;-1.22805;NE;OK;OK;HS;NE;OK;DE;INT;;;;05/10/2026 12:06:00;16/10/2026;OUI;METRO
00000235Q1;BRETAGNE;MORBIHAN;DAMGAN;47.52744722222222;-2.5797888888888885;NE;HS;HS;HS;NE;HS;HS;INT;;01/10/2026 10:14:00;13/10/2026;01/10/2026 10:14:00;13/10/2026;OUI;METRO
00016146Q1;BRETAGNE;MORBIHAN;GOURIN;48.17388611111111;-3.6089444444444445;NE;HS;HS;OK;NE;HS;OK;INT;;09/10/2026 01:34:00;17/10/2026;;;OUI;METRO
00000150Q1;BRETAGNE;MORBIHAN;LOCMALO;48.07085;-3.206569444444445;NE;HS;HS;HS;NE;HS;HS;MAINT;;05/10/2026 12:08:00;09/10/2026;05/10/2026 12:08:00;09/10/2026;OUI;METRO
00000093Q1;BRETAGNE;MORBIHAN;MONTENEUF;47.87988611111111;-2.2088083333333337;NE;HS;HS;HS;NE;HS;HS;INT;;05/10/2026 10:46:00;15/10/2026;05/10/2026 10:46:00;15/10/2026;OUI;METRO
00001299Q2;BRETAGNE;MORBIHAN;PENESTIN;47.48372222222223;-2.472847222222222;NE;HS;HS;HS;NE;HS;HS;INT;;24/08/2026 16:36:00;06/11/2026;24/08/2026 16:36:00;06/11/2026;OUI;METRO
00034849Q1;BRETAGNE;MORBIHAN;PLOUGOUMELEN;47.64693888888889;-2.9109305555555554;NE;HS;HS;HS;NE;HS;HS;MAINT;;06/10/2026 08:49:00;;06/10/2026 08:49:00;;OUI;METRO
00003634Q1;BRETAGNE;MORBIHAN;RIANTEC;47.71553055555556;-3.316672222222222;NE;OK;OK;OK;HS;OK;DE;INT;;;;29/08/2026 10:48:00;13/10/2026;OUI;METRO
00012050Q1;BRETAGNE;MORBIHAN;SARZEAU;47.51656944444444;-2.688338888888889;NE;HS;HS;OK;OK;HS;OK;INT;;25/09/2026 13:16:00;;;;OUI;METRO
00000273Q1;BRETAGNE;MORBIHAN;SENE;47.642183333333335;-2.732513888888889;NE;OK;OK;OK;OK;OK;OK;INT;;;;;;OUI;METRO
00000342D1;CENTRE-VAL DE LOIRE;CHER;CHARENTON-DU-CHER;46.719997222222226;2.6830527777777777;OK;OK;OK;OK;HS;OK;DE;INT;;;;03/10/2026 13:40:00;11/10/2026;OUI;METRO
00000304N2;CENTRE-VAL DE LOIRE;CHER;CHATEAUMEILLANT;46.55098333333333;2.2063111111111113;HS;HS;HS;HS;NE;HS;HS;MAINT;;05/10/2026 16:44:00;;05/10/2026 16:44:00;;OUI;METRO
00035104N2;CENTRE-VAL DE LOIRE;CHER;LAPAN;46.925374999999995;2.302508333333333;NE;HS;HS;HS;HS;HS;HS;INT;;24/07/2026 21:45:00;21/10/2026;24/07/2026 21:45:00;21/10/2026;OUI;METRO
00019849N2;CENTRE-VAL DE LOIRE;CHER;VIERZON;47.23939444444444;2.0388083333333333;NE;OK;OK;OK;HS;OK;DE;INT;;;;31/03/2026 15:10:00;16/10/2026;OUI;METRO
00000269N2;CENTRE-VAL DE LOIRE;CHER;VIERZON;47.22278333333333;2.1079611111111114;HS;HS;HS;OK;OK;HS;OK;INT;;08/10/2026 00:10:00;11/10/2026;;;OUI;METRO
00000021N2;CENTRE-VAL DE LOIRE;EURE-ET-LOIR;ABONDANT;48.77381666666667;1.4366527777777778;OK;OK;OK;OK;HS;OK;DE;INT;;;;05/07/2026 02:52:00;30/10/2026;OUI;METRO
00034809N2;CENTRE-VAL DE LOIRE;EURE-ET-LOIR;BAILLEAU-L EVEQUE;48.48635;1.4057555555555554;NE;HS;HS;HS;NE;HS;HS;INT;;08/09/2026 08:59:00;22/10/2026;08/09/2026 08:59:00;22/10/2026;OUI;METRO
00000142N2;CENTRE-VAL DE LOIRE;EURE-ET-LOIR;BERCHERES-ST-GERMAIN;48.533405555555554;1.4562888888888887;OK;OK;OK;OK;HS;OK;DE;INT;;;;03/08/2026 20:56:00;;OUI;METRO
00001708N2;CENTRE-VAL DE LOIRE;EURE-ET-LOIR;CHARTRES;48.44817222222222;1.5078222222222222;HS;HS;HS;HS;NE;HS;HS;INT;;02/10/2026 10:09:00;10/10/2026;02/10/2026 10:09:00;10/10/2026;OUI;METRO
00000201N2;CENTRE-VAL DE LOIRE;EURE-ET-LOIR;CHARTRES;48.44321111111111;1.4803611111111112;HS;HS;HS;HS;HS;HS;HS;INT;;12/08/2026 16:30:00;16/10/2026;12/08/2026 16:30:00;16/10/2026;OUI;METRO
00028323N2;CENTRE-VAL DE LOIRE;EURE-ET-LOIR;CHARTRES;48.445927777777776;1.4831805555555557;HS;HS;HS;HS;NE;HS;HS;MAINT;;05/10/2026 10:10:00;09/10/2026;05/10/2026 10:10:00;09/10/2026;OUI;METRO
00034878R1;CENTRE-VAL DE LOIRE;EURE-ET-LOIR;DAMPIERRE-SUR-AVRE;48.77041111111111;1.1475777777777778;NE;HS;HS;HS;NE;HS;HS;INT;;13/09/2026 23:54:00;16/10/2026;13/09/2026 23:54:00;16/10/2026;OUI;METRO
00034848N2;CENTRE-VAL DE LOIRE;EURE-ET-LOIR;FRANCOURVILLE;48.4053;1.6564305555555554;NE;HS;HS;HS;NE;HS;HS;INT;;08/10/2026 14:42:00;11/10/2026;08/10/2026 14:42:00;11/10/2026;OUI;METRO
00006907N2;CENTRE-VAL DE LOIRE;EURE-ET-LOIR;GOUSSAINVILLE;48.77509722222222;1.5421916666666666;OK;OK;OK;HS;HS;OK;DE;INT;;;;04/10/2026 01:16:00;14/10/2026;OUI;METRO
00000027N2;CENTRE-VAL DE LOIRE;EURE-ET-LOIR;LES VILLAGES VOVEENS;48.27213333333333;1.6233277777777777;OK;OK;OK;OK;OK;OK;OK;INT;;;;;;OUI;METRO
00002831N2;CENTRE-VAL DE LOIRE;EURE-ET-LOIR;SANTEUIL;48.376491666666666;1.7369694444444446;OK;OK;OK;OK;HS;OK;DE;INT;;;;27/09/2026 16:14:00;15/10/2026;OUI;METRO
00034951N2;CENTRE-VAL DE LOIRE;EURE-ET-LOIR;ST-LEGER-DES-AUBEES;48.40348888888889;1.7418305555555555;NE;HS;HS;HS;NE;HS;HS;INT;;08/10/2026 22:39:00;12/10/2026;08/10/2026 22:39:00;12/10/2026;OUI;METRO
00000120N1;CENTRE-VAL DE LOIRE;INDRE;ARDENTES;46.742925;1.8409111111111112;HS;HS;HS;OK;OK;HS;OK;INT;;10/08/2026 15:40:00;15/10/2026;;;OUI;METRO
00081701N1;CENTRE-VAL DE LOIRE;INDRE;HEUGNES;47.01865;1.3625555555555557;NE;HS;HS;HS;NE;HS;HS;INT;;04/04/2024 00:58:00;;04/04/2024 00:58:00;;NON;METRO
00000016N1;CENTRE-VAL DE LOIRE;INDRE;PARNAC;46.42516666666666;1.4477666666666666;OK;OK;OK;OK;NE;OK;OK;INT;;;;;;OUI;METRO
00000052N1;CENTRE-VAL DE LOIRE;INDRE-ET-LOIRE;AUZOUER-EN-TOURAINE;47.536005555555555;0.9617611111111111;HS;HS;HS;HS;NE;HS;HS;INT;;11/08/2026 04:45:00;09/11/2026;11/08/2026 04:45:00;09/11/2026;OUI;METRO
00022496N1;CENTRE-VAL DE LOIRE;INDRE-ET-LOIRE;BALLAN-MIRE;47.31531388888889;0.6020472222222222;HS;HS;HS;HS;HS;HS;HS;INT;;05/10/2026 10:03:00;12/10/2026;05/10/2026 10:03:00;12/10/2026;OUI;METRO
00081509N1;CENTRE-VAL DE LOIRE;INDRE-ET-LOIRE;BEAUMONT-EN-VERON;47.20363888888889;0.19686666666666666;NE;NE;NE;HS;HS;OK;HS;INT;;;;27/09/2026 22:20:00;19/10/2026;OUI;METRO
00025143N1;CENTRE-VAL DE LOIRE;INDRE-ET-LOIRE;CERE-LA-RONDE;47.26233055555556;1.1741722222222224;HS;NE;NE;NE;NE;HS;OK;INT;;09/08/2026 20:33:00;06/11/2026;;;OUI;METRO
00014626N1;CENTRE-VAL DE LOIRE;INDRE-ET-LOIRE;CHANCAY;47.45804722222223;0.9025305555555556;HS;HS;HS;HS;NE;HS;HS;INT;;03/10/2026 22:27:00;14/10/2026;03/10/2026 22:27:00;14/10/2026;OUI;METRO
00081507N1;CENTRE-VAL DE LOIRE;INDRE-ET-LOIRE;CHANNAY-SUR-LATHAN;47.480472222222225;0.27179166666666665;NE;HS;HS;HS;NE;HS;HS;INT;;08/10/2026 23:16:00;12/10/2026;08/10/2026 23:16:00;12/10/2026;OUI;METRO
00016404N1;CENTRE-VAL DE LOIRE;INDRE-ET-LOIRE;LIGRE;47.09521388888889;0.2626;OK;OK;OK;OK;OK;OK;OK;INT;;;;;;OUI;METRO
00014625N1;CENTRE-VAL DE LOIRE;INDRE-ET-LOIRE;MONTREUIL-EN-TOURAINE;47.50010833333333;0.9464666666666667;HS;HS;HS;OK;NE;HS;OK;INT;;02/09/2026 06:34:00;;;;OUI;METRO
00019786N1;CENTRE-VAL DE LOIRE;INDRE-ET-LOIRE;REUGNY;47.491569444444444;0.8255166666666667;HS;HS;HS;HS;NE;HS;HS;INT;;03/10/2026 22:27:00;14/10/2026;03/10/2026 22:27:00;14/10/2026;OUI;METRO
00000219N1;CENTRE-VAL DE LOIRE;INDRE-ET-LOIRE;ST-AVERTIN;47.37137222222222;0.7163499999999999;HS;HS;HS;HS;HS;HS;HS;INT;;14/08/2026 07:53:00;;14/08/2026 07:53:00;;OUI;METRO
00000231N1;CENTRE-VAL DE LOIRE;INDRE-ET-LOIRE;TOURS;47.389313888888886;0.6947666666666666;NE;NE;NE;HS;HS;OK;HS;INT;;;;09/08/2026 11:39:00;12/10/2026;OUI;METRO
00000060N1;CENTRE-VAL DE LOIRE;INDRE-ET-LOIRE;TOURS;47.39026666666667;0.6865083333333334;NE;NE;NE;HS;NE;OK;HS;INT;;;;23/09/2026 09:19:00;15/10/2026;OUI;METRO
00081574N1;CENTRE-VAL DE LOIRE;INDRE-ET-LOIRE;VILLEDOMER;47.54937777777778;0.8767722222222223;NE;HS;HS;OK;NE;HS;OK;INT;;27/07/2026 10:19:00;;;;OUI;METRO
00033600N1;CENTRE-VAL DE LOIRE;LOIR-ET-CHER;BLOIS;47.58032222222223;1.3450416666666667;NE;OK;OK;HS;NE;OK;DE;INT;;;;05/10/2026 07:23:00;15/10/2026;OUI;METRO
00000239N1;CENTRE-VAL DE LOIRE;LOIR-ET-CHER;BLOIS;47.59173888888889;1.33285;OK;OK;OK;OK;NE;OK;OK;INT;;;;;;OUI;METRO
00000207N1;CENTRE-VAL DE LOIRE;LOIR-ET-CHER;CHEMERY;47.34054444444445;1.4763333333333335;HS;HS;HS;HS;HS;HS;HS;INT;;27/06/2024 10:38:00;;27/06/2024 10:38:00;;OUI;METRO
00081468N1;CENTRE-VAL DE LOIRE;LOIR-ET-CHER;CORMERAY;47.49743888888889;1.404697222222222;NE;HS;HS;OK;OK;HS;OK;INT;;08/10/2026 20:43:00;16/10/2026;;;OUI;METRO
00000001N1;CENTRE-VAL DE LOIRE;LOIR-ET-CHER;HERBAULT;47.59925277777778;1.1340833333333333;HS;HS;HS;HS;HS;HS;HS;INT;;19/06/2026 19:18:00;;19/06/2026 19:18:00;;OUI;METRO
00000018N1;CENTRE-VAL DE LOIRE;LOIR-ET-CHER;LAMOTTE-BEUVRON;47.61364722222223;2.0516055555555552;HS;HS;HS;HS;HS;HS;HS;INT;;12/03/2026 11:24:00;24/11/2026;12/03/2026 11:24:00;24/11/2026;OUI;METRO
00017490N2;CENTRE-VAL DE LOIRE;LOIR-ET-CHER;LE POISLAY;48.07512777777778;1.0849027777777778;HS;HS;HS;HS;NE;HS;HS;MAINT;;06/10/2026 10:42:00;;06/10/2026 10:42:00;;OUI;METRO
00000027N1;CENTRE-VAL DE LOIRE;LOIR-ET-CHER;ST-GEORGES-SUR-CHER;47.298602777777774;1.1318583333333334;HS;HS;HS;HS;HS;HS;HS;INT;;09/08/2026 20:33:00;06/11/2026;09/08/2026 20:33:00;06/11/2026;OUI;METRO
00017393N2;CENTRE-VAL DE LOIRE;LOIRET;ARDON;47.79247222222222;1.9241166666666665;HS;HS;HS;HS;NE;HS;HS;INT;;25/09/2026 08:21:00;13/10/2026;25/09/2026 08:21:00;13/10/2026;OUI;METRO
00000132N2;CENTRE-VAL DE LOIRE;LOIRET;ARDON;47.76224444444444;1.8523222222222222;HS;HS;HS;HS;NE;HS;HS;INT;;01/06/2026 14:05:00;02/11/2026;01/06/2026 14:05:00;02/11/2026;OUI;METRO
00033914N2;CENTRE-VAL DE LOIRE;LOIRET;BONDAROY;48.17808333333333;2.2769694444444446;OK;OK;OK;HS;HS;OK;DE;INT;;;;18/09/2026 09:01:00;13/10/2026;OUI;METRO
00000189N2;CENTRE-VAL DE LOIRE;LOIRET;CHATILLON-SUR-LOIRE;47.58464166666667;2.7434611111111114;HS;HS;HS;HS;NE;HS;HS;INT;;08/10/2026 17:47:00;12/10/2026;08/10/2026 17:47:00;12/10/2026;OUI;METRO
00004591N2;CENTRE-VAL DE LOIRE;LOIRET;CHECY;47.91377222222222;2.0178916666666664;NE;HS;HS;HS;NE;HS;HS;MAINT;;08/10/2026 23:30:00;09/10/2026;08/10/2026 23:30:00;09/10/2026;OUI;METRO
00000039N2;CENTRE-VAL DE LOIRE;LOIRET;CHECY;47.90333888888889;2.0012222222222222;HS;HS;HS;HS;HS;HS;HS;MAINT;;08/10/2026 23:30:00;09/10/2026;08/10/2026 23:30:00;09/10/2026;OUI;METRO
00032791N2;CENTRE-VAL DE LOIRE;LOIRET;CHECY;47.897866666666665;2.0403055555555554;HS;HS;HS;HS;HS;HS;HS;MAINT;;08/10/2026 23:30:00;09/10/2026;08/10/2026 23:30:00;09/10/2026;OUI;METRO
00010692N2;CENTRE-VAL DE LOIRE;LOIRET;GIEN;47.69766111111111;2.6194916666666668;HS;HS;HS;HS;HS;HS;HS;INT;;31/08/2026 15:28:00;;31/08/2026 15:28:00;;OUI;METRO
00028494N2;CENTRE-VAL DE LOIRE;LOIRET;MARCILLY-EN-VILLETTE;47.767202777777776;2.0342499999999997;HS;HS;HS;HS;HS;HS;HS;INT;;03/09/2026 08:45:00;;03/09/2026 08:45:00;;OUI;METRO
00007823N2;CENTRE-VAL DE LOIRE;LOIRET;MARDIE;47.89104722222222;2.064761111111111;HS;HS;HS;HS;HS;HS;HS;MAINT;;08/10/2026 23:30:00;09/10/2026;08/10/2026 23:30:00;09/10/2026;OUI;METRO
00034760N2;CENTRE-VAL DE LOIRE;LOIRET;NEUVY-EN-SULLIAS;47.79174166666667;2.242202777777778;NE;HS;HS;HS;HS;HS;HS;INT;;01/10/2026 12:01:00;12/10/2026;01/10/2026 12:01:00;12/10/2026;OUI;METRO
00000131N2;CENTRE-VAL DE LOIRE;LOIRET;OLIVET;47.872705555555555;1.9053777777777776;OK;OK;OK;HS;HS;OK;DE;INT;;;;12/07/2026 16:27:00;06/11/2026;OUI;METRO
00000196N2;CENTRE-VAL DE LOIRE;LOIRET;ORLEANS;47.90082222222222;1.9185888888888887;HS;HS;HS;HS;HS;HS;HS;MAINT;;08/10/2026 23:30:00;09/10/2026;08/10/2026 23:30:00;09/10/2026;OUI;METRO
00015787N2;CENTRE-VAL DE LOIRE;LOIRET;ORLEANS;47.9004;1.9134166666666665;NE;HS;HS;HS;NE;HS;HS;INT;;14/09/2026 15:37:00;16/10/2026;14/09/2026 15:37:00;16/10/2026;OUI;METRO
00018203N2;CENTRE-VAL DE LOIRE;LOIRET;PITHIVIERS;48.18188333333333;2.2429361111111112;NE;HS;HS;HS;HS;HS;HS;INT;;20/08/2026 16:36:00;06/11/2026;20/08/2026 16:36:00;06/11/2026;OUI;METRO
00009040N2;CENTRE-VAL DE LOIRE;LOIRET;SARAN;47.96301944444445;1.889375;OK;OK;OK;OK;NE;OK;OK;INT;;;;;;OUI;METRO
00004641N2;CENTRE-VAL DE LOIRE;LOIRET;ST-JEAN-DE-BRAYE;47.90750555555555;1.95255;HS;HS;HS;HS;HS;HS;HS;MAINT;;08/10/2026 23:30:00;09/10/2026;08/10/2026 23:30:00;09/10/2026;OUI;METRO
00000311N2;CENTRE-VAL DE LOIRE;LOIRET;ST-JEAN-DE-LA-RUELLE;47.92134722222222;1.8762138888888888;OK;OK;OK;OK;NE;OK;OK;INT;;;;;;OUI;METRO
00000134V1;CORSE;CORSE-DU-SUD;AJACCIO;41.93499722222222;8.755275;NE;HS;HS;HS;HS;HS;HS;INT;;08/10/2026 23:31:00;12/10/2026;08/10/2026 23:31:00;12/10/2026;OUI;METRO
00034698V1;CORSE;CORSE-DU-SUD;AZILONE-AMPAZA;41.864125;9.016825;NE;HS;HS;HS;NE;HS;HS;INT;;08/10/2026 05:09:00;11/10/2026;08/10/2026 05:09:00;11/10/2026;OUI;METRO
00000027V1;CORSE;CORSE-DU-SUD;BONIFACIO;41.387855555555554;9.160591666666667;NE;HS;HS;OK;OK;HS;OK;INT;;06/09/2026 13:34:00;02/11/2026;;;OUI;METRO
00034841V1;CORSE;CORSE-DU-SUD;ECCICA SUARELLA;41.92406111111111;8.861913888888889;NE;HS;HS;OK;NE;HS;OK;INT;;18/11/2025 11:57:00;;;;NON;METRO
00034774V1;CORSE;CORSE-DU-SUD;FIGARI;41.48110833333334;9.157775;NE;HS;HS;HS;NE;HS;HS;INT;;04/10/2026 04:31:00;12/10/2026;04/10/2026 04:31:00;12/10/2026;NON;METRO
00006973V1;CORSE;CORSE-DU-SUD;PORTO-VECCHIO;41.54595833333333;9.295094444444445;NE;HS;HS;OK;OK;HS;OK;INT;;05/08/2026 08:36:00;;;;OUI;METRO
00007793V1;CORSE;CORSE-DU-SUD;SARTENE;41.540619444444445;8.85841111111111;NE;HS;HS;OK;OK;HS;OK;INT;;01/10/2024 12:06:00;;;;OUI;METRO
00000066V1;CORSE;CORSE-DU-SUD;SOTTA;41.50847777777778;9.23503611111111;NE;HS;HS;HS;HS;HS;HS;MAINT;;01/09/2026 10:41:31;;01/09/2026 10:41:31;;OUI;METRO
00000033V1;CORSE;CORSE-DU-SUD;VICO;42.116013888888894;8.677477777777778;NE;HS;HS;HS;HS;HS;HS;INT;;08/10/2026 12:54:00;11/10/2026;08/10/2026 12:54:00;11/10/2026;OUI;METRO
00000124V1;CORSE;CORSE-DU-SUD;VICO;42.177280555555555;8.793208333333332;NE;HS;HS;HS;HS;HS;HS;INT;;08/10/2026 08:27:00;11/10/2026;08/10/2026 08:27:00;11/10/2026;OUI;METRO
00007260V1;CORSE;CORSE-DU-SUD;ZERUBIA;41.76341388888889;9.0428;NE;HS;HS;HS;NE;HS;HS;INT;;07/10/2026 19:10:00;10/10/2026;07/10/2026 19:10:00;10/10/2026;OUI;METRO
00005403V1;CORSE;HAUTE-CORSE;ASCO;42.45449166666667;9.034083333333333;NE;NE;NE;OK;NE;OK;OK;INT;;;;;;OUI;METRO
00020487V1;CORSE;HAUTE-CORSE;BRANDO;42.78727222222222;9.466894444444444;NE;HS;HS;HS;HS;HS;HS;INT;;08/10/2026 12:55:00;11/10/2026;08/10/2026 12:55:00;11/10/2026;OUI;METRO
00007178V1;CORSE;HAUTE-CORSE;CAGNANO;42.87159166666667;9.477763888888889;HS;NE;NE;NE;NE;HS;OK;INT;;01/10/2025 09:22:00;;;;OUI;METRO
00000171V1;CORSE;HAUTE-CORSE;CALENZANA;42.513127777777775;8.69148888888889;NE;HS;HS;HS;NE;HS;HS;INT;;07/10/2026 17:31:00;10/10/2026;07/10/2026 17:31:00;10/10/2026;OUI;METRO
00034677V1;CORSE;HAUTE-CORSE;CHIATRA;42.28868055555555;9.466225;NE;HS;HS;HS;NE;HS;HS;INT;;07/10/2026 19:57:00;10/10/2026;07/10/2026 19:57:00;10/10/2026;OUI;METRO
00034709V1;CORSE;HAUTE-CORSE;CORTE;42.229622222222226;9.030994444444445;NE;HS;HS;HS;NE;HS;HS;INT;;04/08/2026 20:21:00;;04/08/2026 20:21:00;;NON;METRO
00020970V1;CORSE;HAUTE-CORSE;LAVATOGGIO;42.56560555555555;8.870619444444445;NE;HS;HS;HS;NE;HS;HS;INT;;08/10/2026 09:22:00;11/10/2026;08/10/2026 09:22:00;11/10/2026;OUI;METRO
00000041V1;CORSE;HAUTE-CORSE;PALASCA;42.64873055555555;9.028991666666668;NE;OK;OK;OK;NE;OK;OK;INT;;;;;;OUI;METRO
00034745V1;CORSE;HAUTE-CORSE;POLVEROSO;42.39714444444444;9.369230555555555;NE;HS;HS;HS;NE;HS;HS;INT;;07/10/2026 20:08:00;10/10/2026;07/10/2026 20:08:00;10/10/2026;OUI;METRO
00000083C1;GRAND EST;ARDENNES;L ECAILLE;49.397594444444444;4.209433333333333;HS;HS;HS;HS;NE;HS;HS;INT;;02/10/2026 23:41:00;12/10/2026;02/10/2026 23:41:00;12/10/2026;OUI;METRO
00002679C1;GRAND EST;ARDENNES;LE CHATELET-SUR-RETOURNE;49.42557222222222;4.303233333333333;OK;OK;OK;OK;HS;OK;DE;INT;;;;02/10/2026 23:30:02;11/10/2026;OUI;METRO
00015785C1;GRAND EST;AUBE;BAR-SUR-SEINE;48.10717777777778;4.386277777777778;OK;OK;OK;HS;HS;OK;DE;INT;;;;08/10/2026 03:00:03;10/10/2026;OUI;METRO
00000174C1;GRAND EST;AUBE;ESSOYES;48.06369722222222;4.5422722222222225;HS;OK;OK;OK;OK;OK;OK;INT;;;;;;OUI;METRO
00034944C1;GRAND EST;AUBE;PINEY;48.36723888888889;4.315511111111111;NE;OK;OK;OK;HS;OK;DE;INT;;;;21/08/2026 15:36:00;31/10/2026;OUI;METRO
00000301S1;GRAND EST;BAS-RHIN;ILLKIRCH-GRAFFENSTADEN;48.528302777777775;7.708991666666667;NE;HS;HS;HS;NE;HS;HS;MAINT;;08/10/2026 09:00:09;03/12/2026;08/10/2026 09:00:09;10/10/2026;OUI;METRO
00084131S1;GRAND EST;BAS-RHIN;ROSHEIM;48.487525;7.398466666666667;NE;HS;HS;HS;NE;HS;HS;INT;;07/09/2026 11:15:00;;07/09/2026 11:15:00;;NON;METRO
00083980S1;GRAND EST;HAUT-RHIN;HUNDSBACH;47.6083;7.338258333333333;NE;HS;HS;OK;NE;HS;OK;INT;;04/10/2026 12:27:00;12/10/2026;;;OUI;METRO
00025165S1;GRAND EST;HAUT-RHIN;ORBEY;48.136825;7.167311111111111;NE;HS;HS;HS;NE;HS;HS;MAINT;;06/10/2026 08:57:00;09/10/2026;06/10/2026 08:57:00;09/10/2026;OUI;METRO
00084330S1;GRAND EST;HAUT-RHIN;STORCKENSOHN;47.862205555555555;6.944047222222222;NE;HS;HS;HS;NE;HS;HS;INT;;06/10/2026 12:17:00;14/10/2026;06/10/2026 12:17:00;14/10/2026;NON;METRO
00084086S1;GRAND EST;HAUT-RHIN;STORCKENSOHN;47.88305;6.964158333333334;NE;HS;HS;HS;NE;HS;HS;INT;;11/05/2026 16:17:00;;11/05/2026 16:17:00;;NON;METRO
00013082C1;GRAND EST;HAUTE-MARNE;LIFFOL-LE-PETIT;48.2913;5.515969444444444;HS;HS;HS;HS;NE;HS;HS;INT;;30/09/2026 13:17:00;14/10/2026;30/09/2026 13:17:00;14/10/2026;OUI;METRO
00000014C1;GRAND EST;HAUTE-MARNE;ST-DIZIER;48.63655277777778;4.992022222222222;OK;OK;OK;OK;OK;OK;OK;INT;;;;;;OUI;METRO
00034781C1;GRAND EST;HAUTE-MARNE;VESVRES-SOUS-CHALANCEY;47.691805555555554;5.185319444444445;HS;HS;HS;HS;HS;HS;HS;INT;;18/09/2026 06:23:00;14/10/2026;18/09/2026 06:23:00;14/10/2026;OUI;METRO
00034780C1;GRAND EST;MARNE;FAUX-FRESNAY;48.64793611111111;3.9665361111111115;NE;HS;HS;HS;NE;HS;HS;INT;;06/04/2024 23:08:00;;06/04/2024 23:08:00;;NON;METRO
00000124C1;GRAND EST;MARNE;FLAVIGNY;48.97902777777778;4.071036111111111;HS;HS;HS;HS;NE;HS;HS;INT;;25/06/2025 08:53:00;31/10/2026;25/06/2025 08:53:00;31/10/2026;OUI;METRO
00027011C1;GRAND EST;MARNE;LA CROIX-EN-CHAMPAGNE;49.06193888888889;4.654719444444445;HS;HS;HS;HS;HS;HS;HS;INT;;08/10/2026 09:28:00;11/10/2026;08/10/2026 09:28:00;11/10/2026;OUI;METRO
00034386L1;GRAND EST;MEURTHE-ET-MOSELLE;BASLIEUX;49.44336111111111;5.738383333333333;NE;NE;NE;HS;NE;OK;HS;INT;;;;15/09/2026 21:24:00;14/10/2026;OUI;METRO
00000042L1;GRAND EST;MEURTHE-ET-MOSELLE;GOGNEY;48.61944166666667;6.88796111111111;NE;HS;HS;HS;NE;HS;HS;INT;;08/09/2026 09:10:00;19/10/2026;08/09/2026 09:10:00;19/10/2026;OUI;METRO
00006747L1;GRAND EST;MEURTHE-ET-MOSELLE;NANCY;48.67793888888889;6.202669444444445;NE;HS;HS;HS;HS;HS;HS;INT;;18/09/2026 14:59:00;15/10/2026;18/09/2026 14:59:00;15/10/2026;OUI;METRO
00000090L1;GRAND EST;MEUSE;AULNOIS-EN-PERTHOIS;48.64123055555555;5.121327777777777;NE;HS;HS;HS;NE;HS;HS;INT;;24/09/2026 21:40:00;26/10/2026;24/09/2026 21:40:00;26/10/2026;OUI;METRO
00011030L1;GRAND EST;MEUSE;CHONVILLE-MALAUMONT;48.779177777777775;5.490683333333333;HS;OK;OK;OK;NE;OK;OK;INT;;;;;;OUI;METRO
00010915L1;GRAND EST;MEUSE;COUVERTPUIS;48.59053333333333;5.3087277777777775;HS;OK;OK;OK;NE;OK;OK;INT;;;;;;OUI;METRO
00010912L1;GRAND EST;MEUSE;DELOUZE-ROSIERES;48.56818888888889;5.519525;HS;HS;HS;OK;NE;HS;OK;INT;;20/06/2026 11:41:00;16/10/2026;;;OUI;METRO
00014448L1;GRAND EST;MEUSE;LOISEY;48.76193888888889;5.292777777777777;HS;OK;OK;OK;NE;OK;OK;INT;;;;;;OUI;METRO
00007624L1;GRAND EST;MEUSE;MAULAN;48.661652777777775;5.256544444444445;NE;HS;HS;HS;NE;HS;HS;INT;;26/03/2024 09:56:00;;26/03/2024 09:56:00;;NON;METRO
00010916L1;GRAND EST;MEUSE;MONTIERS-SUR-SAULX;48.53564166666666;5.2653694444444445;HS;OK;OK;OK;NE;OK;OK;INT;;;;;;OUI;METRO
00013478L1;GRAND EST;MEUSE;RAMBLUZIN-ET-BENOITE-VAUX;48.970686111111114;5.364375;NE;HS;HS;OK;NE;HS;OK;INT;;25/07/2026 13:00:00;15/10/2026;;;OUI;METRO
00011063L1;GRAND EST;MEUSE;SEUIL-D ARGONNE;48.974325;5.051972222222222;HS;HS;HS;HS;NE;HS;HS;INT;;27/09/2026 16:36:00;16/10/2026;27/09/2026 16:36:00;16/10/2026;OUI;METRO
00000272L1;GRAND EST;MEUSE;VERDUN;49.152994444444445;5.378838888888889;NE;OK;OK;HS;NE;OK;DE;INT;;;;16/07/2026 15:10:00;05/11/2026;OUI;METRO
00022030L1;GRAND EST;MEUSE;VILLERS-LE-SEC;48.622275;5.290552777777777;HS;OK;OK;OK;NE;OK;OK;INT;;;;;;OUI;METRO
00034303L1;GRAND EST;MEUSE;VOID-VACON;48.692455555555554;5.621202777777778;NE;HS;HS;HS;NE;HS;HS;INT;;28/08/2026 12:15:00;30/10/2026;28/08/2026 12:15:00;30/10/2026;OUI;METRO
00081992L2;GRAND EST;MOSELLE;BIBICHE;49.33564444444445;6.473191666666667;NE;HS;HS;HS;NE;HS;HS;INT;;07/04/2024 15:26:00;;07/04/2024 15:26:00;;NON;METRO
00000026L2;GRAND EST;MOSELLE;CREUTZWALD;49.19503611111111;6.682141666666667;NE;HS;HS;HS;HS;HS;HS;INT;;08/10/2026 09:49:00;11/10/2026;08/10/2026 09:49:00;11/10/2026;OUI;METRO
00081945L2;GRAND EST;MOSELLE;HAUTE-KONTZ;49.448652777777774;6.314080555555555;NE;OK;OK;OK;NE;OK;OK;INT;;;;;;OUI;METRO
00000161L2;GRAND EST;MOSELLE;LENGELSHEIM;49.09845277777778;7.424658333333333;NE;HS;HS;HS;NE;HS;HS;INT;;01/10/2026 09:36:00;14/10/2026;01/10/2026 09:36:00;14/10/2026;OUI;METRO
00000200L2;GRAND EST;MOSELLE;METZ;49.14362222222222;6.167736111111111;NE;OK;OK;OK;HS;OK;DE;INT;;;;20/06/2026 14:01:00;30/10/2026;OUI;METRO
00000004L2;GRAND EST;MOSELLE;MONTIGNY-LES-METZ;49.09079722222222;6.1663194444444445;NE;HS;HS;OK;NE;HS;OK;INT;;11/05/2026 11:15:03;12/10/2026;;;OUI;METRO
00081955L2;GRAND EST;MOSELLE;VOELFLING-LES-BOUZONVILLE;49.29326666666667;6.602463888888889;NE;HS;HS;HS;HS;HS;HS;INT;;24/09/2026 09:11:00;16/11/2026;24/09/2026 09:11:00;16/11/2026;OUI;METRO
00020310L1;GRAND EST;VOSGES;FAUCOMPIERRE;48.14221666666666;6.667777777777778;NE;HS;HS;HS;NE;HS;HS;INT;;22/09/2026 17:05:00;;22/09/2026 17:05:00;;NON;METRO
00000043A1;HAUTS-DE-FRANCE;AISNE;BILLY-SUR-OURCQ;49.22073888888889;3.327538888888889;HS;OK;OK;OK;NE;OK;OK;INT;;;;;;OUI;METRO
00000079A1;HAUTS-DE-FRANCE;AISNE;FLEURY;49.27719722222222;3.1576305555555555;NE;HS;HS;HS;HS;HS;HS;INT;;08/10/2026 04:27:00;11/10/2026;08/10/2026 04:27:00;11/10/2026;OUI;METRO
00019403A1;HAUTS-DE-FRANCE;AISNE;LAON;49.56281111111111;3.6229222222222224;NE;HS;HS;NE;NE;HS;HS;INT;;07/10/2026 05:08:00;15/10/2026;07/10/2026 05:08:00;15/10/2026;OUI;METRO
00035153A1;HAUTS-DE-FRANCE;AISNE;LONGPONT;49.276916666666665;3.223525;NE;HS;HS;HS;NE;HS;HS;INT;;28/12/2024 08:20:00;;28/12/2024 08:20:00;;NON;METRO
00016394A1;HAUTS-DE-FRANCE;AISNE;ST-QUENTIN;49.836083333333335;3.318322222222222;OK;OK;OK;HS;NE;OK;DE;INT;;;;26/06/2026 08:06:00;31/10/2026;OUI;METRO
00034850A1;HAUTS-DE-FRANCE;AISNE;VENDHUILE;50.01482222222222;3.217163888888889;NE;HS;HS;HS;NE;HS;HS;INT;;30/09/2026 16:10:00;12/10/2026;30/09/2026 16:10:00;12/10/2026;OUI;METRO
00004564F3;HAUTS-DE-FRANCE;NORD;BOUSIES;50.14937222222222;3.61885;HS;HS;HS;HS;NE;HS;HS;MAINT;;05/10/2026 11:39:04;31/12/2026;05/10/2026 11:39:04;31/12/2026;OUI;METRO
00004565F3;HAUTS-DE-FRANCE;NORD;CAMBRAI;50.17101944444444;3.245086111111111;HS;HS;HS;OK;OK;HS;OK;INT;;29/09/2026 10:52:00;;;;OUI;METRO
00012141F4;HAUTS-DE-FRANCE;NORD;CROIX;50.67354722222222;3.1661055555555553;NE;NE;NE;NE;NE;OK;OK;INT;;;;;;OUI;METRO
00024387F3;HAUTS-DE-FRANCE;NORD;DOUAI;50.362808333333334;3.0606916666666666;NE;HS;HS;HS;HS;HS;HS;MAINT;;28/09/2026 09:09:00;23/10/2026;28/09/2026 09:09:00;23/10/2026;OUI;METRO
00008116F4;HAUTS-DE-FRANCE;NORD;DUNKERQUE;51.00572777777778;2.3438611111111114;OK;OK;OK;HS;HS;OK;DE;INT;;;;13/08/2026 13:21:00;30/10/2026;OUI;METRO
00006943F4;HAUTS-DE-FRANCE;NORD;DUNKERQUE;51.018188888888886;2.3241777777777775;NE;NE;NE;HS;HS;OK;HS;INT;;;;27/06/2026 07:53:00;30/10/2026;OUI;METRO
00006958F4;HAUTS-DE-FRANCE;NORD;GRAVELINES;50.993741666666665;2.1419916666666667;NE;HS;HS;HS;HS;HS;HS;INT;;21/09/2026 10:31:00;17/10/2026;21/09/2026 10:31:00;17/10/2026;OUI;METRO
00025230F4;HAUTS-DE-FRANCE;NORD;HALLUIN;50.77084166666666;3.1283194444444447;NE;HS;HS;OK;OK;HS;OK;INT;;19/06/2026 20:12:00;;;;OUI;METRO
00034078F3;HAUTS-DE-FRANCE;NORD;HAULCHIN;50.32125833333334;3.4267138888888886;HS;HS;HS;HS;HS;HS;HS;INT;;02/10/2026 11:48:00;14/10/2026;02/10/2026 11:48:00;14/10/2026;OUI;METRO
00000006F3;HAUTS-DE-FRANCE;NORD;LE CATEAU-CAMBRESIS;50.10936388888889;3.5592083333333333;OK;OK;OK;OK;OK;OK;OK;INT;;;;;;OUI;METRO
00013994F4;HAUTS-DE-FRANCE;NORD;LEERS;50.67998333333333;3.248377777777778;NE;HS;HS;HS;HS;HS;HS;INT;;08/10/2026 09:17:00;11/10/2026;08/10/2026 09:17:00;11/10/2026;OUI;METRO
00082350F4;HAUTS-DE-FRANCE;NORD;LEZENNES;50.616475;3.121211111111111;NE;NE;NE;HS;NE;OK;HS;INT;;;;02/10/2026 10:14:00;14/10/2026;OUI;METRO
00027095F4;HAUTS-DE-FRANCE;NORD;LILLE;50.63045833333334;3.1027416666666667;NE;HS;HS;HS;HS;HS;HS;INT;;07/10/2026 14:43:00;10/10/2026;07/10/2026 14:43:00;10/10/2026;OUI;METRO
00000061F4;HAUTS-DE-FRANCE;NORD;LILLE;50.620241666666665;3.0594805555555555;OK;OK;OK;OK;OK;OK;OK;INT;;;;;;OUI;METRO
00000056F4;HAUTS-DE-FRANCE;NORD;LILLE;50.619622222222226;3.034711111111111;HS;HS;HS;HS;HS;HS;HS;INT;;08/07/2026 10:39:00;14/10/2026;08/07/2026 10:39:00;14/10/2026;OUI;METRO
00000108F4;HAUTS-DE-FRANCE;NORD;LILLE;50.63270555555555;3.077063888888889;HS;HS;HS;HS;NE;HS;HS;MAINT;;06/08/2026 12:04:07;31/12/2026;06/08/2026 12:04:07;31/12/2026;OUI;METRO
00019376F4;HAUTS-DE-FRANCE;NORD;STEENWERCK;50.690305555555554;2.764211111111111;NE;OK;OK;OK;NE;OK;OK;INT;;;;;;OUI;METRO
00004309F4;HAUTS-DE-FRANCE;NORD;TOURCOING;50.72880833333333;3.129008333333333;OK;OK;OK;OK;HS;OK;DE;INT;;;;19/06/2026 14:00:07;;OUI;METRO
00027736F3;HAUTS-DE-FRANCE;NORD;VALENCIENNES;50.358422222222224;3.5234972222222223;NE;OK;OK;HS;NE;OK;DE;INT;;;;05/10/2026 14:12:00;12/10/2026;OUI;METRO
00000054F3;HAUTS-DE-FRANCE;NORD;VALENCIENNES;50.359572222222226;3.51675;HS;HS;HS;HS;HS;HS;HS;INT;;06/10/2026 19:38:00;14/10/2026;06/10/2026 19:38:00;14/10/2026;OUI;METRO
00000079F3;HAUTS-DE-FRANCE;NORD;VALENCIENNES;50.35743611111111;3.5244138888888887;HS;HS;HS;HS;HS;HS;HS;INT;;05/10/2026 14:12:00;12/10/2026;05/10/2026 14:12:00;12/10/2026;OUI;METRO
00017805A1;HAUTS-DE-FRANCE;OISE;CHANTILLY;49.19352222222222;2.4856555555555557;HS;HS;HS;OK;NE;HS;OK;INT;;13/06/2026 16:21:00;;;;OUI;METRO
00032642A1;HAUTS-DE-FRANCE;OISE;FEUQUIERES;49.65394166666667;1.8339444444444446;NE;HS;HS;NE;NE;HS;HS;INT;;14/09/2026 22:14:00;09/10/2026;14/09/2026 22:14:00;09/10/2026;OUI;METRO
00035049A1;HAUTS-DE-FRANCE;OISE;LAVERSINES;49.431952777777774;2.2062333333333335;NE;HS;HS;HS;NE;HS;HS;INT;;28/03/2024 16:55:00;;28/03/2024 16:55:00;;NON;METRO
00035270A1;HAUTS-DE-FRANCE;OISE;MONTEPILLOY;49.20793888888889;2.695425;NE;HS;HS;HS;NE;HS;HS;INT;;11/08/2026 08:00:00;;11/08/2026 08:00:00;;NON;METRO
00035062A1;HAUTS-DE-FRANCE;OISE;ROMESCAMPS;49.71835;1.8253166666666667;NE;NE;NE;HS;NE;OK;HS;INT;;;;01/09/2026 01:30:05;09/10/2026;OUI;METRO
00003384A1;HAUTS-DE-FRANCE;OISE;THOUROTTE;49.48758333333333;2.8818111111111113;OK;OK;OK;OK;OK;OK;OK;INT;;;;;;OUI;METRO
00000051F5;HAUTS-DE-FRANCE;PAS-DE-CALAIS;BAVINCOURT;50.21131944444445;2.553472222222222;OK;OK;OK;OK;OK;OK;OK;INT;;;;;;OUI;METRO
00017193F5;HAUTS-DE-FRANCE;PAS-DE-CALAIS;CALAIS;50.96460555555556;1.8844833333333333;NE;NE;NE;HS;HS;OK;HS;INT;;;;30/07/2026 20:13:00;26/10/2026;OUI;METRO
00034948F5;HAUTS-DE-FRANCE;PAS-DE-CALAIS;CALAIS;50.976080555555555;1.879436111111111;NE;OK;OK;HS;NE;OK;DE;INT;;;;30/07/2026 20:13:00;26/10/2026;OUI;METRO
00024366F5;HAUTS-DE-FRANCE;PAS-DE-CALAIS;FOUQUIERES-LES-LENS;50.42809444444444;2.913597222222222;NE;OK;OK;HS;HS;OK;DE;INT;;;;07/10/2026 05:57:00;15/10/2026;OUI;METRO
00016726F5;HAUTS-DE-FRANCE;PAS-DE-CALAIS;ST-MARTIN-BOULOGNE;50.73054722222222;1.6819416666666664;NE;HS;HS;HS;NE;HS;HS;INT;;11/09/2026 09:10:00;27/11/2026;11/09/2026 09:10:00;27/11/2026;OUI;METRO
00034761A1;HAUTS-DE-FRANCE;SOMME;BUSSY-LES-POIX;49.81845555555556;2.0229416666666666;HS;HS;HS;HS;NE;HS;HS;INT;;03/09/2026 22:55:00;30/10/2026;03/09/2026 22:55:00;30/10/2026;OUI;METRO
00034709A1;HAUTS-DE-FRANCE;SOMME;ERONDELLE;50.04965555555555;1.8710666666666667;NE;NE;NE;HS;HS;OK;HS;INT;;;;25/09/2026 16:02:00;12/10/2026;OUI;METRO
00027505A1;HAUTS-DE-FRANCE;SOMME;ST-SAUVEUR;49.941975;2.213025;HS;HS;HS;HS;NE;HS;HS;MAINT;;05/10/2026 14:41:00;31/12/2026;05/10/2026 14:41:00;31/12/2026;OUI;METRO
00000079W2;ILE-DE-FRANCE;ESSONNE;CORBEIL-ESSONNES;48.59786944444445;2.474475;NE;HS;HS;OK;OK;HS;OK;INT;;06/05/2026 13:15:00;30/11/2026;;;OUI;METRO
00083234W2;ILE-DE-FRANCE;ESSONNE;GRIGNY;48.65836111111111;2.3890861111111112;NE;HS;HS;HS;HS;HS;HS;INT;;06/10/2026 21:30:05;10/10/2026;06/10/2026 21:30:05;10/10/2026;OUI;METRO
00083279W2;ILE-DE-FRANCE;ESSONNE;LIMOURS;48.64853611111111;2.095988888888889;NE;HS;HS;OK;OK;HS;OK;MAINT;;12/08/2026 11:30:03;23/10/2026;;;OUI;METRO
00012321W2;ILE-DE-FRANCE;ESSONNE;MASSY;48.731611111111114;2.2894277777777776;NE;HS;HS;HS;HS;HS;HS;INT;;05/10/2026 14:45:00;;05/10/2026 14:45:00;;OUI;METRO
00000149W2;ILE-DE-FRANCE;ESSONNE;RIS-ORANGIS;48.652;2.3985083333333335;NE;HS;HS;HS;HS;HS;HS;INT;;06/10/2026 21:30:05;10/10/2026;06/10/2026 21:30:05;10/10/2026;OUI;METRO
00000472U1;ILE-DE-FRANCE;HAUTS-DE-SEINE;ASNIERES-SUR-SEINE;48.91190833333333;2.2815583333333334;HS;HS;HS;HS;HS;HS;HS;MAINT;;07/10/2026 10:25:00;09/10/2026;07/10/2026 10:25:00;09/10/2026;OUI;METRO
00009022U1;ILE-DE-FRANCE;HAUTS-DE-SEINE;COURBEVOIE;48.891016666666665;2.2434166666666666;NE;OK;OK;OK;HS;OK;DE;INT;;;;04/06/2026 12:00:07;;OUI;METRO
00000447U1;ILE-DE-FRANCE;HAUTS-DE-SEINE;LA GARENNE-COLOMBES;48.907780555555554;2.2465916666666668;HS;HS;HS;OK;NE;HS;OK;INT;;17/06/2026 19:13:00;30/10/2026;;;OUI;METRO
00000190U1;ILE-DE-FRANCE;HAUTS-DE-SEINE;LEVALLOIS PERRET;48.893813888888886;2.296419444444444;HS;HS;HS;HS;HS;HS;HS;INT;;05/10/2026 11:11:00;;05/10/2026 11:11:00;;OUI;METRO
00003665U1;ILE-DE-FRANCE;HAUTS-DE-SEINE;PUTEAUX;48.88805555555555;2.249897222222222;NE;HS;HS;HS;NE;HS;HS;INT;;11/06/2026 06:45:00;30/10/2026;11/06/2026 06:45:00;30/10/2026;OUI;METRO
00003663U1;ILE-DE-FRANCE;HAUTS-DE-SEINE;PUTEAUX;48.88742777777778;2.2503055555555553;NE;NE;NE;HS;NE;OK;HS;INT;;;;11/06/2026 07:00:00;02/11/2026;OUI;METRO
00082087U1;ILE-DE-FRANCE;HAUTS-DE-SEINE;PUTEAUX;48.88296388888889;2.242097222222222;HS;HS;HS;HS;HS;HS;HS;MAINT;;06/10/2026 10:24:00;27/11/2026;06/10/2026 10:24:00;27/11/2026;OUI;METRO
00083464U1;ILE-DE-FRANCE;HAUTS-DE-SEINE;SURESNES;48.866772222222224;2.226788888888889;NE;HS;HS;OK;NE;HS;OK;INT;;04/08/2026 10:30:03;;;;OUI;METRO
00000517U7;ILE-DE-FRANCE;PARIS;PARIS;48.86932777777778;2.3063833333333332;HS;NE;NE;NE;NE;HS;OK;MAINT;;05/10/2026 11:37:00;30/11/2026;;;OUI;METRO
00034781U5;ILE-DE-FRANCE;PARIS;PARIS;48.83235277777778;2.2845027777777775;NE;HS;HS;OK;OK;HS;OK;INT;;30/07/2026 10:27:00;;;;OUI;METRO
00000060U7;ILE-DE-FRANCE;PARIS;PARIS;48.84476111111111;2.291663888888889;HS;HS;HS;HS;HS;HS;HS;INT;;07/10/2026 21:27:00;11/10/2026;07/10/2026 21:27:00;11/10/2026;OUI;METRO
00000038U7;ILE-DE-FRANCE;PARIS;PARIS;48.832769444444445;2.2897555555555553;HS;HS;HS;HS;HS;HS;HS;INT;;04/10/2026 00:55:00;;04/10/2026 00:55:00;;OUI;METRO
00002685U5;ILE-DE-FRANCE;PARIS;PARIS 01;48.860216666666666;2.3464500000000004;NE;HS;HS;HS;NE;HS;HS;MAINT;;08/10/2026 23:03:23;09/10/2026;08/10/2026 23:03:23;09/10/2026;OUI;METRO
00000430U8;ILE-DE-FRANCE;PARIS;PARIS 01;48.86447777777778;2.329994444444444;NE;HS;HS;OK;NE;HS;OK;INT;;14/08/2026 00:41:00;;;;OUI;METRO
00025141U5;ILE-DE-FRANCE;PARIS;PARIS 02;48.86732777777778;2.346791666666667;NE;OK;OK;OK;HS;OK;DE;INT;;;;15/09/2026 22:30:00;;OUI;METRO
00010860U8;ILE-DE-FRANCE;PARIS;PARIS 02;48.87101111111111;2.342566666666667;NE;HS;HS;OK;NE;HS;OK;INT;;28/04/2026 02:33:00;;;;OUI;METRO
00000066U8;ILE-DE-FRANCE;PARIS;PARIS 03;48.858525;2.361077777777778;OK;OK;OK;OK;OK;OK;OK;INT;;;;;;OUI;METRO
00012398U3;ILE-DE-FRANCE;PARIS;PARIS 05;48.84681666666667;2.351661111111111;NE;HS;HS;HS;NE;HS;HS;INT;;23/09/2026 01:45:07;;23/09/2026 01:45:07;;OUI;METRO
00008306U3;ILE-DE-FRANCE;PARIS;PARIS 06;48.84903888888889;2.340113888888889;HS;NE;NE;NE;NE;HS;OK;INT;;22/07/2026 13:10:00;;;;OUI;METRO
00034162U3;ILE-DE-FRANCE;PARIS;PARIS 07;48.860280555555555;2.325036111111111;NE;HS;HS;HS;NE;HS;HS;INT;;09/09/2026 09:04:00;09/10/2026;09/09/2026 09:04:00;09/10/2026;OUI;METRO
00024872U5;ILE-DE-FRANCE;PARIS;PARIS 08;48.87895555555556;2.3210249999999997;HS;HS;HS;HS;HS;HS;HS;INT;;30/09/2026 23:42:00;;30/09/2026 23:42:00;;OUI;METRO
00029507U5;ILE-DE-FRANCE;PARIS;PARIS 08;48.87081111111111;2.308072222222222;NE;NE;NE;HS;HS;OK;HS;INT;;;;01/10/2026 14:51:00;15/10/2026;OUI;METRO
00029311U5;ILE-DE-FRANCE;PARIS;PARIS 08;48.87865;2.321325;NE;NE;NE;HS;NE;OK;HS;INT;;;;30/09/2026 23:42:00;;OUI;METRO
00030236U3;ILE-DE-FRANCE;PARIS;PARIS 08;48.87756111111111;2.320305555555555;HS;NE;NE;NE;NE;HS;OK;INT;;30/09/2026 23:42:00;;;;OUI;METRO
00005059U5;ILE-DE-FRANCE;PARIS;PARIS 08;48.87265277777778;2.304977777777778;HS;HS;HS;HS;HS;HS;HS;MAINT;;02/10/2026 09:00:10;30/11/2026;02/10/2026 09:00:05;30/11/2026;OUI;METRO
00035104U5;ILE-DE-FRANCE;PARIS;PARIS 08;48.87950555555555;2.3268999999999997;NE;OK;OK;HS;NE;OK;DE;INT;;;;11/09/2026 08:32:00;;OUI;METRO
00005808U5;ILE-DE-FRANCE;PARIS;PARIS 08;48.875775;2.3264361111111107;NE;HS;HS;HS;NE;HS;HS;INT;;08/10/2026 16:47:00;11/10/2026;08/10/2026 16:47:00;11/10/2026;OUI;METRO
00013652U5;ILE-DE-FRANCE;PARIS;PARIS 10;48.87081944444444;2.361205555555556;NE;HS;HS;HS;NE;HS;HS;INT;;20/05/2026 10:38:00;31/10/2026;20/05/2026 10:38:00;31/10/2026;OUI;METRO
00011960U5;ILE-DE-FRANCE;PARIS;PARIS 11;48.85749722222222;2.3804166666666666;NE;HS;HS;HS;NE;HS;HS;INT;;29/09/2026 13:23:00;12/10/2026;29/09/2026 13:23:00;12/10/2026;OUI;METRO
00000432U8;ILE-DE-FRANCE;PARIS;PARIS 11;48.848761111111116;2.3969694444444443;NE;HS;HS;HS;NE;HS;HS;INT;;01/10/2026 11:28:00;09/10/2026;01/10/2026 11:28:00;09/10/2026;OUI;METRO
00035157U5;ILE-DE-FRANCE;PARIS;PARIS 11;48.865525;2.3744583333333336;NE;HS;HS;HS;NE;HS;HS;INT;;27/07/2026 13:39:00;;27/07/2026 13:39:00;;OUI;METRO
00012193U5;ILE-DE-FRANCE;PARIS;PARIS 11;48.858275;2.389586111111111;NE;HS;HS;OK;NE;HS;OK;INT;;09/10/2026 02:11:00;17/10/2026;;;OUI;METRO
00035156U5;ILE-DE-FRANCE;PARIS;PARIS 11;48.86782777777778;2.363777777777778;NE;HS;HS;HS;NE;HS;HS;INT;;27/07/2026 13:55:00;;27/07/2026 13:55:00;;OUI;METRO
00000073U8;ILE-DE-FRANCE;PARIS;PARIS 11;48.85500555555556;2.3857805555555553;NE;NE;NE;HS;HS;OK;HS;INT;;;;07/07/2026 08:43:00;;OUI;METRO
00011247U5;ILE-DE-FRANCE;PARIS;PARIS 11;48.86532777777778;2.3677;NE;HS;HS;HS;NE;HS;HS;INT;;20/05/2026 10:38:00;;20/05/2026 10:38:00;;OUI;METRO
00035111U5;ILE-DE-FRANCE;PARIS;PARIS 12;48.83730833333333;2.4022527777777776;NE;HS;HS;HS;NE;HS;HS;INT;;27/07/2026 13:39:00;;27/07/2026 13:39:00;;OUI;METRO
00000410U8;ILE-DE-FRANCE;PARIS;PARIS 12;48.83989722222223;2.3806611111111113;NE;HS;HS;OK;NE;HS;OK;INT;;02/10/2026 11:53:00;11/10/2026;;;OUI;METRO
00017167U6;ILE-DE-FRANCE;PARIS;PARIS 12;48.82076388888889;2.4504944444444448;NE;NE;NE;HS;HS;OK;HS;INT;;;;01/10/2026 18:57:00;14/10/2026;OUI;METRO
00000244U8;ILE-DE-FRANCE;PARIS;PARIS 12;48.83175277777778;2.4043416666666664;NE;HS;HS;HS;NE;HS;HS;INT;;20/08/2025 17:28:00;14/10/2026;20/08/2025 17:28:00;14/10/2026;OUI;METRO
00034753U3;ILE-DE-FRANCE;PARIS;PARIS 13;48.82018333333334;2.3648305555555558;NE;HS;HS;HS;NE;HS;HS;INT;;27/07/2026 13:39:00;;27/07/2026 13:39:00;;OUI;METRO
00012879U3;ILE-DE-FRANCE;PARIS;PARIS 13;48.84256388888889;2.3652361111111113;NE;HS;HS;HS;NE;HS;HS;INT;;23/09/2026 01:12:00;14/10/2026;23/09/2026 01:12:00;14/10/2026;OUI;METRO
00032312U3;ILE-DE-FRANCE;PARIS;PARIS 13;48.83761944444445;2.3708833333333335;NE;HS;HS;HS;NE;HS;HS;MAINT;;09/10/2026 00:27:00;10/10/2026;09/10/2026 00:27:00;10/10/2026;OUI;METRO
00034161U3;ILE-DE-FRANCE;PARIS;PARIS 13;48.82606666666667;2.378852777777778;NE;HS;HS;HS;NE;HS;HS;MAINT;;09/10/2026 00:27:00;10/10/2026;09/10/2026 00:27:00;10/10/2026;OUI;METRO
00000033U7;ILE-DE-FRANCE;PARIS;PARIS 14;48.828950000000006;2.3231666666666664;NE;NE;NE;OK;OK;OK;OK;INT;;;;;;OUI;METRO
00000491U7;ILE-DE-FRANCE;PARIS;PARIS 14;48.83108055555556;2.3294944444444443;NE;OK;OK;HS;NE;OK;DE;INT;;;;01/10/2026 01:00:12;;OUI;METRO
00012395U3;ILE-DE-FRANCE;PARIS;PARIS 16;48.870047222222226;2.2857583333333333;NE;HS;HS;HS;NE;HS;HS;INT;;05/10/2026 11:16:00;;05/10/2026 11:16:00;;OUI;METRO
00000465U7;ILE-DE-FRANCE;PARIS;PARIS 16;48.84845277777778;2.242827777777778;NE;HS;HS;HS;NE;HS;HS;INT;;07/10/2026 23:42:00;11/10/2026;07/10/2026 23:42:00;11/10/2026;OUI;METRO
00034232U8;ILE-DE-FRANCE;PARIS;PARIS 17;48.894475;2.3172055555555553;NE;HS;HS;HS;NE;HS;HS;MAINT;;09/10/2026 00:26:00;10/10/2026;09/10/2026 00:26:00;10/10/2026;OUI;METRO
00034231U5;ILE-DE-FRANCE;PARIS;PARIS 17;48.87952222222222;2.287111111111111;NE;HS;HS;HS;NE;HS;HS;MAINT;;09/10/2026 00:25:00;10/10/2026;09/10/2026 00:25:00;10/10/2026;OUI;METRO
00016060U5;ILE-DE-FRANCE;PARIS;PARIS 18;48.89254444444445;2.3446277777777778;NE;HS;HS;HS;NE;HS;HS;INT;;25/09/2026 01:58:00;09/10/2026;25/09/2026 01:58:00;09/10/2026;OUI;METRO
00035129U5;ILE-DE-FRANCE;PARIS;PARIS 19;48.87993055555555;2.3991166666666666;NE;HS;HS;HS;NE;HS;HS;INT;;27/07/2026 13:55:00;;27/07/2026 13:55:00;;OUI;METRO
00035127U5;ILE-DE-FRANCE;PARIS;PARIS 20;48.87401388888889;2.3857166666666667;NE;HS;HS;HS;NE;HS;HS;INT;;27/07/2026 13:55:00;;27/07/2026 13:55:00;;OUI;METRO
00083653W3;ILE-DE-FRANCE;SEINE-ET-MARNE;BANNOST-VILLEGAGNON;48.68360555555555;3.196369444444444;NE;HS;HS;HS;HS;HS;HS;INT;;21/02/2026 06:03:00;30/10/2026;21/02/2026 06:03:00;30/10/2026;OUI;METRO
00012360W3;ILE-DE-FRANCE;SEINE-ET-MARNE;BOUGLIGNY;48.19530555555555;2.647072222222222;NE;HS;HS;HS;HS;HS;HS;INT;;06/10/2026 02:01:00;09/10/2026;06/10/2026 02:01:00;09/10/2026;OUI;METRO
00000030W3;ILE-DE-FRANCE;SEINE-ET-MARNE;CHELLES;48.892625;2.6111416666666667;NE;OK;OK;OK;OK;OK;OK;INT;;;;;;OUI;METRO
00000101W3;ILE-DE-FRANCE;SEINE-ET-MARNE;CREVECOEUR-EN-BRIE;48.77495277777778;2.899225;NE;HS;HS;HS;NE;HS;HS;MAINT;;05/10/2026 08:53:00;16/10/2026;05/10/2026 08:53:00;16/10/2026;OUI;METRO
00013088W3;ILE-DE-FRANCE;SEINE-ET-MARNE;DHUISY;49.04883611111111;3.1697527777777776;NE;OK;OK;HS;NE;OK;DE;MAINT;;;;07/10/2026 10:37:00;09/10/2026;OUI;METRO
00009240W3;ILE-DE-FRANCE;SEINE-ET-MARNE;FONTAINE-FOURCHES;48.413925;3.387138888888889;NE;HS;HS;HS;HS;HS;HS;INT;;07/10/2026 19:33:00;10/10/2026;07/10/2026 19:33:00;10/10/2026;OUI;METRO
00083809W3;ILE-DE-FRANCE;SEINE-ET-MARNE;GIREMOUTIERS;48.840138888888895;3.0299388888888887;NE;HS;HS;HS;NE;HS;HS;INT;;05/04/2024 11:38:00;;05/04/2024 11:38:00;;NON;METRO
00000113W3;ILE-DE-FRANCE;SEINE-ET-MARNE;JOUARRE;48.885038888888886;3.0896444444444446;NE;HS;HS;HS;HS;HS;HS;INT;;02/09/2026 09:58:00;09/10/2026;02/09/2026 09:58:00;09/10/2026;OUI;METRO
00002872W3;ILE-DE-FRANCE;SEINE-ET-MARNE;MAUREGARD;49.03595833333333;2.570708333333333;NE;OK;OK;OK;OK;OK;OK;INT;;;;;;OUI;METRO
00000124W3;ILE-DE-FRANCE;SEINE-ET-MARNE;MOUSSEAUX-LES-BRAY;48.398275;3.2364277777777777;NE;OK;OK;HS;HS;OK;DE;INT;;;;06/10/2026 15:00:00;14/10/2026;OUI;METRO
00083715W3;ILE-DE-FRANCE;SEINE-ET-MARNE;PUISIEUX;49.060725;2.9149138888888886;NE;HS;HS;OK;OK;HS;OK;MAINT;;30/07/2026 09:45:08;23/10/2026;;;OUI;METRO
00025727U2;ILE-DE-FRANCE;SEINE-SAINT-DENIS;AUBERVILLIERS;48.914455555555556;2.4033444444444445;NE;NE;NE;HS;HS;OK;HS;INT;;;;04/08/2026 07:34:00;30/10/2026;OUI;METRO
00016442U2;ILE-DE-FRANCE;SEINE-SAINT-DENIS;BOBIGNY;48.90710555555555;2.4493222222222224;NE;OK;OK;HS;NE;OK;DE;INT;;;;23/09/2026 02:26:00;14/10/2026;OUI;METRO
00000176U2;ILE-DE-FRANCE;SEINE-SAINT-DENIS;CLICHY SOUS BOIS;48.90839722222222;2.534672222222222;NE;OK;OK;OK;OK;OK;OK;INT;;;;;;OUI;METRO
00028032U2;ILE-DE-FRANCE;SEINE-SAINT-DENIS;DRANCY;48.92182777777778;2.4274388888888887;NE;OK;OK;HS;NE;OK;DE;INT;;;;11/12/2024 08:15:10;;OUI;METRO
00000354U2;ILE-DE-FRANCE;SEINE-SAINT-DENIS;MONTREUIL;48.85641666666667;2.4300333333333333;NE;HS;HS;HS;NE;HS;HS;INT;;23/10/2025 05:52:00;01/11/2026;23/10/2025 05:52:00;01/11/2026;OUI;METRO
00012016U2;ILE-DE-FRANCE;SEINE-SAINT-DENIS;NOISY LE GRAND;48.84071666666667;2.548913888888889;NE;NE;NE;HS;NE;OK;HS;INT;;;;01/10/2026 11:30:00;14/10/2026;OUI;METRO
00000038U2;ILE-DE-FRANCE;SEINE-SAINT-DENIS;ROMAINVILLE;48.87797777777778;2.4398416666666667;NE;HS;HS;HS;HS;HS;HS;INT;;09/05/2026 09:59:00;06/11/2026;09/05/2026 09:59:00;06/11/2026;OUI;METRO
00083407U2;ILE-DE-FRANCE;SEINE-SAINT-DENIS;SEVRAN;48.92540555555556;2.5208944444444445;NE;HS;HS;HS;HS;HS;HS;INT;;26/09/2026 02:56:00;15/10/2026;26/09/2026 02:56:00;15/10/2026;OUI;METRO
00083683U2;ILE-DE-FRANCE;SEINE-SAINT-DENIS;ST-DENIS;48.92138333333333;2.3509194444444446;NE;NE;NE;HS;HS;OK;HS;INT;;;;24/09/2026 08:10:00;14/10/2026;OUI;METRO
00000183U2;ILE-DE-FRANCE;SEINE-SAINT-DENIS;ST-DENIS;48.945613888888886;2.3482111111111115;NE;NE;NE;HS;HS;OK;HS;INT;;;;24/08/2026 06:14:00;09/10/2026;OUI;METRO
00029521U2;ILE-DE-FRANCE;SEINE-SAINT-DENIS;ST-DENIS;48.94227222222222;2.381961111111111;NE;HS;HS;HS;HS;HS;HS;INT;;08/10/2026 08:25:00;09/10/2026;08/10/2026 08:25:00;09/10/2026;OUI;METRO
00000083U2;ILE-DE-FRANCE;SEINE-SAINT-DENIS;STAINS;48.962650000000004;2.3895805555555554;NE;OK;OK;OK;HS;OK;DE;INT;;;;25/09/2026 06:15:00;;OUI;METRO
00015919U2;ILE-DE-FRANCE;SEINE-SAINT-DENIS;TREMBLAY-EN-FRANCE;49.00957777777778;2.5702055555555554;NE;HS;HS;OK;OK;HS;OK;MAINT;;06/10/2026 08:17:00;18/12/2026;;;OUI;METRO
00000154W1;ILE-DE-FRANCE;VAL-D'OISE;ARGENTEUIL;48.962825;2.2472444444444446;HS;HS;HS;HS;HS;HS;HS;INT;;08/10/2026 12:46:00;11/10/2026;08/10/2026 12:46:00;11/10/2026;OUI;METRO
00000086W1;ILE-DE-FRANCE;VAL-D'OISE;GENAINVILLE;49.11779166666667;1.7534805555555555;OK;OK;OK;OK;OK;OK;OK;INT;;;;;;OUI;METRO
00083615W1;ILE-DE-FRANCE;VAL-D'OISE;GONESSE;49.00514722222222;2.4205361111111108;NE;NE;NE;HS;HS;OK;HS;INT;;;;05/10/2026 13:04:00;;OUI;METRO
00033218U6;ILE-DE-FRANCE;VAL-DE-MARNE;ALFORTVILLE;48.7769;2.4192722222222223;NE;OK;OK;OK;HS;OK;DE;INT;;;;02/10/2026 05:15:00;10/10/2026;OUI;METRO
00014935U6;ILE-DE-FRANCE;VAL-DE-MARNE;CHAMPIGNY-SUR-MARNE;48.813563888888886;2.558247222222222;NE;HS;HS;OK;OK;HS;OK;MAINT;;07/10/2026 10:25:00;16/10/2026;;;OUI;METRO
00000056U6;ILE-DE-FRANCE;VAL-DE-MARNE;CRETEIL;48.76703333333333;2.4593944444444444;NE;HS;HS;HS;NE;HS;HS;INT;;02/10/2026 12:39:00;09/10/2026;02/10/2026 12:39:00;09/10/2026;OUI;METRO
00000267U6;ILE-DE-FRANCE;VAL-DE-MARNE;FONTENAY-SOUS-BOIS;48.85380555555556;2.4881972222222224;NE;HS;HS;HS;NE;HS;HS;INT;;01/10/2026 11:45:03;;01/10/2026 11:45:03;;OUI;METRO
00083669U6;ILE-DE-FRANCE;VAL-DE-MARNE;LIMEIL-BREVANNES;48.746211111111116;2.4738333333333333;NE;NE;NE;HS;HS;OK;HS;INT;;;;27/09/2026 09:57:00;09/10/2026;OUI;METRO
00000259U6;ILE-DE-FRANCE;VAL-DE-MARNE;ST MANDE;48.84654722222223;2.417461111111111;NE;HS;HS;OK;NE;HS;OK;INT;;03/04/2026 23:45:00;;;;OUI;METRO
00000128U6;ILE-DE-FRANCE;VAL-DE-MARNE;VILLEJUIF;48.78233055555555;2.3503527777777777;NE;HS;HS;HS;HS;HS;HS;INT;;27/08/2026 18:11:00;30/10/2026;27/08/2026 18:11:00;30/10/2026;OUI;METRO
00000260U6;ILE-DE-FRANCE;VAL-DE-MARNE;VINCENNES;48.847319444444445;2.433355555555556;NE;HS;HS;HS;NE;HS;HS;INT;;29/09/2026 02:14:00;;29/09/2026 02:14:00;;OUI;METRO
00083503U6;ILE-DE-FRANCE;VAL-DE-MARNE;VITRY-SUR-SEINE;48.79051944444444;2.3794916666666666;NE;NE;NE;HS;HS;OK;HS;MAINT;;;;05/10/2026 09:56:00;10/10/2026;OUI;METRO
00000032W4;ILE-DE-FRANCE;YVELINES;AIGREMONT;48.901805555555555;2.004811111111111;NE;HS;HS;OK;OK;HS;OK;INT;;30/09/2026 17:15:06;;;;OUI;METRO
00000132W4;ILE-DE-FRANCE;YVELINES;HERMERAY;48.65705;1.6757444444444443;HS;HS;HS;HS;NE;HS;HS;MAINT;;15/07/2026 08:53:42;09/01/2027;15/07/2026 08:53:42;09/01/2027;OUI;METRO
00000190W4;ILE-DE-FRANCE;YVELINES;LA VERRIERE;48.75836388888889;1.966222222222222;HS;HS;HS;HS;HS;HS;HS;INT;;02/10/2026 09:58:00;16/10/2026;02/10/2026 09:58:00;16/10/2026;OUI;METRO
00000035W4;ILE-DE-FRANCE;YVELINES;MAULE;48.9045;1.849977777777778;HS;HS;HS;HS;HS;HS;HS;INT;;06/10/2026 13:28:00;;06/10/2026 13:28:00;;OUI;METRO
00025672W4;ILE-DE-FRANCE;YVELINES;VERSAILLES;48.79799722222222;2.125088888888889;HS;HS;HS;HS;NE;HS;HS;INT;;06/10/2026 12:41:00;;06/10/2026 12:41:00;;OUI;METRO
00011857W4;ILE-DE-FRANCE;YVELINES;VERSAILLES;48.82166388888889;2.1418694444444446;NE;NE;NE;HS;NE;OK;HS;INT;;;;02/10/2026 11:15:00;13/10/2026;OUI;METRO
00024247W4;ILE-DE-FRANCE;YVELINES;VERSAILLES;48.79069722222222;2.1509638888888887;NE;HS;HS;NE;NE;HS;HS;INT;;22/07/2026 13:01:00;29/10/2026;22/07/2026 13:01:00;29/10/2026;OUI;METRO
00000262Z1;NORMANDIE;CALVADOS;CAEN;49.16268611111111;-0.3605583333333333;NE;HS;HS;HS;HS;HS;HS;INT;;28/09/2026 21:18:00;09/10/2026;28/09/2026 21:18:00;09/10/2026;OUI;METRO
00034696Z1;NORMANDIE;CALVADOS;COURTONNE-LA-MEURDRAC;49.120869444444445;0.3253222222222222;NE;HS;HS;OK;NE;HS;OK;INT;;23/09/2025 09:30:00;10/11/2026;;;OUI;METRO
00000083Z1;NORMANDIE;CALVADOS;DOUVILLE-EN-AUGE;49.257041666666666;-0.004008333333333333;OK;OK;OK;OK;NE;OK;OK;INT;;;;;;OUI;METRO
00034866Z1;NORMANDIE;CALVADOS;HERMIVAL-LES-VAUX;49.184063888888886;0.3086361111111111;NE;NE;NE;HS;HS;OK;HS;INT;;;;08/10/2026 10:00:00;11/10/2026;OUI;METRO
00000271Z1;NORMANDIE;CALVADOS;HEROUVILLE ST CLAIR;49.19899444444444;-0.33424166666666666;OK;OK;OK;OK;OK;OK;OK;INT;;;;;;OUI;METRO
00034889Z1;NORMANDIE;CALVADOS;ST-GERMAIN-LANGOT;48.93342777777777;-0.3281777777777778;NE;NE;NE;HS;NE;OK;HS;INT;;;;24/09/2026 03:54:00;13/10/2026;OUI;METRO
00017368Z1;NORMANDIE;CALVADOS;ST-MARTIN-DE-MIEUX;48.88676666666667;-0.22649444444444444;OK;OK;OK;OK;OK;OK;OK;INT;;;;;;OUI;METRO
00035113R1;NORMANDIE;EURE;BEMECOURT;48.84860277777778;0.8622166666666666;NE;HS;HS;HS;NE;HS;HS;INT;;06/04/2024 10:23:00;;06/04/2024 10:23:00;;NON;METRO
00022840R1;NORMANDIE;EURE;EVREUX;49.03361111111111;1.1174083333333333;OK;OK;OK;OK;OK;OK;OK;INT;;;;;;OUI;METRO
00025023R1;NORMANDIE;EURE;EVREUX;49.030905555555556;1.1156000000000001;HS;NE;NE;NE;NE;HS;OK;INT;;18/02/2026 11:31:00;;;;OUI;METRO
00000088R1;NORMANDIE;EURE;EVREUX;49.00881944444444;1.1598249999999999;OK;OK;OK;HS;HS;OK;DE;INT;;;;29/09/2026 12:36:00;;OUI;METRO
00000260R1;NORMANDIE;EURE;EVREUX;49.019644444444445;1.145722222222222;NE;HS;HS;HS;HS;HS;HS;INT;;11/02/2026 11:23:00;06/11/2026;11/02/2026 11:23:00;06/11/2026;OUI;METRO
00034890R1;NORMANDIE;EURE;FAUVILLE;49.02461111111111;1.2285444444444447;NE;NE;NE;HS;NE;OK;HS;INT;;;;30/07/2026 12:21:00;09/11/2026;OUI;METRO
00034936R1;NORMANDIE;EURE;GAUVILLE-LA-CAMPAGNE;49.04549166666666;1.0783;NE;HS;HS;OK;NE;HS;OK;INT;;02/07/2026 20:08:00;05/11/2026;;;OUI;METRO
00019858R1;NORMANDIE;EURE;HEUDEBOUVILLE;49.19704722222222;1.2195694444444445;HS;HS;HS;HS;NE;HS;HS;INT;;03/10/2026 07:31:00;13/10/2026;03/10/2026 07:31:00;13/10/2026;OUI;METRO
00034750R1;NORMANDIE;EURE;MOUSSEAUX-NEUVILLE;48.90058333333333;1.3568666666666667;NE;HS;HS;HS;NE;HS;HS;INT;;27/09/2026 21:49:00;;27/09/2026 21:49:00;;OUI;METRO
00000046R1;NORMANDIE;EURE;VAL D ORGER;49.354172222222225;1.3624694444444445;HS;HS;HS;HS;HS;HS;HS;INT;;04/06/2026 08:13:00;06/11/2026;04/06/2026 08:13:00;06/11/2026;OUI;METRO
00035062R1;NORMANDIE;EURE;VERNON;49.12075277777778;1.5141666666666667;NE;HS;HS;OK;NE;HS;OK;INT;;05/02/2025 13:48:00;;;;OUI;METRO
00034822R1;NORMANDIE;EURE;VILLIERS-EN-DESOEUVRE;48.951080555555556;1.4914416666666668;NE;HS;HS;HS;NE;HS;HS;INT;;27/09/2026 21:49:00;21/10/2026;27/09/2026 21:49:00;21/10/2026;OUI;METRO
00000250Z1;NORMANDIE;MANCHE;AVRANCHES;48.68490555555555;-1.3615916666666668;HS;HS;HS;HS;NE;HS;HS;MAINT;;05/10/2026 09:57:00;09/10/2026;05/10/2026 09:57:00;09/10/2026;OUI;METRO
00034806Z1;NORMANDIE;MANCHE;BARENTON;48.59442777777778;-0.8330805555555555;NE;HS;HS;HS;OK;HS;DE;MAINT;;02/02/2026 14:42:36;;02/02/2026 14:42:36;;OUI;METRO
00000216Z1;NORMANDIE;MANCHE;BEAUCHAMPS;48.833397222222224;-1.3603111111111112;HS;HS;HS;HS;HS;HS;HS;INT;;28/09/2026 08:33:00;15/10/2026;28/09/2026 08:33:00;15/10/2026;OUI;METRO
00000140Z1;NORMANDIE;MANCHE;LA HAGUE;49.663716666666666;-1.824286111111111;HS;HS;HS;HS;HS;HS;HS;INT;;10/08/2026 10:23:00;06/11/2026;10/08/2026 10:23:00;06/11/2026;OUI;METRO
00034891Z1;NORMANDIE;MANCHE;TERRE-ET-MARAIS;49.24474444444444;-1.314588888888889;NE;HS;HS;HS;NE;HS;HS;INT;;29/05/2026 10:19:00;12/10/2026;29/05/2026 10:19:00;12/10/2026;OUI;METRO
00002006Z1;NORMANDIE;ORNE;ALENCON;48.43364722222222;0.10204444444444445;NE;HS;HS;OK;OK;HS;OK;INT;;23/06/2026 03:40:00;02/11/2026;;;OUI;METRO
00002012Z1;NORMANDIE;ORNE;ALENCON;48.41545;0.09381111111111111;NE;HS;HS;HS;NE;HS;HS;INT;;21/05/2026 13:29:00;06/11/2026;21/05/2026 13:29:00;06/11/2026;OUI;METRO
00008744Z1;NORMANDIE;ORNE;PERCHE EN NOCE;48.398202777777776;0.6390611111111111;OK;OK;OK;HS;NE;OK;DE;INT;;;;08/10/2026 09:47:00;16/10/2026;OUI;METRO
00000018Z1;NORMANDIE;ORNE;SEVIGNY;48.76688055555555;-0.018366666666666667;HS;HS;HS;OK;NE;HS;OK;INT;;26/03/2025 04:17:00;01/11/2026;;;OUI;METRO
00000020Z1;NORMANDIE;ORNE;VALFRAMBERT;48.46066666666667;0.08702777777777777;HS;HS;HS;HS;HS;HS;HS;INT;;01/06/2026 10:23:00;20/10/2026;01/06/2026 10:23:00;20/10/2026;OUI;METRO
00028691R1;NORMANDIE;SEINE-MARITIME;BONSECOURS;49.42269722222222;1.1290722222222223;OK;OK;OK;OK;OK;OK;OK;INT;;;;;;OUI;METRO
00000274R1;NORMANDIE;SEINE-MARITIME;DEVILLE-LES-ROUEN;49.461308333333335;1.0523416666666667;NE;NE;NE;HS;HS;OK;HS;INT;;;;11/08/2026 10:46:00;30/10/2026;OUI;METRO
00000248R1;NORMANDIE;SEINE-MARITIME;DIEPPE;49.92324722222222;1.1127055555555556;HS;HS;HS;HS;HS;HS;HS;INT;;08/10/2026 15:56:00;11/10/2026;08/10/2026 15:56:00;11/10/2026;OUI;METRO
00000019R1;NORMANDIE;SEINE-MARITIME;FONTAINE-LE-BOURG;49.56971388888889;1.1652222222222222;HS;HS;HS;OK;OK;HS;OK;INT;;01/10/2026 03:27:00;;;;OUI;METRO
00000201R1;NORMANDIE;SEINE-MARITIME;FRESNOY-FOLNY;49.906019444444446;1.436;OK;OK;OK;OK;NE;OK;OK;INT;;;;;;OUI;METRO
00034777R1;NORMANDIE;SEINE-MARITIME;GRAIMBOUVILLE;49.57033888888889;0.33896388888888884;NE;HS;HS;HS;HS;HS;HS;INT;;19/09/2026 12:12:00;;19/09/2026 12:12:00;;OUI;METRO
00000018R1;NORMANDIE;SEINE-MARITIME;HAUTOT-SUR-MER;49.90691944444444;1.0599027777777779;HS;HS;HS;OK;OK;HS;OK;INT;;08/10/2026 13:41:00;09/10/2026;;;OUI;METRO
00014033R1;NORMANDIE;SEINE-MARITIME;LE HAVRE;49.490094444444445;0.13900277777777778;HS;HS;HS;HS;HS;HS;HS;INT;;15/04/2026 02:42:00;22/10/2026;15/04/2026 02:42:00;22/10/2026;OUI;METRO
00000049R1;NORMANDIE;SEINE-MARITIME;LE HAVRE;49.493875;0.11580277777777778;HS;HS;HS;HS;HS;HS;HS;INT;;12/08/2026 12:09:00;06/11/2026;12/08/2026 12:09:00;06/11/2026;OUI;METRO
00000109R1;NORMANDIE;SEINE-MARITIME;LE HAVRE;49.500083333333336;0.18823888888888887;HS;HS;HS;HS;HS;HS;HS;INT;;19/05/2026 21:56:00;30/11/2026;19/05/2026 21:56:00;30/11/2026;OUI;METRO
00034857R1;NORMANDIE;SEINE-MARITIME;OISSEL;49.353225;1.0503305555555555;NE;HS;HS;OK;NE;HS;OK;INT;;15/10/2025 13:40:00;;;;OUI;METRO
00007098R1;NORMANDIE;SEINE-MARITIME;OISSEL;49.34703888888889;1.0382861111111112;HS;HS;HS;HS;HS;HS;HS;INT;;15/10/2025 13:40:00;;15/10/2025 13:40:00;;OUI;METRO
00000269R1;NORMANDIE;SEINE-MARITIME;PETIT COURONNE;49.383044444444444;1.0263666666666666;HS;HS;HS;OK;OK;HS;OK;INT;;26/05/2026 12:52:00;13/10/2026;;;OUI;METRO
00024670R1;NORMANDIE;SEINE-MARITIME;RIVES-EN-SEINE;49.52305;0.7488527777777777;OK;OK;OK;OK;HS;OK;DE;INT;;;;06/10/2026 09:26:00;14/10/2026;OUI;METRO
00023865R1;NORMANDIE;SEINE-MARITIME;ROUEN;49.43969166666666;1.1003583333333333;NE;NE;NE;HS;NE;OK;HS;INT;;;;13/03/2026 20:03:00;13/10/2026;OUI;METRO
00000052R1;NORMANDIE;SEINE-MARITIME;SANDOUVILLE;49.480583333333335;0.2835388888888889;OK;HS;HS;OK;NE;DE;OK;INT;;20/05/2026 19:50:00;15/10/2026;;;OUI;METRO
00000302R1;NORMANDIE;SEINE-MARITIME;SOTTEVILLE LES ROUEN;49.41916388888889;1.0942305555555554;NE;NE;NE;HS;HS;OK;HS;INT;;;;07/09/2026 09:03:00;12/10/2026;OUI;METRO
00004485R1;NORMANDIE;SEINE-MARITIME;ST-ETIENNE-DU-ROUVRAY;49.39409444444444;1.1071583333333335;HS;HS;HS;HS;HS;HS;HS;INT;;24/06/2026 11:33:00;30/10/2026;24/06/2026 11:33:00;30/10/2026;OUI;METRO
00031874R1;NORMANDIE;SEINE-MARITIME;ST-ETIENNE-DU-ROUVRAY;49.396708333333336;1.0714555555555556;NE;NE;NE;HS;HS;OK;HS;MAINT;;;;05/10/2026 08:51:00;09/10/2026;OUI;METRO
00000017R1;NORMANDIE;SEINE-MARITIME;VILLERS-ECALLES;49.54372222222222;0.9431305555555556;HS;HS;HS;HS;HS;HS;HS;INT;;04/06/2026 15:05:00;06/11/2026;04/06/2026 15:05:00;06/11/2026;OUI;METRO
00011077P1;NOUVELLE-AQUITAINE;CHARENTE;ST-VALLIER;45.289;-0.09287222222222222;NE;OK;OK;HS;NE;OK;DE;INT;;;;08/09/2026 16:56:00;;NON;METRO
00031941P1;NOUVELLE-AQUITAINE;CHARENTE;VOUHARTE;45.78891111111111;0.07954444444444445;NE;HS;HS;OK;NE;HS;OK;INT;;07/10/2026 03:41:00;15/10/2026;;;OUI;METRO
00000181P1;NOUVELLE-AQUITAINE;CHARENTE-MARITIME;BLANZAC-LES-MATHA;45.87788888888889;-0.34173888888888887;HS;HS;HS;HS;HS;HS;HS;INT;;02/10/2026 00:32:00;12/10/2026;02/10/2026 00:32:00;12/10/2026;OUI;METRO
00017518P1;NOUVELLE-AQUITAINE;CHARENTE-MARITIME;CHAMPAGNE;45.820888888888895;-0.9176;OK;NE;NE;OK;OK;OK;OK;INT;;;;;;OUI;METRO
00000015P1;NOUVELLE-AQUITAINE;CHARENTE-MARITIME;ECHEBRUNE;45.59503611111111;-0.47439722222222225;OK;OK;OK;OK;OK;OK;OK;INT;;;;;;OUI;METRO
00082531P1;NOUVELLE-AQUITAINE;CHARENTE-MARITIME;LES MATHES;45.714513888888895;-1.155786111111111;NE;NE;NE;HS;HS;OK;HS;INT;;;;03/10/2026 11:46:00;11/10/2026;OUI;METRO
00027439P1;NOUVELLE-AQUITAINE;CHARENTE-MARITIME;MATHA;45.86775;-0.31450555555555554;NE;HS;HS;HS;NE;HS;HS;INT;;02/10/2026 00:32:00;12/10/2026;02/10/2026 00:32:00;12/10/2026;OUI;METRO
00001348P1;NOUVELLE-AQUITAINE;CHARENTE-MARITIME;SAINTES;45.72105833333333;-0.6411888888888888;HS;HS;HS;OK;OK;HS;OK;INT;;08/10/2026 05:10:00;11/10/2026;;;OUI;METRO
00021947P1;NOUVELLE-AQUITAINE;CHARENTE-MARITIME;SOUBISE;45.91981388888889;-1.0214777777777777;NE;HS;HS;HS;HS;HS;HS;INT;;28/09/2026 10:11:00;09/10/2026;28/09/2026 10:11:00;09/10/2026;OUI;METRO
00082502P1;NOUVELLE-AQUITAINE;CHARENTE-MARITIME;ST PIERRE DU PALAIS;45.16364166666666;-0.155325;NE;HS;HS;NE;NE;HS;HS;INT;;19/06/2026 05:08:00;;19/06/2026 05:08:00;;NON;METRO
00011424G1;NOUVELLE-AQUITAINE;CORREZE;FAVARS;45.26202222222222;1.686475;NE;HS;HS;HS;NE;HS;HS;INT;;25/05/2026 08:00:00;;25/05/2026 08:00:00;;NON;METRO
00035048G1;NOUVELLE-AQUITAINE;CREUSE;ARRENES;46.07305277777778;1.5449944444444443;NE;HS;HS;HS;NE;HS;HS;INT;;06/10/2026 23:41:00;14/10/2026;06/10/2026 23:41:00;14/10/2026;NON;METRO
00034826G1;NOUVELLE-AQUITAINE;CREUSE;GLENIC;46.24483333333333;1.9264277777777776;NE;HS;HS;HS;HS;HS;HS;INT;;06/10/2026 06:01:00;09/10/2026;06/10/2026 06:01:00;09/10/2026;OUI;METRO
00081899P1;NOUVELLE-AQUITAINE;DEUX-SEVRES;BESSINES;46.28112222222222;-0.5019166666666667;NE;HS;HS;OK;OK;HS;OK;INT;;29/05/2026 23:09:00;31/10/2026;;;OUI;METRO
00081751P1;NOUVELLE-AQUITAINE;DEUX-SEVRES;CHAURAY;46.34082222222222;-0.4029388888888889;NE;HS;HS;OK;NE;HS;OK;INT;;02/10/2026 09:54:00;10/10/2026;;;OUI;METRO
00000173P1;NOUVELLE-AQUITAINE;DEUX-SEVRES;MAISONNAY;46.19269722222222;-0.05277222222222223;HS;OK;OK;OK;NE;OK;OK;INT;;;;;;NON;METRO
00000525P1;NOUVELLE-AQUITAINE;DEUX-SEVRES;VILLIERS-EN-BOIS;46.14796944444444;-0.4241916666666667;HS;HS;HS;OK;NE;HS;OK;INT;;30/09/2026 13:48:00;13/10/2026;;;OUI;METRO
00006908B2;NOUVELLE-AQUITAINE;GIRONDE;ARCACHON;44.65235277777778;-1.1881027777777777;NE;HS;HS;HS;HS;HS;HS;INT;;05/08/2026 11:08:00;06/11/2026;05/08/2026 11:08:00;06/11/2026;OUI;METRO
00000048B2;NOUVELLE-AQUITAINE;GIRONDE;BONNETAN;44.82915833333334;-0.41623333333333334;HS;HS;HS;HS;NE;HS;HS;INT;;14/09/2026 09:46:00;16/10/2026;14/09/2026 09:46:00;16/10/2026;OUI;METRO
00000111B2;NOUVELLE-AQUITAINE;GIRONDE;BORDEAUX;44.848194444444445;-0.5737888888888889;OK;HS;HS;OK;OK;DE;OK;INT;;28/09/2026 10:03:00;;;;OUI;METRO
00000004B2;NOUVELLE-AQUITAINE;GIRONDE;BORDEAUX;44.85033611111111;-0.5422805555555555;HS;HS;HS;HS;HS;HS;HS;INT;;16/09/2026 16:13:00;09/10/2026;16/09/2026 16:13:00;09/10/2026;OUI;METRO
00000039B2;NOUVELLE-AQUITAINE;GIRONDE;BORDEAUX;44.86152222222223;-0.5861388888888889;HS;HS;HS;OK;HS;HS;DE;MAINT;;30/09/2026 07:54:00;31/10/2026;30/09/2026 07:54:00;31/10/2026;OUI;METRO
00012039B2;NOUVELLE-AQUITAINE;GIRONDE;BORDEAUX;44.84984444444445;-0.5713555555555555;HS;HS;HS;NE;NE;HS;HS;INT;;28/09/2026 10:03:00;;25/01/2025 16:40:00;;OUI;METRO
00020098B2;NOUVELLE-AQUITAINE;GIRONDE;LE BARP;44.62928333333333;-0.7912111111111111;NE;HS;HS;HS;NE;HS;HS;INT;;30/09/2026 21:36:00;12/10/2026;30/09/2026 21:36:00;12/10/2026;OUI;METRO
00003863B2;NOUVELLE-AQUITAINE;GIRONDE;LIBOURNE;44.948055555555555;-0.24130000000000001;NE;HS;HS;OK;NE;HS;OK;INT;;03/12/2025 13:54:00;22/10/2026;;;OUI;METRO
00081969B2;NOUVELLE-AQUITAINE;GIRONDE;RUCH;44.76206388888889;-0.04321111111111111;NE;NE;NE;HS;HS;OK;HS;INT;;;;09/10/2026 02:30:03;11/10/2026;OUI;METRO
00027431G1;NOUVELLE-AQUITAINE;HAUTE-VIENNE;ST-VICTURNIEN;45.899547222222225;1.0182499999999999;NE;OK;OK;HS;NE;OK;DE;INT;;;;16/07/2026 13:54:00;15/10/2026;OUI;METRO
00081968B1;NOUVELLE-AQUITAINE;LANDES;DAX;43.71160833333334;-1.053877777777778;NE;NE;NE;HS;HS;OK;HS;INT;;;;07/10/2026 20:00:00;10/10/2026;OUI;METRO
00020740B1;NOUVELLE-AQUITAINE;LANDES;ST-PAUL-LES-DAX;43.759436111111114;-1.0636055555555557;NE;OK;OK;HS;NE;OK;DE;INT;;;;25/01/2025 17:23:00;;OUI;METRO
00000610B3;NOUVELLE-AQUITAINE;LOT-ET-GARONNE;AGEN;44.18248611111111;0.6202666666666667;NE;HS;HS;OK;NE;HS;OK;INT;;25/01/2025 17:35:00;;;;OUI;METRO
00080250B3;NOUVELLE-AQUITAINE;LOT-ET-GARONNE;COCUMONT;44.47580277777778;0.03684166666666667;NE;HS;HS;HS;NE;HS;HS;MAINT;;08/10/2026 10:42:00;09/10/2026;08/10/2026 10:42:00;09/10/2026;OUI;METRO
00010727B3;NOUVELLE-AQUITAINE;LOT-ET-GARONNE;ST-BARTHELEMY-D AGENAIS;44.53991944444444;0.3752722222222222;OK;HS;HS;OK;NE;DE;OK;INT;;08/10/2026 07:43:00;11/10/2026;;;OUI;METRO
00000205B1;NOUVELLE-AQUITAINE;PYRENEES-ATLANTIQUES;BARCUS;43.14748888888889;-0.8438916666666667;NE;OK;OK;OK;NE;OK;OK;INT;;;;;;OUI;METRO
00000243B1;NOUVELLE-AQUITAINE;PYRENEES-ATLANTIQUES;BAYONNE;43.494375;-1.4694500000000001;NE;OK;OK;OK;OK;OK;OK;INT;;;;;;OUI;METRO
00016372B1;NOUVELLE-AQUITAINE;PYRENEES-ATLANTIQUES;BAYONNE;43.48425;-1.4898916666666668;NE;OK;OK;HS;NE;OK;DE;INT;;;;08/10/2026 14:18:00;09/10/2026;OUI;METRO
00017239B1;NOUVELLE-AQUITAINE;PYRENEES-ATLANTIQUES;BAYONNE;43.48430277777778;-1.4655416666666665;NE;HS;HS;HS;HS;HS;HS;INT;;08/10/2026 13:58:00;11/10/2026;08/10/2026 13:58:00;11/10/2026;OUI;METRO
00000258B1;NOUVELLE-AQUITAINE;PYRENEES-ATLANTIQUES;LARRAU;43.033433333333335;-1.0332138888888889;NE;OK;OK;OK;OK;OK;OK;INT;;;;;;OUI;METRO
00081996T3;NOUVELLE-AQUITAINE;PYRENEES-ATLANTIQUES;LOUVIE-SOUBIRON;43.01033888888889;-0.26545277777777776;NE;HS;HS;HS;NE;HS;HS;INT;;13/01/2026 11:25:00;;13/01/2026 11:25:00;;NON;METRO
00011027B1;NOUVELLE-AQUITAINE;PYRENEES-ATLANTIQUES;PAGOLLE;43.23021388888889;-1.0129666666666666;NE;HS;HS;HS;NE;HS;HS;INT;;04/04/2024 11:42:00;;04/04/2024 11:42:00;;NON;METRO
00000112B1;NOUVELLE-AQUITAINE;PYRENEES-ATLANTIQUES;POEY-D OLORON;43.247486111111115;-0.6717416666666667;NE;HS;HS;HS;HS;HS;HS;INT;;08/10/2026 14:36:00;11/10/2026;08/10/2026 14:36:00;11/10/2026;OUI;METRO
00005612P1;NOUVELLE-AQUITAINE;VIENNE;BUXEROLLES;46.59602777777778;0.3443861111111111;NE;NE;NE;HS;NE;OK;HS;INT;;;;24/09/2026 13:08:00;13/10/2026;OUI;METRO
00031926P1;NOUVELLE-AQUITAINE;VIENNE;CHAUNAY;46.19403333333333;0.13226666666666667;NE;HS;HS;HS;NE;HS;HS;INT;;03/09/2026 00:02:00;13/10/2026;03/09/2026 00:02:00;13/10/2026;OUI;METRO
00012906P1;NOUVELLE-AQUITAINE;VIENNE;MONCONTOUR;46.86711944444445;0.013761111111111111;HS;OK;OK;OK;NE;OK;OK;INT;;;;;;OUI;METRO
00006312P1;NOUVELLE-AQUITAINE;VIENNE;NAINTRE;46.778416666666665;0.5037583333333333;OK;OK;OK;OK;HS;OK;DE;INT;;;;23/06/2026 04:26:00;31/10/2026;OUI;METRO
00082015P1;NOUVELLE-AQUITAINE;VIENNE;THURAGEAU;46.7674;0.23979166666666668;NE;HS;HS;HS;HS;HS;HS;INT;;04/10/2026 00:19:00;;04/10/2026 00:19:00;;OUI;METRO
00018555T1;OCCITANIE;ARIEGE;BRIE;43.20964444444445;1.5132555555555556;NE;HS;HS;HS;NE;HS;HS;MAINT;;05/02/2026 08:25:10;;05/02/2026 08:25:10;;OUI;METRO
00005533T1;OCCITANIE;ARIEGE;TARASCON-SUR-ARIEGE;42.85355555555556;1.584863888888889;NE;OK;OK;HS;NE;OK;DE;INT;;;;05/02/2025 09:54:00;;OUI;METRO
00022148T1;OCCITANIE;ARIEGE;VENTENAC;43.01631944444444;1.7420194444444446;HS;HS;HS;HS;NE;HS;HS;INT;;08/10/2026 16:29:00;11/10/2026;08/10/2026 16:29:00;11/10/2026;OUI;METRO
00082030K1;OCCITANIE;AUDE;CAMURAC;42.77771666666666;1.932597222222222;NE;HS;HS;HS;NE;HS;HS;INT;;30/09/2026 17:37:00;12/10/2026;30/09/2026 17:37:00;12/10/2026;OUI;METRO
00014200K1;OCCITANIE;AUDE;NARBONNE;43.18430833333333;3.010213888888889;NE;HS;HS;HS;NE;HS;HS;INT;;18/09/2026 04:00:00;13/10/2026;18/09/2026 04:00:00;13/10/2026;OUI;METRO
00034014K1;OCCITANIE;AUDE;VILLEROUGE-TERMENES;43.015475;2.6314694444444444;NE;HS;HS;HS;NE;HS;HS;INT;;07/10/2026 08:00:00;15/10/2026;07/10/2026 08:00:00;15/10/2026;NON;METRO
00034592T2;OCCITANIE;AVEYRON;PEYRUSSE-LE-ROC;44.50859722222222;2.1333333333333333;NE;HS;HS;HS;NE;HS;HS;INT;;13/06/2026 17:45:00;;13/06/2026 17:45:00;;NON;METRO
00000219T2;OCCITANIE;AVEYRON;SEBRAZAC;44.54745;2.675361111111111;NE;HS;HS;HS;HS;HS;HS;INT;;07/10/2026 19:14:00;10/10/2026;07/10/2026 19:14:00;10/10/2026;OUI;METRO
00019572T2;OCCITANIE;AVEYRON;SEVERAC D AVEYRON;44.33113055555556;3.0822944444444444;NE;HS;HS;OK;OK;HS;OK;INT;;05/10/2026 17:00:08;;;;OUI;METRO
00081887T2;OCCITANIE;AVEYRON;ST-AFFRIQUE;43.974944444444446;2.789111111111111;NE;HS;HS;HS;NE;HS;HS;INT;;05/10/2026 20:30:00;13/10/2026;05/10/2026 20:30:00;13/10/2026;NON;METRO
00002396K2;OCCITANIE;GARD;AIGUES-MORTES;43.583330555555555;4.201533333333334;NE;HS;HS;HS;HS;HS;HS;INT;;24/08/2026 21:31:00;13/10/2026;24/08/2026 21:31:00;13/10/2026;OUI;METRO
00081914J1;OCCITANIE;GARD;BEAUCAIRE;43.81596666666666;4.614691666666666;NE;HS;HS;OK;OK;HS;OK;INT;;30/09/2026 23:36:00;;;;OUI;METRO
00000194K2;OCCITANIE;GARD;BOISSET-ET-GAUJAC;44.05381388888889;3.999416666666667;NE;OK;OK;OK;OK;OK;OK;INT;;;;;;OUI;METRO
00006283J4;OCCITANIE;GARD;ROQUEMAURE;44.050644444444444;4.75485;NE;HS;HS;HS;NE;HS;HS;INT;;14/08/2026 09:27:00;05/11/2026;14/08/2026 09:27:00;05/11/2026;OUI;METRO
00082553K2;OCCITANIE;GARD;ST-MARTIAL;44.04438888888889;3.7531055555555555;NE;HS;HS;HS;NE;HS;HS;INT;;07/10/2026 04:33:00;15/10/2026;07/10/2026 04:33:00;15/10/2026;NON;METRO
00082171K2;OCCITANIE;GARD;VAUVERT;43.66198611111111;4.28485;NE;HS;HS;HS;HS;HS;HS;INT;;07/10/2026 05:48:00;15/10/2026;09/10/2026 04:00:07;11/10/2026;OUI;METRO
00001563J4;OCCITANIE;GARD;VILLENEUVE-LES-AVIGNON;43.971494444444446;4.775613888888889;NE;OK;OK;OK;HS;OK;DE;INT;;;;01/10/2026 11:12:00;09/10/2026;OUI;METRO
00025579T3;OCCITANIE;GERS;CONDOM;43.93105555555555;0.35983055555555554;HS;OK;OK;NE;NE;OK;OK;INT;;;;;;OUI;METRO
00000022T3;OCCITANIE;GERS;CONDOM;43.97083055555556;0.40444444444444444;NE;OK;OK;OK;OK;OK;OK;INT;;;;;;OUI;METRO
00022193T3;OCCITANIE;GERS;MARAVAT;43.76388055555555;0.7586166666666667;HS;OK;OK;OK;NE;OK;OK;INT;;;;;;OUI;METRO
00000007T1;OCCITANIE;HAUTE-GARONNE;BLAGNAC;43.63538888888889;1.3747472222222223;NE;HS;HS;HS;HS;HS;HS;MAINT;;13/04/2026 09:36:00;16/10/2026;13/04/2026 09:36:00;16/10/2026;OUI;METRO
00012110T1;OCCITANIE;HAUTE-GARONNE;MELLES;42.86361111111111;0.7530611111111111;NE;HS;HS;HS;HS;HS;HS;INT;;23/09/2026 16:18:00;02/11/2026;23/09/2026 16:18:00;02/11/2026;OUI;METRO
00000310T1;OCCITANIE;HAUTE-GARONNE;TOULOUSE;43.61354722222222;1.4660333333333333;NE;HS;HS;HS;HS;HS;HS;INT;;28/07/2026 01:31:00;14/10/2026;28/07/2026 01:31:00;14/10/2026;OUI;METRO
00007983T1;OCCITANIE;HAUTE-GARONNE;TOULOUSE;43.60955;1.4799972222222224;NE;HS;HS;OK;OK;HS;OK;INT;;14/01/2026 05:44:00;09/10/2026;;;OUI;METRO
00082167T1;OCCITANIE;HAUTE-GARONNE;VILLEMUR-SUR-TARN;43.87535277777778;1.5204944444444444;NE;HS;HS;OK;OK;HS;OK;INT;;19/09/2026 10:38:00;;;;OUI;METRO
00027497T3;OCCITANIE;HAUTES-PYRENEES;ARBEOST;43.00071388888889;-0.2823333333333333;NE;HS;HS;HS;NE;HS;HS;INT;;22/09/2026 10:34:00;;22/09/2026 10:34:00;;NON;METRO
00082017T3;OCCITANIE;HAUTES-PYRENEES;BORDERES SUR L ECHEZ;43.25788611111111;0.04627222222222222;NE;NE;NE;OK;HS;OK;DE;INT;;;;11/07/2026 17:20:00;21/10/2026;OUI;METRO
00000049T3;OCCITANIE;HAUTES-PYRENEES;GAVARNIE-GEDRE;42.73416388888889;-0.010561111111111111;NE;HS;HS;HS;HS;HS;HS;INT;;07/10/2026 02:15:08;14/10/2026;08/10/2026 14:00:04;10/10/2026;OUI;METRO
00007340K2;OCCITANIE;HERAULT;ABEILHAN;43.44964444444444;3.2950305555555555;HS;NE;NE;NE;NE;HS;OK;INT;;27/08/2026 19:21:00;;;;OUI;METRO
00028841K2;OCCITANIE;HERAULT;AVENE;43.74916388888889;3.0984694444444445;NE;OK;OK;HS;NE;OK;DE;INT;;;;24/06/2026 15:09:00;;NON;METRO
00082338K2;OCCITANIE;HERAULT;DIO-ET-VALQUIERES;43.662216666666666;3.2111083333333337;NE;HS;HS;HS;NE;HS;HS;INT;;07/10/2026 04:35:00;15/10/2026;07/10/2026 04:35:00;15/10/2026;NON;METRO
00000361K2;OCCITANIE;HERAULT;LA GRANDE-MOTTE;43.563583333333334;4.100438888888888;NE;HS;HS;HS;HS;HS;HS;MAINT;;06/10/2026 19:15:08;23/10/2026;06/10/2026 19:15:08;23/10/2026;OUI;METRO
00000025K2;OCCITANIE;HERAULT;LE PUECH;43.68991388888889;3.3384583333333335;NE;HS;HS;HS;HS;HS;HS;INT;;07/10/2026 04:59:00;10/10/2026;07/10/2026 04:59:00;10/10/2026;OUI;METRO
00007471K2;OCCITANIE;HERAULT;LODEVE;43.712775;3.3186111111111107;NE;HS;HS;HS;HS;HS;HS;INT;;07/10/2026 04:59:00;10/10/2026;07/10/2026 04:59:00;10/10/2026;OUI;METRO
00000356K2;OCCITANIE;HERAULT;MAUGUIO;43.545544444444445;3.9729;NE;HS;HS;HS;HS;HS;HS;INT;;01/10/2026 08:13:00;12/10/2026;01/10/2026 08:13:00;12/10/2026;OUI;METRO
00020562K1;OCCITANIE;HERAULT;MINERVE;43.35085277777778;2.744125;NE;HS;HS;HS;NE;HS;HS;INT;;03/10/2026 14:55:00;13/10/2026;03/10/2026 14:55:00;13/10/2026;OUI;METRO
00082293K2;OCCITANIE;HERAULT;MIREVAL;43.50983333333333;3.7984166666666663;NE;HS;HS;HS;NE;HS;HS;MAINT;;08/10/2026 12:02:00;15/10/2026;08/10/2026 12:02:00;15/10/2026;OUI;METRO
00000099K2;OCCITANIE;HERAULT;MONTBLANC;43.361650000000004;3.3529416666666667;NE;OK;OK;OK;HS;OK;DE;INT;;;;05/10/2026 04:26:00;13/10/2026;OUI;METRO
00000401K2;OCCITANIE;HERAULT;MONTPELLIER;43.61975833333334;3.861775;NE;HS;HS;HS;HS;HS;HS;INT;;07/10/2026 15:18:00;10/10/2026;07/10/2026 15:18:00;10/10/2026;OUI;METRO
00034166K2;OCCITANIE;HERAULT;MONTPELLIER;43.63973333333333;3.833380555555556;NE;HS;HS;OK;OK;HS;OK;INT;;03/10/2026 17:26:00;14/10/2026;;;OUI;METRO
00010791K2;OCCITANIE;HERAULT;MONTPELLIER;43.604483333333334;3.858088888888889;NE;HS;HS;HS;HS;HS;HS;INT;;02/10/2026 06:17:00;;02/10/2026 06:17:00;;OUI;METRO
00000176K2;OCCITANIE;HERAULT;NISSAN-LEZ-ENSERUNE;43.2915;3.1307694444444443;NE;OK;OK;OK;HS;OK;DE;INT;;;;23/04/2025 23:14:00;;OUI;METRO
00081905K2;OCCITANIE;HERAULT;PERET;43.57814166666667;3.3928305555555553;NE;HS;HS;HS;HS;HS;HS;INT;;03/10/2026 12:54:00;14/10/2026;03/10/2026 12:54:00;14/10/2026;OUI;METRO
00000106K2;OCCITANIE;HERAULT;PIERRERUE;43.427775;2.9822222222222226;NE;HS;HS;HS;HS;HS;HS;INT;;03/10/2026 14:49:00;13/10/2026;03/10/2026 14:49:00;13/10/2026;OUI;METRO
00082036K2;OCCITANIE;HERAULT;ST-PONS-DE-MAUCHIENS;43.50179444444444;3.5219722222222223;NE;HS;HS;HS;HS;HS;HS;INT;;05/10/2026 06:07:00;;05/10/2026 06:07:00;;OUI;METRO
00082004K2;OCCITANIE;HERAULT;VIAS;43.31526944444444;3.373927777777778;NE;HS;HS;HS;HS;HS;HS;INT;;03/10/2026 20:52:00;13/10/2026;03/10/2026 20:52:00;13/10/2026;OUI;METRO
00082084K2;OCCITANIE;HERAULT;VIAS;43.30685555555555;3.426013888888889;NE;HS;HS;HS;HS;HS;HS;INT;;03/10/2026 21:50:00;13/10/2026;03/10/2026 21:50:00;13/10/2026;OUI;METRO
00081622T2;OCCITANIE;LOT;LES PECHS DU VERS;44.58217500000001;1.5661416666666668;NE;HS;HS;HS;NE;HS;HS;INT;;03/08/2026 19:45:00;;03/08/2026 19:45:00;;NON;METRO
00082143K2;OCCITANIE;LOZERE;MASSEGROS-CAUSSES-GORGES;44.30078611111111;3.230413888888889;NE;HS;HS;HS;NE;HS;HS;INT;;09/02/2025 08:01:00;;09/02/2025 08:01:00;;NON;METRO
00082479K2;OCCITANIE;LOZERE;ST BONNET LAVAL;44.837138888888894;3.738602777777778;NE;HS;HS;NE;NE;HS;HS;INT;;04/10/2026 03:30:00;12/10/2026;04/10/2026 03:30:00;12/10/2026;NON;METRO
00082044K2;OCCITANIE;LOZERE;ST-ETIENNE-VALLEE-FRANCAISE;44.17254722222222;3.828933333333333;NE;HS;HS;HS;NE;HS;HS;INT;;07/10/2026 07:29:00;10/10/2026;07/10/2026 07:29:00;10/10/2026;OUI;METRO
00009072K2;OCCITANIE;LOZERE;ST-JEAN-LA-FOUILLOUSE;44.70783055555556;3.7009222222222222;HS;OK;OK;OK;NE;OK;OK;INT;;;;;;OUI;METRO
00000122K1;OCCITANIE;PYRENEES-ORIENTALES;CERBERE;42.44050555555555;3.1744638888888885;NE;HS;HS;HS;HS;HS;HS;INT;;08/10/2026 17:50:00;11/10/2026;08/10/2026 17:50:00;11/10/2026;OUI;METRO
00082012K1;OCCITANIE;PYRENEES-ORIENTALES;COUSTOUGES;42.35359166666667;2.612938888888889;NE;HS;HS;HS;NE;HS;HS;INT;;22/09/2026 19:47:00;;22/09/2026 19:47:00;;NON;METRO
00000052K1;OCCITANIE;PYRENEES-ORIENTALES;PERPIGNAN;42.68363333333333;2.848011111111111;NE;NE;NE;NE;NE;OK;OK;INT;;;;;;OUI;METRO
00003042K1;OCCITANIE;PYRENEES-ORIENTALES;PORTE-PUYMORENS;42.54082222222222;1.823811111111111;HS;OK;OK;OK;NE;OK;OK;INT;;;;;;OUI;METRO
00082099K1;OCCITANIE;PYRENEES-ORIENTALES;SOREDE;42.50776944444444;3.005552777777778;NE;HS;HS;HS;NE;HS;HS;INT;;08/03/2024 17:00:00;;08/03/2024 17:00:00;;NON;METRO
00000192K1;OCCITANIE;PYRENEES-ORIENTALES;TAUTAVEL;42.828608333333335;2.7669444444444444;NE;OK;OK;OK;OK;OK;OK;INT;;;;;;OUI;METRO
00012978T2;OCCITANIE;TARN;ALBI;43.95711111111111;2.1343944444444443;NE;HS;HS;HS;HS;HS;HS;INT;;08/10/2026 09:39:00;11/10/2026;08/10/2026 09:39:00;11/10/2026;OUI;METRO
00081501T2;OCCITANIE;TARN;BARRE;43.74691666666667;2.8152777777777778;NE;HS;HS;HS;NE;HS;HS;INT;;01/10/2026 23:23:00;13/10/2026;01/10/2026 23:23:00;13/10/2026;OUI;METRO
00000169T2;OCCITANIE;TARN;BRASSAC;43.614586111111116;2.4929;NE;OK;OK;OK;NE;OK;OK;INT;;;;;;OUI;METRO
00008817T2;OCCITANIE;TARN;CAGNAC-LES-MINES;43.97911944444444;2.1488555555555555;NE;NE;NE;HS;HS;OK;HS;INT;;;;08/10/2026 09:40:00;11/10/2026;OUI;METRO
00001027T2;OCCITANIE;TARN;CARMAUX;44.04591666666666;2.158444444444444;NE;OK;OK;OK;OK;OK;OK;INT;;;;;;OUI;METRO
00000022T2;OCCITANIE;TARN;CARMAUX;44.06157777777778;2.157522222222222;NE;HS;HS;OK;OK;HS;OK;INT;;08/10/2026 02:26:00;16/10/2026;;;OUI;METRO
00000277T2;OCCITANIE;TARN;MURAT-SUR-VEBRE;43.71766944444445;2.8347861111111112;NE;HS;HS;HS;HS;HS;HS;INT;;01/10/2026 23:23:00;14/10/2026;01/10/2026 23:23:00;13/10/2026;OUI;METRO
00081696T2;OCCITANIE;TARN;MURAT-SUR-VEBRE;43.67708611111111;2.8737166666666667;NE;NE;NE;HS;HS;OK;HS;INT;;;;01/10/2026 23:45:00;13/10/2026;OUI;METRO
00000037T2;OCCITANIE;TARN-ET-GARONNE;CAYLUS;44.23068611111111;1.7866027777777778;NE;OK;OK;HS;HS;OK;DE;INT;;;;02/10/2026 10:09:00;13/10/2026;OUI;METRO
00016503M1;PAYS DE LA LOIRE;LOIRE-ATLANTIQUE;BOUGUENAIS;47.16573333333333;-1.5840694444444445;NE;HS;HS;HS;HS;HS;HS;INT;;24/09/2026 11:43:00;30/10/2026;24/09/2026 11:43:00;30/10/2026;OUI;METRO
00018391M1;PAYS DE LA LOIRE;LOIRE-ATLANTIQUE;CHATEAUBRIANT;47.72730277777778;-1.3644861111111113;NE;OK;OK;HS;HS;OK;DE;INT;;;;06/10/2026 11:35:00;;OUI;METRO
00000181M1;PAYS DE LA LOIRE;LOIRE-ATLANTIQUE;CHAUMES-EN-RETZ;47.18494166666666;-1.9678250000000002;NE;HS;HS;HS;HS;HS;HS;INT;;06/10/2026 23:24:00;10/10/2026;06/10/2026 23:24:00;10/10/2026;OUI;METRO
00082072M1;PAYS DE LA LOIRE;LOIRE-ATLANTIQUE;DONGES;47.3316;-2.0190083333333333;NE;NE;NE;HS;OK;OK;DE;MAINT;;;;24/09/2026 10:00:00;;OUI;METRO
00081735M1;PAYS DE LA LOIRE;LOIRE-ATLANTIQUE;LE LOROUX-BOTTEREAU;47.240319444444445;-1.3473083333333333;NE;HS;HS;OK;OK;HS;OK;INT;;06/10/2026 23:31:00;14/10/2026;;;OUI;METRO
00025691M1;PAYS DE LA LOIRE;LOIRE-ATLANTIQUE;LES SORINIERES;47.148136111111114;-1.5245583333333332;NE;HS;HS;HS;HS;HS;HS;INT;;10/08/2026 00:46:00;;10/08/2026 00:46:00;;OUI;METRO
00024612M1;PAYS DE LA LOIRE;LOIRE-ATLANTIQUE;NANTES;47.222297222222224;-1.5084027777777778;NE;OK;OK;HS;HS;OK;DE;INT;;;;08/10/2026 05:47:00;16/10/2026;OUI;METRO
00000118M1;PAYS DE LA LOIRE;LOIRE-ATLANTIQUE;NANTES;47.259211111111114;-1.5305833333333332;NE;HS;HS;HS;NE;HS;HS;INT;;12/08/2026 15:41:00;09/11/2026;12/08/2026 15:41:00;09/11/2026;OUI;METRO
00000117M1;PAYS DE LA LOIRE;LOIRE-ATLANTIQUE;NANTES;47.24811666666667;-1.5254305555555554;NE;HS;HS;OK;OK;HS;OK;INT;;06/09/2026 14:09:00;;;;OUI;METRO
00000196M1;PAYS DE LA LOIRE;LOIRE-ATLANTIQUE;PONT-ST-MARTIN;47.12272222222222;-1.6062583333333333;NE;HS;HS;HS;HS;HS;HS;INT;;30/09/2026 09:55:00;12/10/2026;30/09/2026 09:55:00;12/10/2026;OUI;METRO
00025709M1;PAYS DE LA LOIRE;LOIRE-ATLANTIQUE;PONT-ST-MARTIN;47.12735833333333;-1.5776055555555555;NE;OK;OK;HS;OK;OK;DE;INT;;;;26/07/2026 23:21:00;13/10/2026;OUI;METRO
00000138M1;PAYS DE LA LOIRE;LOIRE-ATLANTIQUE;ST HERBLAIN;47.24456388888889;-1.608313888888889;NE;HS;HS;HS;NE;HS;HS;INT;;08/04/2026 16:53:00;06/11/2026;08/04/2026 16:53:00;06/11/2026;OUI;METRO
00081609M1;PAYS DE LA LOIRE;LOIRE-ATLANTIQUE;ST HERBLAIN;47.213750000000005;-1.608313888888889;NE;OK;OK;HS;HS;OK;DE;INT;;;;03/09/2026 23:51:00;14/10/2026;OUI;METRO
00004962M1;PAYS DE LA LOIRE;LOIRE-ATLANTIQUE;ST NAZAIRE;47.28575;-2.211952777777778;NE;HS;HS;HS;HS;HS;HS;INT;;08/10/2026 13:42:00;11/10/2026;08/10/2026 13:42:00;11/10/2026;OUI;METRO
00018425M1;PAYS DE LA LOIRE;LOIRE-ATLANTIQUE;ST NAZAIRE;47.283877777777775;-2.2107472222222224;NE;HS;HS;HS;HS;HS;HS;INT;;07/04/2026 14:37:00;06/11/2026;07/04/2026 14:37:00;06/11/2026;OUI;METRO
00000190M1;PAYS DE LA LOIRE;LOIRE-ATLANTIQUE;ST-NAZAIRE;47.290952777777775;-2.221216666666667;NE;HS;HS;HS;NE;HS;HS;INT;;26/06/2026 11:49:00;;26/06/2026 11:49:00;;OUI;METRO
00081656M1;PAYS DE LA LOIRE;LOIRE-ATLANTIQUE;VIGNEUX-DE-BRETAGNE;47.33242777777778;-1.7048694444444443;NE;HS;HS;HS;HS;HS;HS;INT;;04/02/2026 08:51:00;;04/02/2026 08:51:00;;OUI;METRO
00000180M1;PAYS DE LA LOIRE;LOIRE-ATLANTIQUE;VUE;47.20165277777778;-1.8995972222222222;NE;HS;HS;HS;NE;HS;HS;INT;;14/08/2026 18:08:00;09/10/2026;14/08/2026 18:08:00;09/10/2026;OUI;METRO
00000046M2;PAYS DE LA LOIRE;MAINE-ET-LOIRE;ANGERS;47.46755;-0.5363722222222223;NE;HS;HS;HS;HS;HS;HS;INT;;06/09/2026 19:20:00;01/12/2026;06/09/2026 19:20:00;01/12/2026;OUI;METRO
00035015M2;PAYS DE LA LOIRE;MAINE-ET-LOIRE;CHACE;47.20796666666667;-0.056655555555555556;NE;NE;NE;HS;HS;OK;HS;INT;;;;11/09/2026 09:47:00;02/11/2026;OUI;METRO
00000077M2;PAYS DE LA LOIRE;MAINE-ET-LOIRE;CHOLET;47.059666666666665;-0.8732166666666666;NE;HS;HS;OK;OK;HS;OK;INT;;07/10/2026 11:36:00;15/10/2026;;;OUI;METRO
00014659M2;PAYS DE LA LOIRE;MAINE-ET-LOIRE;CHOLET;47.05384722222222;-0.9005722222222222;NE;HS;HS;HS;HS;HS;HS;INT;;11/07/2026 08:53:00;21/10/2026;11/07/2026 08:53:00;21/10/2026;OUI;METRO
00000137M2;PAYS DE LA LOIRE;MAINE-ET-LOIRE;JARZE VILLAGES;47.569027777777784;-0.22768333333333335;NE;HS;HS;OK;NE;HS;OK;INT;;19/09/2026 05:18:00;;;;OUI;METRO
00015317M2;PAYS DE LA LOIRE;MAINE-ET-LOIRE;LA ROMAGNE;47.06196666666666;-1.02085;NE;HS;HS;HS;HS;HS;HS;INT;;21/08/2026 09:38:00;;21/08/2026 09:38:00;;OUI;METRO
00034871M2;PAYS DE LA LOIRE;MAINE-ET-LOIRE;LOIRE-AUTHION;47.425752777777774;-0.36277499999999996;NE;HS;HS;HS;NE;HS;HS;INT;;06/10/2026 10:35:00;09/10/2026;06/10/2026 10:35:00;09/10/2026;OUI;METRO
00027019M2;PAYS DE LA LOIRE;MAINE-ET-LOIRE;SAUMUR;47.24635555555555;-0.09303888888888888;NE;HS;HS;OK;NE;HS;OK;INT;;28/06/2025 13:18:00;31/12/2026;;;OUI;METRO
00034758M2;PAYS DE LA LOIRE;MAINE-ET-LOIRE;THORIGNE-D ANJOU;47.642072222222225;-0.6596972222222223;NE;HS;HS;HS;NE;HS;HS;MAINT;;05/10/2026 11:48:00;;05/10/2026 11:48:00;;OUI;METRO
00000028M2;PAYS DE LA LOIRE;MAYENNE;CRAON;47.837133333333334;-0.9480083333333333;NE;OK;OK;OK;OK;OK;OK;INT;;;;;;OUI;METRO
00004140M2;PAYS DE LA LOIRE;MAYENNE;EVRON;48.148044444444444;-0.41715;NE;HS;HS;HS;NE;HS;HS;INT;;07/10/2026 14:12:00;10/10/2026;07/10/2026 14:12:00;10/10/2026;OUI;METRO
00000134M2;PAYS DE LA LOIRE;MAYENNE;JAVRON-LES-CHAPELLES;48.423563888888886;-0.33305277777777775;NE;HS;HS;OK;OK;HS;OK;INT;;28/09/2026 08:43:00;09/10/2026;;;OUI;METRO
00034807M2;PAYS DE LA LOIRE;MAYENNE;LA CHAPELLE-RAINSOUIN;48.101325;-0.5051916666666667;NE;HS;HS;OK;NE;HS;OK;INT;;07/10/2026 18:48:00;15/10/2026;;;OUI;METRO
00000235M2;PAYS DE LA LOIRE;MAYENNE;LAVAL;48.071975;-0.7492472222222222;NE;OK;OK;OK;OK;OK;OK;INT;;;;;;OUI;METRO
00000059M2;PAYS DE LA LOIRE;MAYENNE;LOIRON-RUILLE;48.07499722222222;-0.9963861111111111;NE;HS;HS;HS;HS;HS;HS;INT;;04/10/2026 21:34:00;16/10/2026;04/10/2026 21:34:00;16/10/2026;OUI;METRO
00034809M2;PAYS DE LA LOIRE;MAYENNE;OISSEAU;48.350122222222225;-0.6764166666666667;NE;HS;HS;HS;HS;HS;HS;INT;;07/10/2026 08:12:00;10/10/2026;07/10/2026 08:12:00;10/10/2026;OUI;METRO
00034866M2;PAYS DE LA LOIRE;MAYENNE;ST BERTHEVIN;48.06254444444444;-0.8154722222222223;NE;HS;HS;HS;HS;HS;HS;INT;;27/08/2026 15:16:00;;27/08/2026 15:16:00;;OUI;METRO
00002969M2;PAYS DE LA LOIRE;SARTHE;ALLONNES;47.965411111111116;0.167625;NE;HS;HS;HS;NE;HS;HS;INT;;26/08/2026 22:57:00;16/10/2026;26/08/2026 22:57:00;16/10/2026;OUI;METRO
00034946M2;PAYS DE LA LOIRE;SARTHE;AVOISE;47.86996666666667;-0.23773611111111112;NE;HS;HS;OK;NE;HS;OK;INT;;21/08/2026 05:56:00;;;;OUI;METRO
00000202M2;PAYS DE LA LOIRE;SARTHE;LA CHAPELLE-ST-AUBIN;48.04203888888889;0.17335;NE;NE;NE;HS;HS;OK;HS;MAINT;;;;02/03/2026 16:09:00;;OUI;METRO
00000271M2;PAYS DE LA LOIRE;SARTHE;LA FLECHE;47.70291666666667;-0.05916944444444445;NE;HS;HS;OK;OK;HS;OK;MAINT;;05/10/2026 08:34:00;;;;OUI;METRO
00000226M2;PAYS DE LA LOIRE;SARTHE;LA FLECHE;47.70668611111111;-0.08618888888888888;NE;HS;HS;HS;OK;HS;DE;INT;;29/09/2026 19:45:00;15/10/2026;29/09/2026 19:45:00;15/10/2026;OUI;METRO
00000164M2;PAYS DE LA LOIRE;SARTHE;LHOMME;47.767155555555554;0.5452583333333333;NE;HS;HS;HS;NE;HS;HS;INT;;17/09/2026 11:21:00;;17/09/2026 11:21:00;;OUI;METRO
00000100M2;PAYS DE LA LOIRE;SARTHE;MAIGNE;47.92821111111111;-0.075725;NE;OK;OK;OK;NE;OK;OK;INT;;;;;;OUI;METRO
00034316M2;PAYS DE LA LOIRE;SARTHE;PRECIGNE;47.76526111111111;-0.3711222222222222;NE;HS;HS;HS;NE;HS;HS;INT;;30/09/2026 18:52:00;12/10/2026;30/09/2026 18:52:00;12/10/2026;OUI;METRO
00034218M2;PAYS DE LA LOIRE;SARTHE;ST-MARS-LA-BRIERE;48.034977777777776;0.39134722222222224;NE;HS;HS;OK;OK;HS;OK;INT;;15/12/2025 12:30:00;;;;OUI;METRO
00019493M2;PAYS DE LA LOIRE;SARTHE;ST-REMY-DE-SILLE;48.17392222222222;-0.11632500000000001;NE;HS;HS;HS;NE;HS;HS;MAINT;;08/10/2026 08:59:00;09/10/2026;08/10/2026 08:59:00;09/10/2026;OUI;METRO
00000025M1;PAYS DE LA LOIRE;VENDEE;FONTENAY-LE-COMTE;46.47826944444444;-0.8197;NE;OK;OK;OK;OK;OK;OK;MAINT;;;;;;OUI;METRO
00081978M1;PAYS DE LA LOIRE;VENDEE;FONTENAY-LE-COMTE;46.459719444444445;-0.7803000000000001;NE;HS;HS;HS;NE;HS;HS;INT;;20/07/2026 15:43:00;26/10/2026;20/07/2026 15:43:00;26/10/2026;OUI;METRO
00000320M1;PAYS DE LA LOIRE;VENDEE;L AIGUILLON LA PRESQU ILE;46.330375000000004;-1.294461111111111;NE;HS;HS;NE;HS;HS;HS;INT;;07/10/2026 11:59:00;10/10/2026;07/10/2026 11:59:00;10/10/2026;OUI;METRO
00009457M1;PAYS DE LA LOIRE;VENDEE;LA GUERINIERE;46.96474722222222;-2.214611111111111;NE;HS;HS;OK;OK;HS;OK;INT;;05/10/2026 10:28:00;13/10/2026;;;OUI;METRO
00081911M1;PAYS DE LA LOIRE;VENDEE;LA TRANCHE-SUR-MER;46.3568;-1.4522388888888889;NE;NE;NE;HS;HS;OK;HS;INT;;;;24/06/2026 15:07:00;;OUI;METRO
00009460M1;PAYS DE LA LOIRE;VENDEE;NOTRE-DAME-DE-MONTS;46.85141111111111;-2.130202777777778;NE;HS;HS;HS;HS;HS;HS;MAINT;;08/10/2026 09:09:00;09/10/2026;08/10/2026 09:09:00;09/10/2026;OUI;METRO
00010408M1;PAYS DE LA LOIRE;VENDEE;POUZAUGES;46.775275;-0.8437694444444445;NE;HS;HS;HS;HS;HS;HS;INT;;02/09/2026 12:02:00;;02/09/2026 12:02:00;;OUI;METRO
00081833M1;PAYS DE LA LOIRE;VENDEE;XANTON-CHASSENON;46.4562;-0.6967083333333334;NE;HS;HS;HS;NE;HS;HS;INT;;25/08/2026 05:07:00;09/10/2026;25/08/2026 05:07:00;09/10/2026;OUI;METRO
00020387J4;PROVENCE-ALPES-COTE D'AZUR;ALPES-DE-HAUTE-PROVENCE;CHAUDON-NORANTE;43.96616388888889;6.311599999999999;NE;OK;OK;OK;OK;OK;OK;INT;;;;;;OUI;METRO
00000165J4;PROVENCE-ALPES-COTE D'AZUR;ALPES-DE-HAUTE-PROVENCE;LA MURE-ARGENS;44.009480555555555;6.527775;NE;HS;HS;HS;NE;HS;HS;INT;;07/10/2026 00:42:00;;07/10/2026 00:42:00;;OUI;METRO
00018049J4;PROVENCE-ALPES-COTE D'AZUR;ALPES-DE-HAUTE-PROVENCE;ST-MARTIN-LES-EAUX;43.870086111111114;5.742780555555556;OK;HS;HS;OK;NE;DE;OK;INT;;02/07/2026 09:50:00;06/11/2026;;;OUI;METRO
00034947J4;PROVENCE-ALPES-COTE D'AZUR;ALPES-DE-HAUTE-PROVENCE;THORAME-HAUTE;44.045944444444444;6.600152777777778;NE;HS;HS;HS;NE;HS;HS;INT;;08/04/2024 04:31:00;;08/04/2024 04:31:00;;NON;METRO
00034799J4;PROVENCE-ALPES-COTE D'AZUR;ALPES-DE-HAUTE-PROVENCE;VILLENEUVE;43.894708333333334;5.858327777777777;NE;OK;OK;HS;HS;OK;DE;INT;;;;17/06/2026 12:11:00;;OUI;METRO
00012427J2;PROVENCE-ALPES-COTE D'AZUR;ALPES-MARITIMES;BEAUSOLEIL;43.75391666666667;7.420252777777778;NE;OK;OK;HS;HS;OK;DE;INT;;;;11/06/2026 05:15:00;15/10/2026;OUI;METRO
00034065J2;PROVENCE-ALPES-COTE D'AZUR;ALPES-MARITIMES;CAGNES-SUR-MER;43.66686111111111;7.14028888888889;NE;HS;HS;HS;NE;HS;HS;INT;;07/07/2026 15:47:00;26/10/2026;07/07/2026 15:47:00;26/10/2026;OUI;METRO
00000306J2;PROVENCE-ALPES-COTE D'AZUR;ALPES-MARITIMES;CANNES;43.563913888888884;7.009675;NE;HS;HS;HS;HS;HS;HS;INT;;07/07/2026 13:09:00;;07/07/2026 13:09:00;;OUI;METRO
00000391J2;PROVENCE-ALPES-COTE D'AZUR;ALPES-MARITIMES;MENTON;43.778325;7.4722277777777775;NE;HS;HS;HS;NE;HS;HS;MAINT;;05/10/2026 08:30:00;09/10/2026;05/10/2026 08:30:00;09/10/2026;OUI;METRO
00016115J2;PROVENCE-ALPES-COTE D'AZUR;ALPES-MARITIMES;MOUGINS;43.60944444444445;7.021522222222222;HS;OK;OK;OK;NE;OK;OK;INT;;;;;;OUI;METRO
00028612J2;PROVENCE-ALPES-COTE D'AZUR;ALPES-MARITIMES;MOUGINS;43.58989722222223;7.0145027777777775;NE;HS;HS;HS;NE;HS;HS;INT;;08/10/2026 07:08:00;11/10/2026;08/10/2026 07:08:00;11/10/2026;OUI;METRO
00014531J2;PROVENCE-ALPES-COTE D'AZUR;ALPES-MARITIMES;MOULINET;43.94251111111111;7.4118611111111115;HS;HS;HS;HS;NE;HS;HS;INT;;15/07/2026 20:07:00;14/10/2026;15/07/2026 20:07:00;14/10/2026;OUI;METRO
00081919J2;PROVENCE-ALPES-COTE D'AZUR;ALPES-MARITIMES;NICE;43.717444444444446;7.253961111111111;NE;NE;NE;HS;NE;OK;HS;INT;;;;07/09/2026 10:50:00;06/11/2026;OUI;METRO
00000390J2;PROVENCE-ALPES-COTE D'AZUR;ALPES-MARITIMES;NICE;43.667161111111106;7.214016666666667;NE;HS;HS;HS;HS;HS;HS;INT;;08/10/2026 07:04:00;11/10/2026;08/10/2026 07:04:00;11/10/2026;OUI;METRO
00081946J2;PROVENCE-ALPES-COTE D'AZUR;ALPES-MARITIMES;NICE;43.69794444444444;7.2651111111111115;NE;HS;HS;OK;NE;HS;OK;INT;;18/10/2025 10:00:00;30/10/2026;;;OUI;METRO
00081943J2;PROVENCE-ALPES-COTE D'AZUR;ALPES-MARITIMES;NICE;43.69918333333333;7.268755555555556;NE;HS;HS;HS;NE;HS;HS;INT;;18/10/2025 10:00:00;30/10/2026;18/10/2025 10:00:00;30/10/2026;OUI;METRO
00033488J2;PROVENCE-ALPES-COTE D'AZUR;ALPES-MARITIMES;NICE;43.69141666666666;7.244416666666667;HS;OK;OK;OK;NE;OK;OK;INT;;;;;;OUI;METRO
00000136J2;PROVENCE-ALPES-COTE D'AZUR;ALPES-MARITIMES;SOSPEL;43.876936111111114;7.409175;NE;HS;HS;HS;HS;HS;HS;INT;;15/07/2026 20:07:00;14/10/2026;15/07/2026 20:07:00;14/10/2026;OUI;METRO
00013808J2;PROVENCE-ALPES-COTE D'AZUR;ALPES-MARITIMES;ST-LAURENT-DU-VAR;43.689299999999996;7.178058333333333;NE;OK;OK;OK;OK;OK;OK;INT;;;;;;OUI;METRO
00081845J2;PROVENCE-ALPES-COTE D'AZUR;ALPES-MARITIMES;VALBONNE;43.62662777777778;7.053736111111111;NE;HS;HS;OK;OK;HS;OK;INT;;28/08/2026 03:21:00;;;;OUI;METRO
00013841J2;PROVENCE-ALPES-COTE D'AZUR;ALPES-MARITIMES;VALBONNE;43.64121111111111;7.042866666666667;NE;NE;NE;HS;HS;OK;HS;MAINT;;;;08/10/2026 10:25:00;08/11/2026;OUI;METRO
00032707J2;PROVENCE-ALPES-COTE D'AZUR;ALPES-MARITIMES;VALLAURIS;43.59851666666667;7.052538888888889;NE;HS;HS;HS;HS;HS;HS;INT;;03/09/2026 19:29:00;02/11/2026;03/09/2026 19:29:00;02/11/2026;OUI;METRO
00082049J1;PROVENCE-ALPES-COTE D'AZUR;BOUCHES-DU-RHONE;AIX-EN-PROVENCE;43.52795833333333;5.449519444444444;NE;HS;HS;OK;NE;HS;OK;INT;;04/03/2026 10:04:00;02/11/2026;;;OUI;METRO
00081944J1;PROVENCE-ALPES-COTE D'AZUR;BOUCHES-DU-RHONE;AIX-EN-PROVENCE;43.511319444444446;5.4435472222222225;NE;NE;NE;HS;OK;OK;DE;INT;;;;05/10/2026 15:06:00;13/10/2026;OUI;METRO
00000152J4;PROVENCE-ALPES-COTE D'AZUR;BOUCHES-DU-RHONE;BOULBON;43.84657222222222;4.701288888888889;NE;HS;HS;HS;HS;HS;HS;INT;;24/06/2026 12:42:00;28/10/2026;24/06/2026 12:42:00;28/10/2026;OUI;METRO
00022599J1;PROVENCE-ALPES-COTE D'AZUR;BOUCHES-DU-RHONE;CARRY-LE-ROUET;43.32901944444445;5.153330555555556;NE;HS;HS;HS;NE;HS;HS;MAINT;;05/10/2026 14:22:00;12/10/2026;05/10/2026 14:22:00;12/10/2026;OUI;METRO
00000218J1;PROVENCE-ALPES-COTE D'AZUR;BOUCHES-DU-RHONE;CEYRESTE;43.23026111111111;5.6663805555555555;NE;HS;HS;HS;NE;HS;HS;INT;;07/10/2026 11:29:00;10/10/2026;07/10/2026 11:29:00;10/10/2026;OUI;METRO
00000076J4;PROVENCE-ALPES-COTE D'AZUR;BOUCHES-DU-RHONE;EYGALIERES;43.75761111111111;4.959005555555556;NE;HS;HS;HS;HS;HS;HS;MAINT;;28/09/2026 09:22:00;09/10/2026;28/09/2026 09:22:00;09/10/2026;OUI;METRO
00031661J1;PROVENCE-ALPES-COTE D'AZUR;BOUCHES-DU-RHONE;LES PENNES-MIRABEAU;43.412908333333334;5.301127777777777;NE;HS;HS;HS;HS;HS;HS;INT;;03/10/2026 13:23:00;13/10/2026;03/10/2026 13:23:00;13/10/2026;OUI;METRO
00008222J1;PROVENCE-ALPES-COTE D'AZUR;BOUCHES-DU-RHONE;MARIGNANE;43.43776388888889;5.229983333333333;NE;NE;NE;HS;HS;OK;HS;INT;;;;05/10/2026 11:00:00;18/11/2026;OUI;METRO
00029604J1;PROVENCE-ALPES-COTE D'AZUR;BOUCHES-DU-RHONE;MARSEILLE 02;43.29867222222222;5.36968611111111;NE;NE;NE;HS;NE;OK;HS;INT;;;;06/10/2026 01:06:00;;OUI;METRO
00000143J1;PROVENCE-ALPES-COTE D'AZUR;BOUCHES-DU-RHONE;MARSEILLE 04;43.313111111111105;5.406605555555556;NE;HS;HS;HS;HS;HS;HS;INT;;14/07/2026 13:10:00;16/11/2026;14/07/2026 13:10:00;16/11/2026;OUI;METRO
00012511J1;PROVENCE-ALPES-COTE D'AZUR;BOUCHES-DU-RHONE;MARSEILLE 05;43.295319444444445;5.408597222222222;NE;HS;HS;HS;HS;HS;HS;INT;;08/10/2026 08:48:00;11/10/2026;08/10/2026 08:48:00;11/10/2026;OUI;METRO
00082072J1;PROVENCE-ALPES-COTE D'AZUR;BOUCHES-DU-RHONE;MARSEILLE 06;43.29013611111111;5.378024999999999;NE;OK;OK;HS;NE;OK;DE;INT;;;;12/08/2026 17:48:00;;OUI;METRO
00000050J1;PROVENCE-ALPES-COTE D'AZUR;BOUCHES-DU-RHONE;MARSEILLE 07;43.274458333333335;5.3080694444444445;NE;HS;HS;HS;HS;HS;HS;MAINT;;06/10/2026 09:49:00;09/10/2026;06/10/2026 09:49:00;09/10/2026;OUI;METRO
00000328J1;PROVENCE-ALPES-COTE D'AZUR;BOUCHES-DU-RHONE;MARSEILLE 10;43.27916388888889;5.4245222222222225;NE;HS;HS;HS;NE;HS;HS;INT;;08/10/2026 12:05:00;11/10/2026;08/10/2026 12:05:00;11/10/2026;OUI;METRO
00000367J1;PROVENCE-ALPES-COTE D'AZUR;BOUCHES-DU-RHONE;MARSEILLE 11;43.28567777777778;5.454316666666667;NE;OK;OK;OK;OK;OK;OK;INT;;;;;;OUI;METRO
00000357J1;PROVENCE-ALPES-COTE D'AZUR;BOUCHES-DU-RHONE;MARSEILLE 13;43.335905555555556;5.4117444444444445;NE;OK;OK;OK;NE;OK;OK;INT;;;;;;OUI;METRO
00015336J1;PROVENCE-ALPES-COTE D'AZUR;BOUCHES-DU-RHONE;MARSEILLE 15;43.37338333333334;5.337938888888889;NE;HS;HS;HS;HS;HS;HS;INT;;19/06/2026 15:04:00;;19/06/2026 15:04:00;;OUI;METRO
00025255J1;PROVENCE-ALPES-COTE D'AZUR;BOUCHES-DU-RHONE;MEYREUIL;43.48915;5.528013888888889;NE;OK;OK;HS;HS;OK;DE;INT;;;;11/08/2026 14:13:00;;OUI;METRO
00000230J1;PROVENCE-ALPES-COTE D'AZUR;BOUCHES-DU-RHONE;MEYREUIL;43.493877777777776;5.479055555555556;NE;HS;HS;HS;NE;HS;HS;INT;;08/10/2026 11:56:00;11/10/2026;08/10/2026 11:56:00;11/10/2026;OUI;METRO
00000380J1;PROVENCE-ALPES-COTE D'AZUR;BOUCHES-DU-RHONE;MIRAMAS;43.569861111111116;5.0138638888888885;NE;NE;NE;HS;OK;OK;DE;INT;;;;20/07/2026 05:03:00;;OUI;METRO
00081831J1;PROVENCE-ALPES-COTE D'AZUR;BOUCHES-DU-RHONE;ROGNES;43.65349166666667;5.333783333333333;NE;HS;HS;OK;NE;HS;OK;INT;;08/10/2026 14:26:00;11/10/2026;;;OUI;METRO
00081922J1;PROVENCE-ALPES-COTE D'AZUR;BOUCHES-DU-RHONE;SALON-DE-PROVENCE;43.64143611111111;5.104330555555555;NE;HS;HS;HS;NE;HS;HS;MAINT;;29/09/2026 13:10:00;09/10/2026;29/09/2026 13:10:00;09/10/2026;OUI;METRO
00000004J1;PROVENCE-ALPES-COTE D'AZUR;BOUCHES-DU-RHONE;SEPTEMES-LES-VALLONS;43.407980555555554;5.346905555555555;NE;OK;OK;HS;OK;OK;DE;INT;;;;16/08/2026 02:26:00;13/10/2026;OUI;METRO
00026026J1;PROVENCE-ALPES-COTE D'AZUR;BOUCHES-DU-RHONE;SEPTEMES-LES-VALLONS;43.41074722222222;5.373005555555555;NE;HS;HS;HS;HS;HS;HS;MAINT;;08/10/2026 10:24:48;;08/10/2026 10:24:48;;OUI;METRO
00026073J1;PROVENCE-ALPES-COTE D'AZUR;BOUCHES-DU-RHONE;ST-MARTIN-DE-CRAU;43.606147222222226;4.778241666666666;HS;OK;OK;OK;NE;OK;OK;INT;;;;;;OUI;METRO
00081873J1;PROVENCE-ALPES-COTE D'AZUR;BOUCHES-DU-RHONE;ST-MARTIN-DE-CRAU;43.625991666666664;4.782766666666666;NE;HS;HS;OK;OK;HS;OK;INT;;15/06/2026 02:15:00;;;;OUI;METRO
00032005J1;PROVENCE-ALPES-COTE D'AZUR;BOUCHES-DU-RHONE;TARASCON;43.78934722222222;4.709052777777778;NE;HS;HS;HS;NE;HS;HS;INT;;07/10/2026 23:57:00;11/10/2026;07/10/2026 23:57:00;11/10/2026;OUI;METRO
00082031J1;PROVENCE-ALPES-COTE D'AZUR;BOUCHES-DU-RHONE;TRETS;43.409927777777774;5.6673888888888895;NE;HS;HS;HS;NE;HS;HS;INT;;07/10/2026 09:00:00;15/10/2026;07/10/2026 09:00:00;15/10/2026;NON;METRO
00002949J1;PROVENCE-ALPES-COTE D'AZUR;BOUCHES-DU-RHONE;VERNEGUES;43.69553611111111;5.191944444444444;NE;OK;OK;HS;OK;OK;DE;MAINT;;;;18/05/2026 08:57:00;;OUI;METRO
00035198J4;PROVENCE-ALPES-COTE D'AZUR;HAUTES-ALPES;GARDE-COLOMBE;44.37479722222222;5.7641333333333336;NE;HS;HS;NE;NE;HS;HS;INT;;24/09/2026 11:08:00;;24/09/2026 11:08:00;;NON;METRO
00034386J4;PROVENCE-ALPES-COTE D'AZUR;HAUTES-ALPES;LA BEAUME;44.535719444444446;5.679836111111111;NE;HS;HS;HS;NE;HS;HS;INT;;26/09/2026 15:52:00;;26/09/2026 15:52:00;;NON;METRO
00034908J4;PROVENCE-ALPES-COTE D'AZUR;HAUTES-ALPES;LA CHAPELLE-EN-VALGAUDEMAR;44.84090277777778;6.281458333333333;NE;HS;HS;HS;NE;HS;HS;INT;;06/08/2025 02:01:00;;06/08/2025 02:01:00;;NON;METRO
00018174J4;PROVENCE-ALPES-COTE D'AZUR;HAUTES-ALPES;LE DEVOLUY;44.66540277777778;5.907305555555556;NE;HS;HS;HS;NE;HS;HS;INT;;02/01/2026 11:37:00;;02/01/2026 11:37:00;;OUI;METRO
00000116J4;PROVENCE-ALPES-COTE D'AZUR;HAUTES-ALPES;LE MONETIER-LES-BAINS;45.041688888888885;6.420375;NE;HS;HS;HS;NE;HS;HS;INT;;04/09/2026 04:24:00;08/11/2026;04/09/2026 04:24:00;08/11/2026;OUI;METRO
00034773J4;PROVENCE-ALPES-COTE D'AZUR;HAUTES-ALPES;ST-BONNET-EN-CHAMPSAUR;44.68636944444444;6.103811111111111;NE;HS;HS;HS;HS;HS;HS;INT;;29/01/2026 15:51:00;;29/01/2026 15:51:00;;OUI;METRO
00034855J4;PROVENCE-ALPES-COTE D'AZUR;HAUTES-ALPES;ST-BONNET-EN-CHAMPSAUR;44.718325;6.065436111111111;NE;HS;HS;HS;NE;HS;HS;INT;;02/11/2025 05:16:00;05/11/2026;02/11/2025 05:16:00;05/11/2026;OUI;METRO
00034942J4;PROVENCE-ALPES-COTE D'AZUR;HAUTES-ALPES;TRESCLEOUX;44.35199444444444;5.7109000000000005;NE;HS;HS;HS;NE;HS;HS;INT;;06/10/2026 18:38:00;09/10/2026;06/10/2026 18:38:00;09/10/2026;OUI;METRO
00006802J5;PROVENCE-ALPES-COTE D'AZUR;VAR;BRIGNOLES;43.42769166666666;6.005719444444445;HS;OK;OK;OK;NE;OK;OK;INT;;;;;;OUI;METRO
00000015J5;PROVENCE-ALPES-COTE D'AZUR;VAR;CAVALAIRE-SUR-MER;43.20194166666667;6.516361111111111;NE;OK;OK;HS;NE;OK;DE;INT;;;;15/12/2025 10:27:00;06/11/2026;OUI;METRO
00024651J5;PROVENCE-ALPES-COTE D'AZUR;VAR;FLASSANS-SUR-ISSOLE;43.368925;6.2517555555555555;HS;NE;NE;NE;NE;HS;OK;INT;;06/07/2026 23:43:00;;;;OUI;METRO
00021851J5;PROVENCE-ALPES-COTE D'AZUR;VAR;FREJUS;43.49610555555556;6.716113888888889;HS;OK;OK;OK;NE;OK;OK;INT;;;;;;OUI;METRO
00000212J5;PROVENCE-ALPES-COTE D'AZUR;VAR;GRIMAUD;43.27735277777778;6.5799361111111105;NE;HS;HS;HS;HS;HS;HS;INT;;07/10/2026 05:59:00;15/10/2026;07/10/2026 05:59:00;15/10/2026;OUI;METRO
00008101J5;PROVENCE-ALPES-COTE D'AZUR;VAR;HYERES;43.12025;6.135447222222223;HS;NE;NE;NE;NE;HS;OK;INT;;06/07/2026 23:43:00;;;;OUI;METRO
00000257J5;PROVENCE-ALPES-COTE D'AZUR;VAR;LA CROIX-VALMER;43.195030555555554;6.553858333333333;NE;HS;HS;HS;HS;HS;HS;MAINT;;08/10/2026 22:00:00;09/10/2026;08/10/2026 22:00:00;09/10/2026;OUI;METRO
00011240J5;PROVENCE-ALPES-COTE D'AZUR;VAR;LA MOTTE;43.49525;6.585588888888888;HS;OK;OK;OK;NE;OK;OK;INT;;;;;;OUI;METRO
00007457J5;PROVENCE-ALPES-COTE D'AZUR;VAR;LA ROQUEBRUSSANNE;43.338680555555555;5.977433333333334;HS;NE;NE;NE;NE;HS;OK;INT;;06/07/2026 23:43:00;;;;OUI;METRO
00000021J5;PROVENCE-ALPES-COTE D'AZUR;VAR;LE CASTELLET;43.242511111111114;5.795338888888889;NE;HS;HS;HS;HS;HS;HS;MAINT;;06/10/2026 09:43:00;09/10/2026;06/10/2026 09:43:00;09/10/2026;OUI;METRO
00000051J5;PROVENCE-ALPES-COTE D'AZUR;VAR;LE MUY;43.42944166666666;6.537852777777777;NE;OK;OK;OK;OK;OK;OK;INT;;;;;;OUI;METRO
00005548J5;PROVENCE-ALPES-COTE D'AZUR;VAR;LE MUY;43.46619166666667;6.549758333333333;NE;OK;OK;OK;OK;OK;OK;INT;;;;;;OUI;METRO
00034844J5;PROVENCE-ALPES-COTE D'AZUR;VAR;LE PLAN-DE-LA-TOUR;43.37057222222222;6.5609472222222225;NE;HS;HS;HS;NE;HS;HS;INT;;06/02/2026 22:09:00;;06/02/2026 22:09:00;;NON;METRO
00008100J5;PROVENCE-ALPES-COTE D'AZUR;VAR;LORGUES;43.51517222222222;6.365402777777778;HS;OK;OK;OK;NE;OK;OK;INT;;;;;;OUI;METRO
00000654J5;PROVENCE-ALPES-COTE D'AZUR;VAR;OLLIOULES;43.12473333333333;5.877469444444445;HS;NE;NE;NE;NE;HS;OK;INT;;06/07/2026 23:43:00;;;;OUI;METRO
00005257J5;PROVENCE-ALPES-COTE D'AZUR;VAR;OLLIOULES;43.143905555555556;5.8523555555555555;NE;NE;NE;HS;NE;OK;HS;MAINT;;;;15/06/2022 08:56:00;;OUI;METRO
00000649J5;PROVENCE-ALPES-COTE D'AZUR;VAR;PIERREFEU-DU-VAR;43.22621111111111;6.139319444444445;HS;NE;NE;NE;NE;HS;OK;INT;;06/07/2026 23:43:00;;;;OUI;METRO
00018825J5;PROVENCE-ALPES-COTE D'AZUR;VAR;SANARY-SUR-MER;43.136047222222224;5.825277777777777;NE;HS;HS;OK;OK;HS;OK;INT;;04/10/2026 08:28:00;12/10/2026;;;OUI;METRO
00003536J5;PROVENCE-ALPES-COTE D'AZUR;VAR;SIX-FOURS-LES-PLAGES;43.10946944444444;5.837855555555556;HS;NE;NE;NE;NE;HS;OK;MAINT;;15/06/2022 08:56:00;;;;OUI;METRO
00000515J5;PROVENCE-ALPES-COTE D'AZUR;VAR;ST-CYR-SUR-MER;43.13702222222222;5.753105555555556;HS;NE;NE;NE;NE;HS;OK;INT;;06/07/2026 23:43:00;;;;OUI;METRO
00016556J5;PROVENCE-ALPES-COTE D'AZUR;VAR;ST-MAXIMIN-LA-STE-BAUME;43.478405555555554;5.890705555555555;NE;HS;HS;HS;HS;HS;HS;INT;;15/06/2026 14:47:00;16/10/2026;15/06/2026 14:47:00;16/10/2026;OUI;METRO
00015543J5;PROVENCE-ALPES-COTE D'AZUR;VAR;ST-RAPHAEL;43.42948055555555;6.847041666666667;HS;NE;NE;NE;NE;HS;OK;INT;;06/07/2026 23:43:00;;;;OUI;METRO
00000126J5;PROVENCE-ALPES-COTE D'AZUR;VAR;ST-TROPEZ;43.270827777777775;6.636383333333333;NE;HS;HS;HS;NE;HS;HS;INT;;11/08/2026 11:28:00;19/10/2026;11/08/2026 11:28:00;19/10/2026;OUI;METRO
00001727J5;PROVENCE-ALPES-COTE D'AZUR;VAR;TAVERNES;43.593700000000005;6.016983333333333;HS;OK;OK;OK;NE;OK;OK;INT;;;;;;OUI;METRO
00000642J5;PROVENCE-ALPES-COTE D'AZUR;VAR;TOULON;43.54271388888889;6.462038888888889;HS;NE;NE;NE;NE;HS;OK;INT;;06/07/2026 23:43:00;;;;OUI;METRO
00000207J5;PROVENCE-ALPES-COTE D'AZUR;VAR;TOULON;43.12643333333333;5.960688888888889;NE;NE;NE;HS;HS;OK;HS;;;;;06/10/2026 08:25:00;;OUI;METRO
00009310J5;PROVENCE-ALPES-COTE D'AZUR;VAR;TOURRETTES;43.60071666666667;6.734138888888889;HS;NE;NE;NE;NE;HS;OK;INT;;06/07/2026 23:43:00;;;;OUI;METRO
00032794J5;PROVENCE-ALPES-COTE D'AZUR;VAR;TOURVES;43.42655;5.990055555555555;HS;OK;OK;NE;NE;OK;OK;INT;;;;;;OUI;METRO
00000075J4;PROVENCE-ALPES-COTE D'AZUR;VAUCLUSE;AVIGNON;43.92833333333333;4.812502777777778;NE;HS;HS;HS;HS;HS;HS;MAINT;;08/10/2026 08:08:37;23/10/2026;08/10/2026 08:08:37;23/10/2026;OUI;METRO
00019624J4;PROVENCE-ALPES-COTE D'AZUR;VAUCLUSE;CADEROUSSE;44.108894444444445;4.774727777777778;NE;HS;HS;HS;OK;HS;DE;MAINT;;28/09/2026 09:40:00;09/10/2026;28/09/2026 09:40:00;09/10/2026;OUI;METRO
00035112J4;PROVENCE-ALPES-COTE D'AZUR;VAUCLUSE;PERNES-LES-FONTAINES;43.983780555555555;5.074061111111111;NE;HS;HS;HS;NE;HS;HS;INT;;18/09/2026 22:52:00;;18/09/2026 22:52:00;;NON;METRO
00014909J4;PROVENCE-ALPES-COTE D'AZUR;VAUCLUSE;PERNES-LES-FONTAINES;43.99751944444444;5.04155;NE;HS;HS;OK;OK;HS;OK;INT;;06/10/2026 13:34:00;14/10/2026;;;OUI;METRO
