{"type":"FeatureCollection","features":[{"type":"Feature","geometry":{"type":"Point","coordinates":[-0.4199,43.07516]},"properties":{"operator":"RTE","operator:wikidata":"Q2178795","power":"substation","ref:FR:RTE":"CSTTT","ref:FR:RTE_nom":"CASTET (SHEM)","source":"data.gouv.fr:RTE - 04/2017","voltage":"63000","osm":"node/5104961731"}},{"type":"Feature","geometry":{"type":"Point","coordinates":[0.95734,44.48928]},"properties":{"operator":"RTE","power":"substation","ref:FR:RTE":"FUMEL","ref:FR:RTE_nom":"FUMEL","source":"data.gouv.fr:RTE - 12/2017","voltage":"63000","osm":"node/5718742101"}},{"type":"Feature","geometry":{"type":"Point","coordinates":[1.28435,44.48124]},"properties":{"operator":"RTE","power":"substation","ref:FR:RTE":"LUZEC","ref:FR:RTE_nom":"LUZECH","source":"data.gouv.fr:RTE - 12/2017","voltage":"63000","osm":"node/5718742102"}},{"type":"Feature","geometry":{"type":"Point","coordinates":[1.91878,43.8984]},"properties":{"operator":"RTE","power":"substation","ref:FR:RTE":"BZELI","ref:FR:RTE_nom":"BOURELIE (LA)","source":"data.gouv.fr:RTE - 12/2017","voltage":"63000","osm":"node/5718744725"}},{"type":"Feature","geometry":{"type":"Point","coordinates":[-1.29103,41.64789]},"properties":{"name":"SET Pre Rueda","power":"substation","substation":"transmission","voltage":"220000;400000","osm":"node/13137839467"}},{"type":"Feature","geometry":{"type":"Point","coordinates":[0.20098,41.33338]},"properties":{"name":"SET Almendrales 400 kV","power":"substation","substation":"distribution","voltage":"400000","osm":"node/13137897860"}},{"type":"Feature","geometry":{"type":"Point","coordinates":[0.25031,41.3177]},"properties":{"name":"SET Las Mareas 30/400 kV","operator":"Green Capital Development 68, SLU","power":"substation","substation":"converter","voltage":"30000;400000","osm":"node/13137939428"}},{"type":"Feature","geometry":{"type":"Point","coordinates":[0.21313,41.35532]},"properties":{"name":"SET Almendra Promotores","operator":"Green Capital Development 68, SLU","power":"substation","substation":"transmission","voltage":"400000","osm":"node/13137939439"}},{"type":"Feature","geometry":{"type":"Point","coordinates":[0.21287,41.35377]},"properties":{"name":"SET Almendra 400 kV","power":"substation","substation":"distribution","voltage":"400000","osm":"node/13137939440"}},{"type":"Feature","geometry":{"type":"Point","coordinates":[1.51151,43.55261]},"properties":{"barrier":"wall","name":"Poste électrique de Saint-Orens","operator":"RTE","operator:wikidata":"Q2178795","power":"substation","ref:FR:RTE":"SSORE","ref:FR:RTE_nom":"ST-ORENS","related_law:FR:NOR":"ENEG9200957D","source":"data.gouv.fr:RTE - 12/2017","substation":"transmission","voltage":"225000;63000","osm":"way/16287586"}},{"type":"Feature","geometry":{"type":"Point","coordinates":[1.79431,43.36257]},"properties":{"operator":"RTE","operator:wikidata":"Q2178795","power":"substation","ref:FR:RTE":"AVIG5","ref:FR:RTE_nom":"AVIGNONET","source":"cadastre-dgi-fr source : Direction Générale des Impôts - Cadastre ; mise à jour :2009","substation":"transmission","voltage":"63000","osm":"way/42689077"}},{"type":"Feature","geometry":{"type":"Point","coordinates":[-4.34328,42.59483]},"properties":{"frequency":"50","location":"outdoor","name":"Subestación Eléctrica de Herrera","operator":"Red Eléctrica de España","operator:short":"REE","operator:wikidata":"Q1551220","operator:wikipedia":"es:Red Eléctrica de España","power":"substation","substation":"transmission","voltage":"400000;220000","osm":"way/47842260"}},{"type":"Feature","geometry":{"type":"Point","coordinates":[0.85732,44.11154]},"properties":{"name":"Poste électrique de Golfech","operator":"RTE","operator:wikidata":"Q2178795","power":"substation","ref:FR:RTE":"GOLFE","ref:FR:RTE_nom":"GOLFECH","voltage":"63000","osm":"way/49000540"}},{"type":"Feature","geometry":{"type":"Point","coordinates":[1.2733,43.81678]},"properties":{"barrier":"wall","location":"outdoor","name":"Poste électrique de Lesquive","operator":"RTE","operator:wikidata":"Q2178795","power":"substation","ref:FR:RTE":"LESQU","ref:FR:RTE_nom":"LESQUIVE","source":"cadastre-dgi-fr source : Direction Générale des Impôts - Cadastre;mise à jour : 2010","start_date":"1993","substation":"transmission","voltage":"400000;225000;63000","wikidata":"Q111130773","osm":"way/49510896"}},{"type":"Feature","geometry":{"type":"Point","coordinates":[-2.37449,41.10606]},"properties":{"barrier":"fence","frequency":"50","location":"outdoor","name":"Subestación de Medinaceli","operator":"Red Eléctrica de España","operator:short":"REE","operator:wikidata":"Q1551220","operator:wikipedia":"es:Red Eléctrica de España","power":"substation","substation":"transmission","voltage":"400000","osm":"way/51247251"}},{"type":"Feature","geometry":{"type":"Point","coordinates":[-4.01994,43.11955]},"properties":{"name":"Subestación de Aguayo","operator":"Red Eléctrica de España","operator:short":"REE","operator:wikidata":"Q1551220","operator:wikipedia":"es:Red Eléctrica de España","power":"substation","substation":"transmission","voltage":"400000;220000","osm":"way/51822825"}},{"type":"Feature","geometry":{"type":"Point","coordinates":[1.4599,43.59238]},"properties":{"barrier":"fence","frequency":"50","name":"Sous-station SNCF du Pont des Demoiselles","operator":"SNCF Réseau","operator:wikidata":"Q21605526","power":"substation","ref:FR:RTE":"P.DEM","ref:FR:RTE_nom":"PONT-DES-DEMOISELLES","source":"data.gouv.fr:RTE - 12/2017","substation":"traction","voltage":"63000;1500","osm":"way/53819777"}},{"type":"Feature","geometry":{"type":"Point","coordinates":[-3.84523,43.00234]},"properties":{"name":"Subestación Eléctrica Virtus","operator":"Red Eléctrica de España","operator:short":"REE","operator:wikidata":"Q1551220","operator:wikipedia":"es:Red Eléctrica de España","power":"substation","ref_name":"VIRTUS","substation":"transmission","voltage":"400000","osm":"way/60063660"}},{"type":"Feature","geometry":{"type":"Point","coordinates":[1.43377,43.56634]},"properties":{"building":"yes","operator":"RTE","power":"substation","ref:FR:RTE":"RAMIE","ref:FR:RTE_nom":"RAMIER","roof:shape":"flat","source":"data.gouv.fr:RTE - 12/2017","voltage":"63000","wall":"no","osm":"way/62388507"}},{"type":"Feature","geometry":{"type":"Point","coordinates":[1.42078,43.6]},"properties":{"building":"yes","frequency":"50","name":"Poste électrique Jean Brunhes","operator":"Enedis","operator:wikidata":"Q3587594","power":"substation","ref:FR:RTE":"J.BRU","ref:FR:RTE_nom":"JEAN BRUNHES","source":"data.gouv.fr:RTE - 12/2017","substation":"distribution","voltage":"63000;20000","osm":"way/64093415"}},{"type":"Feature","geometry":{"type":"Point","coordinates":[1.36305,43.65166]},"properties":{"building":"yes","frequency":"50","name":"Poste électrique de Blagnac-Nord","operator":"RTE","operator:wikidata":"Q2178795","power":"substation","ref:FR:RTE":"BLA.N","ref:FR:RTE_nom":"BLAGNAC-NORD","source":"data.gouv.fr:RTE - 12/2017","substation":"industrial","voltage":"63000","osm":"way/64416865"}},{"type":"Feature","geometry":{"type":"Point","coordinates":[-0.10033,41.52572]},"properties":{"barrier":"fence","frequency":"50","location":"outdoor","name":"Subestacion de Peñalba","operator":"Red Eléctrica de España","operator:short":"REE","operator:wikidata":"Q1551220","operator:wikipedia":"es:Red Eléctrica de España","power":"substation","substation":"transmission","voltage":"400000","osm":"way/71531354"}},{"type":"Feature","geometry":{"type":"Point","coordinates":[-4.93661,41.78964]},"properties":{"frequency":"50","location":"outdoor","name":"Subestación de La Mudarra","operator":"Red Eléctrica de España","operator:short":"REE","operator:wikidata":"Q1551220","operator:wikipedia":"es:Red Eléctrica de España","power":"substation","source":"ITACyL","substation":"transmission","voltage":"400000;220000","wikidata":"Q54866482","osm":"way/74384031"}},{"type":"Feature","geometry":{"type":"Point","coordinates":[1.41802,43.6168]},"properties":{"building":"yes","frequency":"50","name":"Poste source des Sept-Deniers","operator":"Enedis","operator:wikidata":"Q3587594","power":"substation","source":"cadastre-dgi-fr source : Direction Générale des Impôts - Cadastre. Mise à jour : 2010","substation":"distribution","voltage":"63000;20000","osm":"way/75548920"}},{"type":"Feature","geometry":{"type":"Point","coordinates":[1.82973,41.52347]},"properties":{"frequency":"50","location":"outdoor","name":"Subestació de Pierola","name:ca":"Subestació de Pierola","name:en":"Pierola Substation","operator":"Red Eléctrica de España","operator:short":"REE","operator:wikidata":"Q1551220","operator:wikipedia":"es:Red Eléctrica de España","power":"substation","substation":"transmission","voltage":"400000;220000;132000","osm":"way/75606778"}},{"type":"Feature","geometry":{"type":"Point","coordinates":[-4.55574,42.07169]},"properties":{"barrier":"fence","location":"outdoor","name":"Subestación eléctrica de Grijota 440kv","operator":"Red Eléctrica de España","operator:short":"REE","operator:wikidata":"Q1551220","operator:wikipedia":"es:Red Eléctrica de España","power":"substation","substation":"transmission","voltage":"400000;220000","osm":"way/85817084"}},{"type":"Feature","geometry":{"type":"Point","coordinates":[-2.26368,42.34762]},"properties":{"barrier":"fence","location":"outdoor","name":"Santa Engracia","operator":"Red Eléctrica de España","operator:short":"REE","operator:wikidata":"Q1551220","operator:wikipedia":"es:Red Eléctrica de España","power":"substation","substation":"transmission","voltage":"400000;220000","osm":"way/86512030"}},{"type":"Feature","geometry":{"type":"Point","coordinates":[-1.67587,42.17062]},"properties":{"location":"outdoor","power":"substation","substation":"transmission","voltage":"400000","osm":"way/90829734"}},{"type":"Feature","geometry":{"type":"Point","coordinates":[0.95999,43.06399]},"properties":{"operator":"Enedis","operator:wikidata":"Q3587594","power":"substation","ref:FR:RTE":"HIS","ref:FR:RTE_nom":"HIS","source":"data.gouv.fr:RTE - 04/2017","substation":"distribution","voltage":"63000","osm":"way/93109877"}},{"type":"Feature","geometry":{"type":"Point","coordinates":[0.72564,43.09455]},"properties":{"building":"yes","man_made":"works","operator":"RTE","power":"substation","ref:FR:RTE":"STOUR","ref:FR:RTE_nom":"STOURNEMIL","source":"cadastre-dgi-fr source : Direction Générale des Impôts - Cadastre. Mise à jour : 2011","voltage":"63000","osm":"way/96246540"}},{"type":"Feature","geometry":{"type":"Point","coordinates":[0.04012,43.22539]},"properties":{"barrier":"wall","location":"outdoor","name":"Poste électrique de Bastillac","operator":"RTE","operator:wikidata":"Q2178795","operator:wikipedia":"fr:RTE (entreprise)","power":"substation","ref:FR:RTE":"BASTI","ref:FR:RTE_nom":"BASTILLAC","substation":"transmission","voltage":"225000;150000;63000","osm":"way/96822819"}},{"type":"Feature","geometry":{"type":"Point","coordinates":[0.58245,42.79303]},"properties":{"area":"yes","barrier":"fence","frequency":"50","name":"Poste électrique de Luchon - Lac d'Oô","operator":"RTE","operator:wikidata":"Q2178795","power":"substation","ref:FR:RTE":"L.OO","ref:FR:RTE_nom":"LUCHON-LAC D OO","source":"data.gouv.fr:RTE - 04/2017","substation":"distribution","voltage":"150000;63000;20000","osm":"way/99790222"}},{"type":"Feature","geometry":{"type":"Point","coordinates":[1.1202,44.11656]},"properties":{"barrier":"fence","name":"Le Luc","operator":"RTE","power":"substation","ref:FR:RTE":"LUC","ref:FR:RTE_nom":"LE LUC","substation":"transmission","voltage":"63000","osm":"way/104022769"}},{"type":"Feature","geometry":{"type":"Point","coordinates":[-3.09396,43.32681]},"properties":{"frequency":"50","location":"outdoor","name":"Subestación de Abanto","operator":"Red Eléctrica de España","operator:short":"REE","operator:wikidata":"Q1551220","power":"substation","substation":"transmission","voltage":"400000","osm":"way/105259481"}},{"type":"Feature","geometry":{"type":"Point","coordinates":[0.82266,44.10254]},"properties":{"barrier":"wall","frequency":"50","location":"outdoor","name":"Poste Électrique de Donzac","operator":"RTE","operator:wikidata":"Q2178795","power":"substation","ref:FR:RTE":"DONZA","ref:FR:RTE_nom":"DONZAC","substation":"transmission","voltage":"400000;225000","osm":"way/105913465"}},{"type":"Feature","geometry":{"type":"Point","coordinates":[1.39308,43.61774]},"properties":{"barrier":"fence","frequency":"50","name":"Poste électrique de La Flambelle (portique)","operator":"RTE","operator:wikidata":"Q2178795","power":"substation","ref:FR:RTE":"FLAMB","ref:FR:RTE_nom":"FLAMBELLE (LA)","source":"data.gouv.fr:RTE - 12/2017","substation":"transition","voltage":"63000","osm":"way/109022390"}},{"type":"Feature","geometry":{"type":"Point","coordinates":[1.35676,43.60087]},"properties":{"barrier":"wall","frequency":"50","name":"Poste électrique de Colomiers","operator":"RTE","operator:wikidata":"Q2178795","power":"substation","ref:FR:RTE":"COLO5","ref:FR:RTE_nom":"COLOMIERS","source":"data.gouv.fr:RTE - 12/2017","substation":"distribution","voltage":"63000;20000","osm":"way/109022558"}},{"type":"Feature","geometry":{"type":"Point","coordinates":[1.49424,43.61648]},"properties":{"barrier":"wall","frequency":"50","operator":"RTE","operator:wikidata":"Q2178795","power":"substation","ref:FR:RTE":"BALMA","ref:FR:RTE_nom":"BALMA (POSTE)","source":"data.gouv.fr:RTE - 12/2018","substation":"transmission","voltage":"225000;63000","osm":"way/109367858"}},{"type":"Feature","geometry":{"type":"Point","coordinates":[1.6722,43.62936]},"properties":{"barrier":"wall","frequency":"50","landuse":"industrial","location":"outdoor","name":"Poste électrique de Verfeil","operator":"RTE","operator:wikidata":"Q2178795","power":"substation","ref:FR:RTE":"VERFE","ref:FR:RTE_nom":"VERFEIL","source":"Bing","substation":"transmission","voltage":"400000;225000;63000","osm":"way/109817708"}},{"type":"Feature","geometry":{"type":"Point","coordinates":[1.49294,43.6159]},"properties":{"barrier":"wall","frequency":"50","operator":"RTE","operator:wikidata":"Q2178795","power":"substation","substation":"distribution","voltage":"63000;20000","osm":"way/109820010"}},{"type":"Feature","geometry":{"type":"Point","coordinates":[1.98309,43.38428]},"properties":{"barrier":"fence","location":"outdoor","name":"Poste électrique de Issel","operator":"RTE","operator:wikidata":"Q2178795","power":"substation","ref:FR:RTE":"ISSEL","ref:FR:RTE_nom":"ISSEL","source":"Bing","substation":"transmission","voltage":"400000;63000","osm":"way/109859712"}},{"type":"Feature","geometry":{"type":"Point","coordinates":[1.82654,43.67376]},"properties":{"operator":"RTE","power":"substation","ref:FR:RTE":"MARZE","ref:FR:RTE_nom":"MARZENS","voltage":"63000","osm":"way/110011117"}},{"type":"Feature","geometry":{"type":"Point","coordinates":[0.5135,43.17131]},"properties":{"barrier":"fence","location":"outdoor","name":"Poste électrique de Cazaril","operator":"RTE","operator:wikidata":"Q2178795","power":"substation","ref:FR:RTE":"CAZAR","ref:FR:RTE_nom":"CAZARIL","source":"Bing","substation":"transmission","voltage":"400000;225000","osm":"way/110443404"}},{"type":"Feature","geometry":{"type":"Point","coordinates":[1.38701,43.5282]},"properties":{"barrier":"wall","frequency":"50","location":"outdoor","name":"Poste électrique de Portet Saint-Simon","operator":"RTE","operator:wikidata":"Q2178795","power":"substation","ref:FR:RTE":"P.SIM","ref:FR:RTE_nom":"PORTET-ST-SIMON","source":"data.gouv.fr:RTE - 04/2017","substation":"transmission","voltage":"225000;63000","osm":"way/110468028"}},{"type":"Feature","geometry":{"type":"Point","coordinates":[1.41159,43.65781]},"properties":{"barrier":"fence","frequency":"50","location":"outdoor","name":"Poste électrique de Ginestous","operator":"RTE","operator:wikidata":"Q2178795","power":"substation","ref:FR:RTE":"GINES","ref:FR:RTE_nom":"GINESTOUS","source":"Bing","substation":"transmission","voltage":"225000;63000","osm":"way/110876167"}},{"type":"Feature","geometry":{"type":"Point","coordinates":[1.41796,43.61777]},"properties":{"frequency":"50","name":"Poste électrique des Sept-Deniers","operator":"RTE","operator:wikidata":"Q2178795","power":"substation","ref:FR:RTE":"S.DEN","ref:FR:RTE_nom":"SEPT-DENIERS","source":"data.gouv.fr:RTE - 04/2017","substation":"transmission","voltage":"63000","osm":"way/110876172"}},{"type":"Feature","geometry":{"type":"Point","coordinates":[1.47997,43.55375]},"properties":{"barrier":"wall","frequency":"50","name":"Poste électrique de Lespinet","operator":"RTE","operator:wikidata":"Q2178795","power":"substation","ref:FR:RTE":"LESP6","ref:FR:RTE_nom":"LESPINET","source":"data.gouv.fr:RTE - 12/2017","substation":"distribution","voltage":"63000;20000","osm":"way/111029587"}},{"type":"Feature","geometry":{"type":"Point","coordinates":[1.404,43.69318]},"properties":{"barrier":"wall","frequency":"50","name":"Poste électrique de Saint-Alban","operator":"RTE","operator:wikidata":"Q2178795","power":"substation","ref:FR:RTE":"SSALB","ref:FR:RTE_nom":"ST-ALBAN","source":"data.gouv.fr:RTE - 12/2017","substation":"distribution","voltage":"63000;20000","osm":"way/111247400"}},{"type":"Feature","geometry":{"type":"Point","coordinates":[1.27553,43.67968]},"properties":{"operator":"RTE","power":"substation","ref:FR:RTE":"DAUX","ref:FR:RTE_nom":"DAUX","source":"data.gouv.fr:RTE - 04/2017","voltage":"63000","osm":"way/111403042"}},{"type":"Feature","geometry":{"type":"Point","coordinates":[-0.59532,43.38578]},"properties":{"barrier":"fence","location":"outdoor","name":"Poste électrique de Marsillon","operator":"RTE","operator:wikidata":"Q2178795","power":"substation","ref:FR:RTE":"MARSI","ref:FR:RTE_nom":"MARSILLON","source":"Bing","substation":"transmission","voltage":"400000;225000;63000","osm":"way/111414142"}},{"type":"Feature","geometry":{"type":"Point","coordinates":[-0.88719,44.01324]},"properties":{"barrier":"wall","location":"outdoor","name":"Poste électrique de Cantegrit","operator":"RTE","operator:wikidata":"Q2178795","power":"substation","ref:FR:RTE":"CANTE","ref:FR:RTE_nom":"CANTEGRIT","source":"data.gouv.fr:RTE - 12/2017","substation":"transmission","voltage":"400000;225000;63000","osm":"way/111458307"}},{"type":"Feature","geometry":{"type":"Point","coordinates":[-1.43026,43.42155]},"properties":{"barrier":"fence","location":"outdoor","name":"Poste électrique de Argia","operator":"RTE","operator:wikidata":"Q2178795","power":"substation","ref:FR:RTE":"ARGIA","ref:FR:RTE_nom":"ARGIA","source":"Bing","start_date":"2002-07-05","substation":"transmission","url":"http://www.rte-france.com/uploads/media/pdf_zip/presse/dp-2004/sud_ouest_30_11_04_poste_argia.pdf","voltage":"400000;225000;63000","osm":"way/111558550"}},{"type":"Feature","geometry":{"type":"Point","coordinates":[-1.44146,43.48449]},"properties":{"barrier":"wall","location":"outdoor","name":"Poste électrique de Mouguerre","operator":"RTE","operator:wikidata":"Q2178795","power":"substation","ref:FR:RTE":"MOUGU","ref:FR:RTE_nom":"MOUGUERRE","source":"data.gouv.fr:RTE - 04/2017","substation":"transmission","voltage":"225000","osm":"way/111558561"}},{"type":"Feature","geometry":{"type":"Point","coordinates":[1.30574,43.78465]},"properties":{"operator":"RTE","operator:wikidata":"Q2178795","power":"substation","ref:FR:RTE":"ONDES","ref:FR:RTE_nom":"ONDES","source":"data.gouv.fr:RTE - 04/2017","voltage":"63000","osm":"way/112731031"}},{"type":"Feature","geometry":{"type":"Point","coordinates":[1.37276,43.73723]},"properties":{"barrier":"fence","name":"Sous-station SNCF de Saint-Jory","operator":"SNCF Réseau","operator:wikidata":"Q21605526","power":"substation","ref:FR:RTE":"SSJOR","ref:FR:RTE_nom":"ST-JORY","source":"Bing","substation":"traction","voltage":"63000;1500","osm":"way/112731033"}},{"type":"Feature","geometry":{"type":"Point","coordinates":[-0.5184,43.85973]},"properties":{"location":"outdoor","name":"Poste électrique de Naoutot","operator":"RTE","operator:wikidata":"Q2178795","power":"substation","ref:FR:RTE":"NAOUT","ref:FR:RTE_nom":"NAOUTOT","source":"Bing","substation":"transmission","voltage":"225000","osm":"way/113020114"}},{"type":"Feature","geometry":{"type":"Point","coordinates":[1.31751,43.98276]},"properties":{"barrier":"fence","frequency":"50","location":"outdoor","name":"Poste électrique de Verlhaguet","operator":"RTE","operator:wikidata":"Q2178795","power":"substation","ref:FR:RTE":"VERLH","ref:FR:RTE_nom":"VERLHAGUET","source":"Bing","substation":"transmission","voltage":"225000;63000","osm":"way/114359287"}},{"type":"Feature","geometry":{"type":"Point","coordinates":[1.40049,43.09451]},"properties":{"barrier":"fence","operator":"Enedis","operator:wikidata":"Q3587594","power":"substation","ref:FR:RTE":"BELEM","ref:FR:RTE_nom":"BELEM","source":"Bing","substation":"distribution","voltage":"63000","osm":"way/114434830"}},{"type":"Feature","geometry":{"type":"Point","coordinates":[1.49237,43.61645]},"properties":{"frequency":"50","name":"Poste électrique de Toulouse - CEAT","operator":"RTE","operator:wikidata":"Q2178795","power":"substation","ref:FR:RTE":"TOULO","ref:FR:RTE_nom":"TOULOUSE (CEAT)","source":"data.gouv.fr:RTE - 2022-07","substation":"industrial","voltage":"63000","osm":"way/115420348"}},{"type":"Feature","geometry":{"type":"Point","coordinates":[1.24347,43.90739]},"properties":{"barrier":"fence","frequency":"50","name":"Poste électrique de Finhan","operator":"Enedis","operator:wikidata":"Q3587594","power":"substation","ref:FR:RTE":"FINHA","ref:FR:RTE_nom":"FINHAN","substation":"distribution","voltage":"63000;20000","osm":"way/115432170"}},{"type":"Feature","geometry":{"type":"Point","coordinates":[1.42089,43.56708]},"properties":{"barrier":"fence","frequency":"50","name":"Poste électrique de Lafourguette","operator":"RTE","operator:wikidata":"Q2178795","power":"substation","ref:FR:RTE":"LAFOU","ref:FR:RTE_nom":"LAFOURGUETTE","source":"Bing","substation":"distribution","voltage":"63000;20000","osm":"way/115435890"}},{"type":"Feature","geometry":{"type":"Point","coordinates":[1.19848,43.56523]},"properties":{"operator":"RTE","power":"substation","ref:FR:RTE":"FTENI","ref:FR:RTE_nom":"FONTENILLES","voltage":"63000","osm":"way/115437691"}},{"type":"Feature","geometry":{"type":"Point","coordinates":[1.27413,43.59818]},"properties":{"barrier":"fence","frequency":"50","location":"outdoor","name":"Poste électrique de Léguevin","operator":"RTE","operator:wikidata":"Q2178795","power":"substation","ref:FR:RTE":"LEGUE","ref:FR:RTE_nom":"LEGUEVIN","substation":"transmission","voltage":"225000;63000;20000","osm":"way/115437692"}},{"type":"Feature","geometry":{"type":"Point","coordinates":[-2.60341,42.88379]},"properties":{"barrier":"fence","frequency":"50","location":"outdoor","name":"Subestación de Arrazua","operator":"Red Eléctrica de España","operator:short":"REE","operator:wikidata":"Q1551220","operator:wikipedia":"es:Red Eléctrica de España","power":"substation","substation":"transmission","voltage":"400000;220000","osm":"way/115680075"}},{"type":"Feature","geometry":{"type":"Point","coordinates":[-4.85826,42.82195]},"properties":{"barrier":"fence","frequency":"50","location":"outdoor","name":"Subestacion de Velilla del Río Carrión","operator":"Red Eléctrica de España","operator:short":"REE","operator:wikidata":"Q1551220","operator:wikipedia":"es:Red Eléctrica de España","power":"substation","substation":"transmission","voltage":"400000","osm":"way/118057369"}},{"type":"Feature","geometry":{"type":"Point","coordinates":[1.64105,43.12057]},"properties":{"barrier":"fence","frequency":"50","location":"outdoor","name":"Poste électrique de Riveneuve","operator":"RTE","operator:wikidata":"Q2178795","power":"substation","ref:FR:RTE":"RIVEN","ref:FR:RTE_nom":"RIVENEUVE","source":"Bing","substation":"distribution","voltage":"225000;63000;20000","osm":"way/118400622"}},{"type":"Feature","geometry":{"type":"Point","coordinates":[1.59743,42.85148]},"properties":{"barrier":"fence","location":"outdoor","name":"Poste électrique de Tarascon","operator":"RTE","operator:wikidata":"Q2178795","power":"substation","ref:FR:RTE":"TARAS","ref:FR:RTE_nom":"TARASCON","source":"Bing","substation":"transmission","voltage":"225000;150000;63000;20000","osm":"way/118400623"}},{"type":"Feature","geometry":{"type":"Point","coordinates":[0.60535,43.6514]},"properties":{"barrier":"fence","operator":"RTE","operator:wikidata":"Q2178795","power":"substation","ref:FR:RTE":"AUCH","ref:FR:RTE_nom":"AUCH","source":"data.gouv.fr:RTE - 04/2017","voltage":"63000","osm":"way/118516930"}},{"type":"Feature","geometry":{"type":"Point","coordinates":[-4.85233,42.81853]},"properties":{"frequency":"50","location":"outdoor","name":"Central Térmica de Velilla","operator":"Red Eléctrica de España","operator:short":"REE","operator:wikidata":"Q1551220","operator:wikipedia":"es:Red Eléctrica de España","power":"substation","substation":"transmission","voltage":"400000;220000;132000","osm":"way/118758874"}},{"type":"Feature","geometry":{"type":"Point","coordinates":[1.58565,43.47027]},"properties":{"operator":"RTE","power":"substation","ref:FR:RTE":"MTLAU","ref:FR:RTE_nom":"MONTLAUR","substation":"traction","voltage":"63000","osm":"way/119400582"}},{"type":"Feature","geometry":{"type":"Point","coordinates":[1.58922,43.4725]},"properties":{"operator":"RTE","power":"substation","ref:FR:RTE":"BORDI","ref:FR:RTE_nom":"BORDIERES","voltage":"63000","osm":"way/119400583"}},{"type":"Feature","geometry":{"type":"Point","coordinates":[1.61873,43.12347]},"properties":{"barrier":"fence","frequency":"50","name":"Sous-station SNCF de Pamiers","operator":"SNCF Réseau","operator:wikidata":"Q21605526","power":"substation","ref:FR:RTE":"PAMI5","ref:FR:RTE_nom":"PAMIERS (S.N.C.F.)","source":"Bing","substation":"traction","voltage":"63000;1500","osm":"way/119402269"}},{"type":"Feature","geometry":{"type":"Point","coordinates":[1.60578,43.11828]},"properties":{"barrier":"fence","frequency":"50","name":"Poste électrique de Laffite - Pamiers (C.F.F.F.)","operator":"RTE","operator:wikidata":"Q2178795","power":"substation","ref:FR:RTE":"LAFFI","ref:FR:RTE_nom":"LAFFITE","source":"Bing","substation":"industrial","voltage":"63000","osm":"way/119402270"}},{"type":"Feature","geometry":{"type":"Point","coordinates":[1.32129,43.98465]},"properties":{"barrier":"fence","frequency":"50","location":"outdoor","name":"Sous-station SNCF de Montauban (Miroulette)","operator":"SNCF Réseau","operator:wikidata":"Q21605526","power":"substation","ref:FR:RTE":"MTAU5","ref:FR:RTE_nom":"MONTAUBAN","source":"data.gouv.fr:RTE - 10/2024","substation":"traction","voltage":"63000","osm":"way/119405100"}},{"type":"Feature","geometry":{"type":"Point","coordinates":[1.61159,42.83049]},"properties":{"barrier":"fence","frequency":"50","name":"Sous-station SNCF d'Ussat","operator":"SNCF Réseau","operator:wikidata":"Q21605526","power":"substation","ref:FR:RTE":"USSAT","ref:FR:RTE_nom":"USSAT","source":"Bing","substation":"traction","voltage":"63000;1500","osm":"way/119685352"}},{"type":"Feature","geometry":{"type":"Point","coordinates":[1.83115,42.64246]},"properties":{"barrier":"fence","frequency":"50","name":"Poste électrique de Mérens","operator":"Électricité de France","operator:short":"EDF","operator:wikidata":"Q274591","power":"substation","ref:FR:RTE":"MEREN","ref:FR:RTE_nom":"MERENS","source":"Bing","substation":"generation","voltage":"225000;63000","osm":"way/119686764"}},{"type":"Feature","geometry":{"type":"Point","coordinates":[1.91242,42.6892]},"properties":{"barrier":"fence","frequency":"50","name":"Poste électrique d'Orlu","operator":"Électricité de France","operator:short":"EDF","operator:wikidata":"Q274591","power":"substation","ref:FR:RTE":"ORLU","ref:FR:RTE_nom":"ORLU","source":"Bing","start_date":"1958","substation":"generation","voltage":"150000","osm":"way/119695089"}},{"type":"Feature","geometry":{"type":"Point","coordinates":[1.67654,42.77654]},"properties":{"barrier":"fence","landuse":"industrial","name":"Poste électrique de Aston","operator":"RTE","operator:wikidata":"Q2178795","power":"substation","ref:FR:RTE":"ASTON","ref:FR:RTE_nom":"ASTON","substation":"generation","voltage":"225000","osm":"way/121034892"}},{"type":"Feature","geometry":{"type":"Point","coordinates":[1.47777,42.76303]},"properties":{"barrier":"fence","name":"Poste électrique de Auzat","operator":"RTE","operator:wikidata":"Q2178795","power":"substation","ref:FR:RTE":"AUZAT","ref:FR:RTE_nom":"AUZAT","source":"data.gouv.fr:RTE - 04/2017","substation":"transmission","voltage":"225000;63000","osm":"way/121035301"}},{"type":"Feature","geometry":{"type":"Point","coordinates":[0.37317,43.08837]},"properties":{"operator":"RTE","operator:wikidata":"Q2178795","power":"substation","ref:FR:RTE":"BARTH","ref:FR:RTE_nom":"BARTHE (LA)","voltage":"63000","osm":"way/121039328"}},{"type":"Feature","geometry":{"type":"Point","coordinates":[0.05875,43.26761]},"properties":{"barrier":"fence","operator":"RTE","operator:wikidata":"Q2178795","power":"substation","ref:FR:RTE":"BIACA","ref:FR:RTE_nom":"BIACAVE","voltage":"63000","osm":"way/121040171"}},{"type":"Feature","geometry":{"type":"Point","coordinates":[-0.28047,41.2173]},"properties":{"location":"outdoor","name":"Subestación Eléctrica Aragón","operator":"Red Eléctrica de España","operator:short":"REE","operator:wikidata":"Q1551220","operator:wikipedia":"es:Red Eléctrica de España","power":"substation","substation":"transmission","voltage":"400000","osm":"way/127787669"}},{"type":"Feature","geometry":{"type":"Point","coordinates":[0.83058,44.46157]},"properties":{"barrier":"fence","location":"outdoor","name":"Poste électrique de Dantou","operator":"RTE","operator:wikidata":"Q2178795","operator:wikipedia":"fr:RTE (entreprise)","power":"substation","ref:FR:RTE":"DANTO","ref:FR:RTE_nom":"DANTOU","substation":"transmission","voltage":"225000;63000","osm":"way/128524174"}},{"type":"Feature","geometry":{"type":"Point","coordinates":[0.27693,41.36822]},"properties":{"barrier":"fence","fence_type":"chain_link","frequency":"50","location":"outdoor","name":"Subestación de Mequinenza","operator":"Red Eléctrica de España","operator:short":"REE","operator:wikidata":"Q1551220","operator:wikipedia":"es:Red Eléctrica de España","power":"substation","substation":"transmission","voltage":"400000;220000","osm":"way/129767234"}},{"type":"Feature","geometry":{"type":"Point","coordinates":[1.07351,44.10178]},"properties":{"operator":"SNCF Réseau","power":"substation","ref:FR:RTE":"MOISS","ref:FR:RTE_nom":"MOISSAC","source":"data.gouv.fr:RTE - 04/2017","substation":"traction","voltage":"63000","osm":"way/131982406"}},{"type":"Feature","geometry":{"type":"Point","coordinates":[-0.91532,43.91875]},"properties":{"barrier":"wall","operator":"RTE","power":"substation","ref:FR:RTE":"R.LAN","ref:FR:RTE_nom":"RION-DES-LANDES","source":"data.gouv.fr:RTE - 12/2017","voltage":"63000","osm":"way/135512231"}},{"type":"Feature","geometry":{"type":"Point","coordinates":[-1.29658,41.64984]},"properties":{"barrier":"fence","location":"outdoor","name":"Subestación Rueda de Jalón","operator":"Red Eléctrica de España","operator:short":"REE","operator:wikidata":"Q1551220","operator:wikipedia":"es:Red Eléctrica de España","power":"substation","voltage":"400000","osm":"way/135806477"}},{"type":"Feature","geometry":{"type":"Point","coordinates":[0.56366,44.22777]},"properties":{"barrier":"fence","location":"outdoor","name":"Poste électrique de Colayrac","operator":"RTE","operator:wikidata":"Q2178795","power":"substation","ref:FR:RTE":"COLAY","ref:FR:RTE_nom":"COLAYRAC","substation":"transmission","voltage":"225000;63000","osm":"way/142571672"}},{"type":"Feature","geometry":{"type":"Point","coordinates":[0.54036,44.23153]},"properties":{"operator":"RTE","operator:wikidata":"Q2178795","power":"substation","ref:FR:RTE":"CATOY","ref:FR:RTE_nom":"CATOY","source":"data.gouv.fr:RTE - 04/2017","voltage":"63000","osm":"way/142575653"}},{"type":"Feature","geometry":{"type":"Point","coordinates":[1.34073,44.0085]},"properties":{"barrier":"fence","frequency":"50","name":"Poste électrique de Montauban","operator":"Enedis","operator:wikidata":"Q3587594","power":"substation","ref:FR:RTE":"MTAUB","ref:FR:RTE_nom":"MONTAUBAN","substation":"distribution","voltage":"63000;20000","osm":"way/142605504"}},{"type":"Feature","geometry":{"type":"Point","coordinates":[0.86967,43.62451]},"properties":{"barrier":"fence","operator":"RTE","operator:wikidata":"Q2178795","power":"substation","ref:FR:RTE":"GIMON","ref:FR:RTE_nom":"GIMONT","source":"data.gouv.fr:RTE - 04/2017","voltage":"63000","osm":"way/142609110"}},{"type":"Feature","geometry":{"type":"Point","coordinates":[0.73421,43.50269]},"properties":{"operator":"RTE","operator:wikidata":"Q2178795","power":"substation","ref:FR:RTE":"SEMEZ","ref:FR:RTE_nom":"SEMEZIES","voltage":"63000","osm":"way/142613124"}},{"type":"Feature","geometry":{"type":"Point","coordinates":[0.5721,43.07649]},"properties":{"barrier":"fence","operator":"RTE","operator:wikidata":"Q2178795","power":"substation","ref:FR:RTE":"GOUR5","ref:FR:RTE_nom":"GOURDAN","source":"data.gouv.fr:RTE - 04/2017","substation":"transmission","voltage":"63000","osm":"way/142637267"}},{"type":"Feature","geometry":{"type":"Point","coordinates":[0.66841,43.09519]},"properties":{"barrier":"fence","operator":"RTE","operator:wikidata":"Q2178795","power":"substation","ref:FR:RTE":"CAMON","ref:FR:RTE_nom":"CAMON","source":"data.gouv.fr:RTE - 04/2017","substation":"transmission","voltage":"63000","osm":"way/142670705"}},{"type":"Feature","geometry":{"type":"Point","coordinates":[0.61122,43.08992]},"properties":{"barrier":"fence","operator":"RTE","power":"substation","ref:FR:RTE":"P.RIV","ref:FR:RTE_nom":"POINTIS-DE-RIVIERE","substation":"transmission","voltage":"63000","osm":"way/142670712"}},{"type":"Feature","geometry":{"type":"Point","coordinates":[0.70046,43.09753]},"properties":{"barrier":"fence","operator":"RTE","power":"substation","ref:FR:RTE":"VALE7","ref:FR:RTE_nom":"VALENTINE","substation":"transmission","voltage":"63000","osm":"way/142676864"}},{"type":"Feature","geometry":{"type":"Point","coordinates":[-0.7418,41.72173]},"properties":{"location":"outdoor","name":"Subestación de Peñaflor","operator":"Red Eléctrica de España","operator:short":"REE","operator:wikidata":"Q1551220","operator:wikipedia":"es:Red Eléctrica de España","power":"substation","source":"Bing","substation":"transmission","voltage":"400000;220000","osm":"way/143207685"}},{"type":"Feature","geometry":{"type":"Point","coordinates":[-4.72692,41.32021]},"properties":{"barrier":"fence","frequency":"50","location":"outdoor","name":"Subestación de Olmedo","operator":"Red Eléctrica de España","operator:short":"REE","operator:wikidata":"Q1551220","operator:wikipedia":"es:Red Eléctrica de España","power":"substation","substation":"transmission","voltage":"400000","osm":"way/144138420"}},{"type":"Feature","geometry":{"type":"Point","coordinates":[0.57112,41.20447]},"properties":{"location":"outdoor","operator":"Red Eléctrica de España","operator:short":"REE","operator:wikidata":"Q1551220","operator:wikipedia":"es:Red Eléctrica de España","power":"substation","substation":"transmission","voltage":"400000","osm":"way/145302700"}},{"type":"Feature","geometry":{"type":"Point","coordinates":[0.50519,41.3884]},"properties":{"barrier":"fence","location":"outdoor","name":"Subestació elèctrica de Maials","name:ca":"Subestació elèctrica de Maials","operator":"Red Eléctrica de España","operator:short":"REE","operator:wikidata":"Q1551220","operator:wikipedia":"es:Red Eléctrica de España","power":"substation","substation":"transmission","voltage":"400000","osm":"way/145312949"}},{"type":"Feature","geometry":{"type":"Point","coordinates":[-0.44702,42.93162]},"properties":{"barrier":"fence","location":"outdoor","name":"Poste électrique de Miegebat","operator":"RTE","operator:wikidata":"Q2178795","power":"substation","ref:FR:RTE":"MIEGE","ref:FR:RTE_nom":"MIEGEBAT","source":"data.gouv.fr:RTE - 04/2017","substation":"transmission","voltage":"225000","osm":"way/146402376"}},{"type":"Feature","geometry":{"type":"Point","coordinates":[-0.43463,43.31522]},"properties":{"barrier":"wall","location":"outdoor","name":"Poste électrique de Lescar","operator":"RTE","operator:wikidata":"Q2178795","power":"substation","ref:FR:RTE":"LESCA","ref:FR:RTE_nom":"LESCAR","source":"data.gouv.fr:RTE - 04/2017","substation":"transmission","voltage":"225000","osm":"way/146449674"}},{"type":"Feature","geometry":{"type":"Point","coordinates":[1.79744,42.58836]},"properties":{"barrier":"fence","frequency":"50","name":"Poste électrique de L'Hospitalet","operator":"RTE","operator:wikidata":"Q2178795","power":"substation","ref:FR:RTE":"HOSPI","ref:FR:RTE_nom":"HOSPITALET (L )","source":"data.gouv.fr:RTE - 04/2017","substation":"transmission","voltage":"225000;110000;63000","osm":"way/146590044"}},{"type":"Feature","geometry":{"type":"Point","coordinates":[-1.75865,43.36132]},"properties":{"barrier":"fence","frequency":"50","name":"Poste électrique d'Errondenia","operator":"RTE","operator:wikidata":"Q2178795","power":"substation","ref:FR:RTE":"ERRON","ref:FR:RTE_nom":"ERRONDENIA","source":"data.gouv.fr:RTE - 04/2017","substation":"distribution","voltage":"150000;63000;20000","osm":"way/146790175"}},{"type":"Feature","geometry":{"type":"Point","coordinates":[-1.97537,43.25625]},"properties":{"frequency":"50","location":"outdoor","operator":"Red Eléctrica de España","operator:short":"REE","operator:wikidata":"Q1551220","operator:wikipedia":"es:Red Eléctrica de España","power":"substation","substation":"transmission","voltage":"400000","osm":"way/146826566"}},{"type":"Feature","geometry":{"type":"Point","coordinates":[-1.64231,43.39732]},"properties":{"name":"Pulutenia","operator":"RTE","operator:wikidata":"Q2178795","power":"substation","ref:FR:RTE":"PULUT","ref:FR:RTE_nom":"PULUTENIA","source":"data.gouv.fr:RTE - 04/2017","voltage":"63000","osm":"way/146852893"}},{"type":"Feature","geometry":{"type":"Point","coordinates":[-1.36758,43.3649]},"properties":{"operator":"Enedis","operator:wikidata":"Q3587594","power":"substation","ref:FR:RTE":"URCUR","ref:FR:RTE_nom":"URCURAY","source":"data.gouv.fr:RTE - 04/2017","substation":"distribution","voltage":"63000","osm":"way/146893693"}},{"type":"Feature","geometry":{"type":"Point","coordinates":[-1.21895,43.17825]},"properties":{"name":"Poste Electrique Saint Jean le Vieux","operator":"Enedis","operator:wikidata":"Q3587594","power":"substation","ref:FR:RTE":"SSVI5","ref:FR:RTE_nom":"ST JEAN LE VIEUX","source":"data.gouv.fr:RTE - 04/2017","substation":"distribution","voltage":"63000","osm":"way/146904010"}},{"type":"Feature","geometry":{"type":"Point","coordinates":[-1.53509,43.45868]},"properties":{"operator":"RTE","operator:wikidata":"Q2178795","power":"substation","ref:FR:RTE":"NEGRE","ref:FR:RTE_nom":"NEGRESSE (LA)","source":"data.gouv.fr:RTE - 04/2017","voltage":"63000","osm":"way/146967204"}},{"type":"Feature","geometry":{"type":"Point","coordinates":[-1.46951,43.48433]},"properties":{"operator":"SNCF Réseau","power":"substation","ref:FR:RTE":"MOUSS","ref:FR:RTE_nom":"MOUSSEROLLES","source":"data.gouv.fr:RTE - 04/2017","substation":"traction","voltage":"63000","osm":"way/146976398"}},{"type":"Feature","geometry":{"type":"Point","coordinates":[-1.0183,43.46737]},"properties":{"operator":"RTE","operator:wikidata":"Q2178795","power":"substation","ref:FR:RTE":"AUTER","ref:FR:RTE_nom":"AUTERRIVE","source":"data.gouv.fr:RTE - 04/2017","substation":"transmission","voltage":"63000","osm":"way/147012286"}},{"type":"Feature","geometry":{"type":"Point","coordinates":[-0.90559,43.52393]},"properties":{"operator":"RTE","operator:wikidata":"Q2178795","power":"substation","ref:FR:RTE":"PUYO5","ref:FR:RTE_nom":"PUYOO","source":"data.gouv.fr:RTE - 04/2017","substation":"traction","voltage":"63000","osm":"way/147024613"}},{"type":"Feature","geometry":{"type":"Point","coordinates":[-0.84088,43.50995]},"properties":{"operator":"EDF","power":"substation","ref:FR:RTE":"BAIGT","ref:FR:RTE_nom":"BAIGTS","source":"data.gouv.fr:RTE - 04/2017","substation":"generation;traction","voltage":"63000","osm":"way/147039751"}},{"type":"Feature","geometry":{"type":"Point","coordinates":[-0.77994,43.5017]},"properties":{"barrier":"fence","frequency":"50","operator":"RTE","operator:wikidata":"Q2178795","power":"substation","ref:FR:RTE":"ORTH5","ref:FR:RTE_nom":"ORTHEZ","source":"Bing","voltage":"63000","osm":"way/147039754"}},{"type":"Feature","geometry":{"type":"Point","coordinates":[-0.62785,43.41249]},"properties":{"operator":"RTE","operator:wikidata":"Q2178795","power":"substation","ref:FR:RTE":"LACQ","ref:FR:RTE_nom":"LACQ","substation":"traction","voltage":"63000","osm":"way/147123329"}},{"type":"Feature","geometry":{"type":"Point","coordinates":[-0.86937,43.23453]},"properties":{"operator":"RTE","operator:wikidata":"Q2178795","power":"substation","ref:FR:RTE":"BARAG","ref:FR:RTE_nom":"BARAGARRY","source":"data.gouv.fr:RTE - 04/2017","voltage":"63000","osm":"way/147248683"}},{"type":"Feature","geometry":{"type":"Point","coordinates":[-0.63475,43.20764]},"properties":{"barrier":"fence","operator":"RTE","operator:wikidata":"Q2178795","power":"substation","ref:FR:RTE":"LEGUG","ref:FR:RTE_nom":"LEGUGNON","source":"data.gouv.fr:RTE - 04/2017","voltage":"63000","osm":"way/147288511"}},{"type":"Feature","geometry":{"type":"Point","coordinates":[-0.62464,43.10881]},"properties":{"barrier":"fence","location":"outdoor","operator":"RTE","operator:wikidata":"Q2178795","power":"substation","ref:FR:RTE":"ASASP","ref:FR:RTE_nom":"ASASP","substation":"transmission","voltage":"63000","wikidata":"Q111130723","osm":"way/147398829"}},{"type":"Feature","geometry":{"type":"Point","coordinates":[-0.3861,43.27348]},"properties":{"note":"FIXME a vérifier","operator":"RTE","operator:wikidata":"Q2178795","power":"substation","ref:FR:RTE":"JURAN","ref:FR:RTE_nom":"JURANCON","source":"data.gouv.fr:RTE - 04/2017","substation":"transmission","voltage":"150000","osm":"way/147467591"}},{"type":"Feature","geometry":{"type":"Point","coordinates":[-0.4292,42.9844]},"properties":{"barrier":"wall","location":"outdoor","name":"Le Hourat","operator":"RTE","operator:wikidata":"Q2178795","power":"substation","ref:FR:RTE":"HOURA","ref:FR:RTE_nom":"HOURAT (LE)","source":"data.gouv.fr:RTE - 04/2017","substation":"transmission","voltage":"225000","osm":"way/147581012"}},{"type":"Feature","geometry":{"type":"Point","coordinates":[-0.81012,43.67096]},"properties":{"operator":"RTE","operator:wikidata":"Q2178795","power":"substation","ref:FR:RTE":"ROUYE","ref:FR:RTE_nom":"ROUYE","source":"data.gouv.fr:RTE - 04/2017","voltage":"63000","osm":"way/147745325"}},{"type":"Feature","geometry":{"type":"Point","coordinates":[-1.02161,43.63989]},"properties":{"operator":"RTE","operator:wikidata":"Q2178795","power":"substation","ref:FR:RTE":"ARRIO","ref:FR:RTE_nom":"ARRIOSSE","source":"data.gouv.fr:RTE - 04/2017","voltage":"63000","osm":"way/147757384"}},{"type":"Feature","geometry":{"type":"Point","coordinates":[-1.03896,43.72664]},"properties":{"name":"Poste électrique de Dax","operator":"RTE","operator:wikidata":"Q2178795","power":"substation","ref:FR:RTE":"DAX","ref:FR:RTE_nom":"DAX","source":"data.gouv.fr:RTE - 04/2017","substation":"transmission","voltage":"63000;20000","osm":"way/147859279"}},{"type":"Feature","geometry":{"type":"Point","coordinates":[-0.26219,43.70697]},"properties":{"barrier":"wall","operator":"RTE","operator:wikidata":"Q2178795","power":"substation","ref:FR:RTE":"A.ADO","ref:FR:RTE_nom":"AIRE-SUR-ADOUR","source":"data.gouv.fr:RTE - 04/2017","voltage":"63000","osm":"way/148053392"}},{"type":"Feature","geometry":{"type":"Point","coordinates":[-0.56845,43.655]},"properties":{"operator":"RTE","operator:wikidata":"Q2178795","power":"substation","ref:FR:RTE":"HAGET","ref:FR:RTE_nom":"HAGETMAU","source":"data.gouv.fr:RTE - 04/2017","voltage":"63000","osm":"way/148064902"}},{"type":"Feature","geometry":{"type":"Point","coordinates":[-0.52609,43.76406]},"properties":{"operator":"RTE","power":"substation","ref:FR:RTE":"SSSEV","ref:FR:RTE_nom":"ST-SEVER","source":"data.gouv.fr:RTE - 04/2017","voltage":"63000","osm":"way/148074115"}},{"type":"Feature","geometry":{"type":"Point","coordinates":[-0.0329,43.10169]},"properties":{"barrier":"fence","operator":"RTE","operator:wikidata":"Q2178795","power":"substation","ref:FR:RTE":"SARSA","ref:FR:RTE_nom":"SARSAN","source":"RTE 2021","substation":"transmission","voltage":"63000","osm":"way/148397161"}},{"type":"Feature","geometry":{"type":"Point","coordinates":[-0.26423,43.88205]},"properties":{"addr:housenumber":"1215","addr:street":"Chemin de Pomies","operator":"RTE","power":"substation","ref:FR:RTE":"PERQU","ref:FR:RTE_nom":"PERQUIE","source":"data.gouv.fr:RTE - 04/2017","voltage":"63000","osm":"way/148452544"}},{"type":"Feature","geometry":{"type":"Point","coordinates":[-0.03182,43.96118]},"properties":{"operator":"RTE","power":"substation","ref:FR:RTE":"BARBO","ref:FR:RTE_nom":"BARBOTAN","source":"data.gouv.fr:RTE - 04/2017","voltage":"63000","osm":"way/148730961"}},{"type":"Feature","geometry":{"type":"Point","coordinates":[-0.30594,43.59284]},"properties":{"operator":"RTE","operator:wikidata":"Q2178795","power":"substation","ref:FR:RTE":"M.SEN","ref:FR:RTE_nom":"MIRAMONT-SENSACQ","source":"data.gouv.fr:RTE - 04/2017","voltage":"63000","osm":"way/148733924"}},{"type":"Feature","geometry":{"type":"Point","coordinates":[-0.32112,43.46052]},"properties":{"operator":"RTE","operator:wikidata":"Q2178795","power":"substation","ref:FR:RTE":"AURIA","ref:FR:RTE_nom":"AURIAC","source":"data.gouv.fr:RTE - 04/2017","voltage":"63000","osm":"way/148791530"}},{"type":"Feature","geometry":{"type":"Point","coordinates":[-0.38076,43.32537]},"properties":{"barrier":"fence","operator":"RTE","operator:wikidata":"Q2178795","power":"substation","ref:FR:RTE":"PAU.N","ref:FR:RTE_nom":"PAU-NORD","source":"data.gouv.fr:RTE - 04/2017","substation":"transmission","voltage":"63000","osm":"way/148827823"}},{"type":"Feature","geometry":{"type":"Point","coordinates":[-0.49156,43.8846]},"properties":{"operator":"RTE","operator:wikidata":"Q2178795","power":"substation","ref:FR:RTE":"M.MAR","ref:FR:RTE_nom":"MONT-DE-MARSAN","voltage":"63000","osm":"way/148855653"}},{"type":"Feature","geometry":{"type":"Point","coordinates":[-0.9081,44.03638]},"properties":{"operator":"RTE","power":"substation","ref:FR:RTE":"MORC5","ref:FR:RTE_nom":"MORCENX","source":"data.gouv.fr:RTE - 04/2017","substation":"traction","voltage":"63000","osm":"way/148931486"}},{"type":"Feature","geometry":{"type":"Point","coordinates":[-0.90555,44.0313]},"properties":{"operator":"RTE","power":"substation","ref:FR:RTE":"RESOL","ref:FR:RTE_nom":"RESOLUT","source":"data.gouv.fr:RTE - 04/2017","voltage":"63000","osm":"way/148931487"}},{"type":"Feature","geometry":{"type":"Point","coordinates":[-1.08102,44.34859]},"properties":{"barrier":"fence","operator":"RTE","power":"substation","ref:FR:RTE":"PAREN","ref:FR:RTE_nom":"PARENTIS","source":"data.gouv.fr:RTE - 04/2017","substation":"transmission","voltage":"63000","osm":"way/148954811"}},{"type":"Feature","geometry":{"type":"Point","coordinates":[-0.9208,44.20264]},"properties":{"operator":"SNCF Réseau","power":"substation","ref:FR:RTE":"LABO5","ref:FR:RTE_nom":"LABOUHEYRE","source":"data.gouv.fr:RTE - 04/2017","substation":"traction","voltage":"63000","osm":"way/148961343"}},{"type":"Feature","geometry":{"type":"Point","coordinates":[-0.92137,44.20191]},"properties":{"name":"Poste électrique de Labouheyre","operator":"RTE","power":"substation","ref:FR:RTE":"LABOU","ref:FR:RTE_nom":"LABOUHEYRE","source":"data.gouv.fr:RTE - 04/2017","substation":"transmission","voltage":"63000","osm":"way/148961344"}},{"type":"Feature","geometry":{"type":"Point","coordinates":[-0.8721,43.83636]},"properties":{"barrier":"fence","location":"outdoor","name":"Poste de Bergé","operator":"RTE","operator:wikidata":"Q2178795","power":"substation","ref":"Poste de Bergé","ref:FR:RTE":"BERG9","ref:FR:RTE_nom":"BERGE","source":"data.gouv.fr:RTE - 04/2017","start_date":"2010","substation":"transmission","voltage":"225000;63000","osm":"way/152778326"}},{"type":"Feature","geometry":{"type":"Point","coordinates":[-0.93398,43.87661]},"properties":{"barrier":"fence","operator":"SNCF Réseau","power":"substation","ref":"Cougnala","ref:FR:RTE":"COUGN","ref:FR:RTE_nom":"COUGNALA","source":"data.gouv.fr:RTE - 04/2017","substation":"traction","voltage":"63000","osm":"way/153655044"}},{"type":"Feature","geometry":{"type":"Point","coordinates":[1.53312,44.16243]},"properties":{"operator":"RTE","power":"substation","ref:FR:RTE":"CAUSS","ref:FR:RTE_nom":"CAUSSADE","source":"data.gouv.fr:RTE - 04/2017","voltage":"63000","osm":"way/157283598"}},{"type":"Feature","geometry":{"type":"Point","coordinates":[1.53066,44.16311]},"properties":{"operator":"RTE","power":"substation","ref:FR:RTE":"LERE","ref:FR:RTE_nom":"LERE","source":"bing 2010","voltage":"63000","osm":"way/157313573"}},{"type":"Feature","geometry":{"type":"Point","coordinates":[0.84332,44.10647]},"properties":{"location":"outdoor","name":"Poste électrique de Golfech 2","operator":"Électricité de France","operator:short":"EDF","operator:wikidata":"Q274591","power":"substation","ref:FR:RTE":"GOLF5","ref:FR:RTE_nom":"GOLFECH (NUCLEAIRE)","source":"data.gouv.fr:RTE - 12/2017","substation":"generation","voltage":"400000;15000","osm":"way/157456064"}},{"type":"Feature","geometry":{"type":"Point","coordinates":[0.84515,44.1058]},"properties":{"location":"outdoor","name":"Poste électrique de Golfech 1","operator":"Électricité de France","operator:short":"EDF","operator:wikidata":"Q274591","power":"substation","ref:FR:RTE":"GOLF5","ref:FR:RTE_nom":"GOLFECH (NUCLEAIRE)","source":"data.gouv.fr:RTE - 12/2017","substation":"generation","voltage":"400000;15000","osm":"way/157456131"}},{"type":"Feature","geometry":{"type":"Point","coordinates":[0.90215,43.11325]},"properties":{"barrier":"fence","operator":"RTE","operator:wikidata":"Q2178795","power":"substation","ref:FR:RTE":"LESTE","ref:FR:RTE_nom":"LESTELLE","source":"data.gouv.fr:RTE - 04/2017","substation":"transmission","voltage":"63000","osm":"way/158708163"}},{"type":"Feature","geometry":{"type":"Point","coordinates":[-1.22037,43.51238]},"properties":{"barrier":"fence","operator":"RTE","operator:wikidata":"Q2178795","power":"substation","ref:FR:RTE":"GUICH","ref:FR:RTE_nom":"GUICHE","source":"Bing ; cadastre-dgi-fr source : Direction Générale des Impôts - Cadastre. Mise à jour : 2012","voltage":"63000","osm":"way/159526169"}},{"type":"Feature","geometry":{"type":"Point","coordinates":[0.95576,43.15751]},"properties":{"barrier":"wall","operator":"RTE","operator:wikidata":"Q2178795","operator:wikipedia":"fr:RTE (entreprise)","power":"substation","ref:FR:RTE":"MANCI","ref:FR:RTE_nom":"MANCIOUX","source":"data.gouv.fr:RTE - 04/2017","voltage":"63000","osm":"way/159650392"}},{"type":"Feature","geometry":{"type":"Point","coordinates":[-3.21547,42.77709]},"properties":{"barrier":"wall","frequency":"50","location":"outdoor","name":"Subestación de Barcina","operator":"Red Eléctrica de España","operator:short":"REE","operator:wikidata":"Q1551220","operator:wikipedia":"es:Red Eléctrica de España","power":"substation","substation":"transmission","voltage":"400000","osm":"way/159930931"}},{"type":"Feature","geometry":{"type":"Point","coordinates":[1.21758,43.28492]},"properties":{"barrier":"wall","operator":"RTE","operator:wikidata":"Q2178795","power":"substation","ref:FR:RTE":"CARBO","ref:FR:RTE_nom":"CARBONNE","substation":"transmission","voltage":"63000","osm":"way/159975257"}},{"type":"Feature","geometry":{"type":"Point","coordinates":[1.7231,44.16059]},"properties":{"operator":"RTE","operator:wikidata":"Q2178795","operator:wikipedia":"fr:RTE (entreprise)","power":"substation","ref:FR:RTE":"SSAN5","ref:FR:RTE_nom":"ST-ANTONIN","source":"data.gouv.fr:RTE - 04/2017","substation":"distribution","voltage":"63000","osm":"way/161169789"}},{"type":"Feature","geometry":{"type":"Point","coordinates":[-0.24296,43.18268]},"properties":{"operator":"RTE","operator:wikidata":"Q2178795","power":"substation","ref:FR:RTE":"COARR","ref:FR:RTE_nom":"COARRAZE","voltage":"63000","osm":"way/165209457"}},{"type":"Feature","geometry":{"type":"Point","coordinates":[1.86073,43.08969]},"properties":{"barrier":"fence","operator":"Enedis","operator:wikidata":"Q3587594","power":"substation","ref:FR:RTE":"MIREP","ref:FR:RTE_nom":"MIREPOIX","source":"data.gouv.fr:RTE - 04/2017","substation":"distribution","voltage":"63000","osm":"way/165882493"}},{"type":"Feature","geometry":{"type":"Point","coordinates":[1.99522,43.46695]},"properties":{"name":"Poste électrique de Revel","operator":"RTE","operator:wikidata":"Q2178795","power":"substation","ref:FR:RTE":"REVEL","ref:FR:RTE_nom":"REVEL","source":"data.gouv.fr:RTE - 04/2017","substation":"distribution","voltage":"63000;20000","osm":"way/166979193"}},{"type":"Feature","geometry":{"type":"Point","coordinates":[1.12665,41.40413]},"properties":{"barrier":"fence","landuse":"industrial","name":"Subestació elèctrica de Les Comes","power":"substation","substation":"transmission","voltage":"400000;220000","osm":"way/169523042"}},{"type":"Feature","geometry":{"type":"Point","coordinates":[1.12517,41.40506]},"properties":{"barrier":"fence","landuse":"industrial","name":"Subestació elèctrica de l'Espluga de Francolí","operator":"Red Eléctrica de España","operator:short":"REE","operator:wikidata":"Q1551220","operator:wikipedia":"es:Red Eléctrica de España","power":"substation","voltage":"400000;220000","osm":"way/169523046"}},{"type":"Feature","geometry":{"type":"Point","coordinates":[-0.58118,43.37285]},"properties":{"barrier":"fence","frequency":"50","operator":"RTE","operator:wikidata":"Q2178795","power":"substation","ref:FR:RTE":"PARDI","ref:FR:RTE_nom":"PARDIES","source":"data.gouv.fr:RTE - 04/2017","voltage":"63000","osm":"way/169641422"}},{"type":"Feature","geometry":{"type":"Point","coordinates":[-0.34135,41.29524]},"properties":{"operator":"Red Eléctrica de España","operator:short":"REE","operator:wikidata":"Q1551220","operator:wikipedia":"es:Red Eléctrica de España","power":"substation","voltage":"400000;220000","osm":"way/169867109"}},{"type":"Feature","geometry":{"type":"Point","coordinates":[-0.21836,41.28002]},"properties":{"frequency":"50","location":"outdoor","name":"SET Peaker","power":"substation","substation":"transmission","voltage":"400000;132000","osm":"way/169867119"}},{"type":"Feature","geometry":{"type":"Point","coordinates":[-0.97666,41.33679]},"properties":{"barrier":"fence","frequency":"50","landuse":"industrial","location":"outdoor","name":"Subestación de Fuendetodos","operator":"Red Eléctrica de España","operator:short":"REE","operator:wikidata":"Q1551220","operator:wikipedia":"es:Red Eléctrica de España","power":"substation","substation":"transmission","voltage":"400000;220000","osm":"way/169999915"}},{"type":"Feature","geometry":{"type":"Point","coordinates":[-1.70571,41.32095]},"properties":{"barrier":"fence","frequency":"50","location":"outdoor","name":"Terrer Vega","operator":"Red Eléctrica de España","operator:short":"REE","operator:wikidata":"Q1551220","operator:wikipedia":"es:Red Eléctrica de España","power":"substation","voltage":"400000","osm":"way/170014037"}},{"type":"Feature","geometry":{"type":"Point","coordinates":[1.6178,42.93539]},"properties":{"barrier":"fence","frequency":"50","name":"Poste électrique de Ferrières","operator":"RTE","operator:wikidata":"Q2178795","power":"substation","ref:FR:RTE":"FERRI","ref:FR:RTE_nom":"FERRIERES","source":"data.gouv.fr:RTE - 04/2017","substation":"transmission","voltage":"63000","osm":"way/170510270"}},{"type":"Feature","geometry":{"type":"Point","coordinates":[-5.01289,41.5068]},"properties":{"frequency":"50","location":"outdoor","name":"Subestación Tordesillas","operator":"Red Eléctrica de España","operator:short":"REE","operator:wikidata":"Q1551220","operator:wikipedia":"es:Red Eléctrica de España","power":"substation","substation":"transmission","voltage":"400000;220000","osm":"way/170511092"}},{"type":"Feature","geometry":{"type":"Point","coordinates":[0.00259,42.87511]},"properties":{"barrier":"fence","operator":"Électricité de France","operator:wikidata":"Q274591","power":"substation","ref:FR:RTE":"ESTER","ref:FR:RTE_nom":"ESTERRE","source":"data.gouv.fr:RTE - 04/2017","substation":"generation","voltage":"63000","osm":"way/170986096"}},{"type":"Feature","geometry":{"type":"Point","coordinates":[0.63744,42.91144]},"properties":{"barrier":"fence","operator":"RTE","operator:wikidata":"Q2178795","power":"substation","ref:FR:RTE":"CIERP","ref:FR:RTE_nom":"CIERP","source":"data.gouv.fr:RTE - 04/2017","substation":"transmission","voltage":"63000","osm":"way/173012951"}},{"type":"Feature","geometry":{"type":"Point","coordinates":[0.73455,42.73749]},"properties":{"barrier":"fence","location":"outdoor","name":"Centrau de Benós","name:es":"Centrau de Benós","name:fr":"Poste électique de Benós","operator":"Red Eléctrica de España","operator:short":"REE","operator:wikidata":"Q1551220","operator:wikipedia":"es:Red Eléctrica de España","power":"substation","substation":"transmission","voltage":"150000","osm":"way/173566958"}},{"type":"Feature","geometry":{"type":"Point","coordinates":[0.55365,42.73256]},"properties":{"barrier":"fence","frequency":"50","name":"Poste électrique de Portillon (centrale hydroélectrique)","operator":"Électricité de France","operator:short":"EDF","operator:wikidata":"Q274591","power":"substation","ref:FR:RTE":"PORTI","ref:FR:RTE_nom":"PORTILLON","source":"data.gouv.fr:RTE - 04/2017","substation":"generation","voltage":"150000","osm":"way/173602844"}},{"type":"Feature","geometry":{"type":"Point","coordinates":[1.17225,42.96384]},"properties":{"operator":"RTE","operator:wikidata":"Q2178795","operator:wikipedia":"fr:RTE (entreprise)","power":"substation","ref:FR:RTE":"MOUL9","ref:FR:RTE_nom":"MOULASSE (LA)","source":"data.gouv.fr:RTE - 04/2017","voltage":"63000","osm":"way/173657220"}},{"type":"Feature","geometry":{"type":"Point","coordinates":[1.12598,42.97944]},"properties":{"operator":"RTE","operator:wikidata":"Q2178795","operator:wikipedia":"fr:RTE (entreprise)","power":"substation","ref:FR:RTE":"LEDAR","ref:FR:RTE_nom":"LEDAR","source":"source = data.gouv.fr:RTE - 04/2017","voltage":"63000","osm":"way/173657221"}},{"type":"Feature","geometry":{"type":"Point","coordinates":[1.20388,42.87217]},"properties":{"operator":"RTE","operator:wikidata":"Q2178795","operator:wikipedia":"fr:RTE (entreprise)","power":"substation","ref:FR:RTE":"SEIX","ref:FR:RTE_nom":"SEIX","source":"data.gouv.fr:RTE - 04/2017","voltage":"63000","osm":"way/173657222"}},{"type":"Feature","geometry":{"type":"Point","coordinates":[1.02896,42.89618]},"properties":{"operator":"RTE","operator:wikidata":"Q2178795","power":"substation","ref:FR:RTE":"BORD5","ref:FR:RTE_nom":"BORDES","source":"data.gouv.fr:RTE - 04/2017","voltage":"63000","osm":"way/173783546"}},{"type":"Feature","geometry":{"type":"Point","coordinates":[1.42651,42.71033]},"properties":{"barrier":"fence","operator":"EDF","operator:wikidata":"Q274591","power":"substation","ref:FR:RTE":"SOULC","ref:FR:RTE_nom":"SOULCEM","source":"data.gouv.fr:RTE - 04/2017","substation":"generation","voltage":"63000","osm":"way/173811225"}},{"type":"Feature","geometry":{"type":"Point","coordinates":[1.48998,42.71462]},"properties":{"barrier":"fence","operator":"RTE","operator:wikidata":"Q2178795","power":"substation","ref:FR:RTE":"PRADI","ref:FR:RTE_nom":"PRADIERES","source":"data.gouv.fr:RTE - 04/2017","substation":"generation","voltage":"63000","osm":"way/173824508"}},{"type":"Feature","geometry":{"type":"Point","coordinates":[1.86449,42.71006]},"properties":{"barrier":"fence","name":"Poste électrique d'Orgeix","operator":"RTE","operator:wikidata":"Q2178795","power":"substation","ref:FR:RTE":"ORGEI","ref:FR:RTE_nom":"ORGEIX","source":"data.gouv.fr:RTE - 04/2017","substation":"generation","voltage":"63000","osm":"way/173936610"}},{"type":"Feature","geometry":{"type":"Point","coordinates":[1.84143,42.71866]},"properties":{"barrier":"fence","frequency":"50","name":"Poste électrique du Teich","operator":"RTE","operator:wikidata":"Q2178795","power":"substation","ref:FR:RTE":"TEICH","ref:FR:RTE_nom":"TEICH (LE)","source":"data.gouv.fr:RTE - 04/2017","substation":"distribution","voltage":"63000;20000","osm":"way/173936613"}},{"type":"Feature","geometry":{"type":"Point","coordinates":[1.78768,42.74144]},"properties":{"barrier":"fence","frequency":"50","name":"Poste électrique du Castelet","operator":"RTE","operator:wikidata":"Q2178795","power":"substation","ref:FR:RTE":"CSLET","ref:FR:RTE_nom":"CASTELET (LE)","source":"data.gouv.fr:RTE - 04/2017","substation":"transmission","voltage":"63000","osm":"way/174117545"}},{"type":"Feature","geometry":{"type":"Point","coordinates":[0.09148,43.23757]},"properties":{"barrier":"wall","name":"Poste électrique d'Aureilhan","operator":"RTE","operator:wikidata":"Q2178795","power":"substation","ref:FR:RTE":"AUREI","ref:FR:RTE_nom":"AUREILHAN","source":"data.gouv.fr:RTE - 04/2017","substation":"transmission","voltage":"63000","osm":"way/174506571"}},{"type":"Feature","geometry":{"type":"Point","coordinates":[1.83381,42.92212]},"properties":{"operator":"RTE","operator:wikidata":"Q2178795","operator:wikipedia":"fr:RTE (entreprise)","power":"substation","ref:FR:RTE":"LAVEL","ref:FR:RTE_nom":"LAVELANET","source":"data.gouv.fr:RTE - 04/2017","voltage":"63000","osm":"way/174583351"}},{"type":"Feature","geometry":{"type":"Point","coordinates":[1.59327,43.16993]},"properties":{"barrier":"fence","frequency":"50","name":"Poste électrique de Pébernat","operator":"RTE","operator:wikidata":"Q2178795","power":"substation","ref:FR:RTE":"PEBER","ref:FR:RTE_nom":"PEBERNAT","source":"data.gouv.fr:RTE - 04/2017","substation":"generation","voltage":"63000","osm":"way/174726023"}},{"type":"Feature","geometry":{"type":"Point","coordinates":[0.4152,44.20586]},"properties":{"operator":"RTE","operator:wikidata":"Q2178795","power":"substation","ref:FR:RTE":"BRUCH","ref:FR:RTE_nom":"BRUCH","source":"data.gouv.fr:RTE - 04/2017","voltage":"63000","osm":"way/174760378"}},{"type":"Feature","geometry":{"type":"Point","coordinates":[1.55161,43.29464]},"properties":{"barrier":"fence","frequency":"50","name":"Poste électrique de Boulbonne","operator":"RTE","operator:wikidata":"Q2178795","power":"substation","ref:FR:RTE":"BOULB","ref:FR:RTE_nom":"BOULBONNE","source":"data.gouv.fr:RTE - 04/2017","substation":"distribution","voltage":"63000;20000","osm":"way/174892842"}},{"type":"Feature","geometry":{"type":"Point","coordinates":[1.51283,43.31012]},"properties":{"barrier":"fence","frequency":"50","name":"Sous-station SNCF de Cintegabelle","operator":"SNCF Réseau","operator:wikidata":"Q21605526","power":"substation","ref:FR:RTE":"CINTE","ref:FR:RTE_nom":"CINTEGABELLE","ref:FR:SNCF_Reseau:GAIA":"144461c8-6668-11e3-8cff-01f464e0362d","source":"data.gouv.fr:RTE - 04/2017","substation":"traction","voltage":"63000,1500","osm":"way/174893498"}},{"type":"Feature","geometry":{"type":"Point","coordinates":[1.96453,43.30922]},"properties":{"operator":"RTE","power":"substation","ref:FR:RTE":"BAGAT","ref:FR:RTE_nom":"BAGATELLE","source":"data.gouv.fr:RTE - 04/2017","voltage":"63000","osm":"way/174899660"}},{"type":"Feature","geometry":{"type":"Point","coordinates":[1.95917,43.30939]},"properties":{"operator":"RTE","power":"substation","ref:FR:RTE":"CSLN6","ref:FR:RTE_nom":"CASTELNAUDARY","source":"data.gouv.fr:RTE - 04/2017","substation":"traction","voltage":"63000","osm":"way/174899662"}},{"type":"Feature","geometry":{"type":"Point","coordinates":[1.90121,42.45906]},"properties":{"operator":"RTE","operator:wikidata":"Q2178795","power":"substation","ref:FR:RTE":"L.CAR","ref:FR:RTE_nom":"LATOUR-DE-CAROL","source":"data.gouv.fr:RTE - 04/2017","voltage":"63000","osm":"way/175236129"}},{"type":"Feature","geometry":{"type":"Point","coordinates":[-1.66746,42.09745]},"properties":{"location":"outdoor","name":"La Serna","operator":"Red Eléctrica de España","operator:short":"REE","operator:wikidata":"Q1551220","operator:wikipedia":"es:Red Eléctrica de España","power":"substation","substation":"transmission","voltage":"400000;220000","osm":"way/181906370"}},{"type":"Feature","geometry":{"type":"Point","coordinates":[-1.65454,42.66946]},"properties":{"converter":"yes","frequency":"50","location":"outdoor","name":"Subestación de Muruarte","operator":"Red Eléctrica de España;Iberdrola","power":"substation","substation":"transmission","voltage":"400000;220000;66000","osm":"way/181912569"}},{"type":"Feature","geometry":{"type":"Point","coordinates":[0.31221,43.75422]},"properties":{"barrier":"fence","operator":"RTE","operator:wikidata":"Q2178795","power":"substation","ref:FR:RTE":"V.FEZ","ref:FR:RTE_nom":"VIC-FEZENSAC","source":"data.gouv.fr:RTE - 04/2017","substation":"transmission","voltage":"63000","osm":"way/185246063"}},{"type":"Feature","geometry":{"type":"Point","coordinates":[0.2029,42.92738]},"properties":{"building":"yes","location":"indoor","name":"Poste électrique d'Artigues","operator":"RTE","operator:wikidata":"Q2178795","power":"substation","ref:FR:RTE":"ARTIG","ref:FR:RTE_nom":"ARTIGUES","substation":"transmission","voltage":"63000","osm":"way/186395025"}},{"type":"Feature","geometry":{"type":"Point","coordinates":[-2.50261,41.43772]},"properties":{"frequency":"50","location":"outdoor","name":"Subestación de Almazán","operator":"Red Eléctrica de España","operator:short":"REE","operator:wikidata":"Q1551220","operator:wikipedia":"es:Red Eléctrica de España","power":"substation","substation":"transmission","voltage":"400000","osm":"way/190236352"}},{"type":"Feature","geometry":{"type":"Point","coordinates":[0.09443,44.31906]},"properties":{"addr:housenumber":"12","addr:street":"Avenue de Marmande","operator":"RTE","operator:wikidata":"Q2178795","power":"substation","ref":"CSLJA","ref:FR:RTE":"CSLJA","ref:FR:RTE_nom":"CASTELJALOUX","source":"data.gouv.fr:RTE - 04/2017","substation":"distribution","voltage":"63000;20000","osm":"way/191909384"}},{"type":"Feature","geometry":{"type":"Point","coordinates":[0.33126,44.35261]},"properties":{"barrier":"fence","name":"Poste électrique d'Unet","operator":"RTE","operator:wikidata":"Q2178795","power":"substation","ref":"UNET","ref:FR:RTE":"UNET","ref:FR:RTE_nom":"UNET","source":"data.gouv.fr:RTE - 04/2017","substation":"distribution","voltage":"63000","osm":"way/191910745"}},{"type":"Feature","geometry":{"type":"Point","coordinates":[0.30584,44.41136]},"properties":{"name":"Poste électrique de Roja","operator":"RTE","operator:wikidata":"Q2178795","power":"substation","ref":"ROJA","ref:FR:RTE":"ROJA","ref:FR:RTE_nom":"ROJA","substation":"distribution","voltage":"63000;20000","osm":"way/191913933"}},{"type":"Feature","geometry":{"type":"Point","coordinates":[0.30445,44.40392]},"properties":{"name":"Poste électrique de Tonneins","operator":"SNCF Réseau","operator:wikidata":"Q21605526","power":"substation","ref":"TONN5","ref:FR:RTE":"TONN5","ref:FR:RTE_nom":"TONNEINS","ref:FR:SNCF_Reseau:GAIA":"1441d224-6668-11e3-8cff-01f464e0362d","source":"data.gouv.fr:RTE - 04/2017","substation":"traction","voltage":"63000","osm":"way/191913934"}},{"type":"Feature","geometry":{"type":"Point","coordinates":[-0.96067,44.39841]},"properties":{"name":"LICAUGAS","operator":"RTE","operator:wikidata":"Q2178795","power":"substation","ref:FR:RTE":"LICAU","ref:FR:RTE_nom":"LICAUGAS","source":"data.gouv.fr:RTE - 04/2017","substation":"traction","voltage":"63000","osm":"way/191922117"}},{"type":"Feature","geometry":{"type":"Point","coordinates":[-1.22916,44.1946]},"properties":{"operator":"RTE","power":"substation","ref:FR:RTE":"MIMIZ","ref:FR:RTE_nom":"MIMIZAN","voltage":"63000","osm":"way/192585141"}},{"type":"Feature","geometry":{"type":"Point","coordinates":[-0.62593,44.48593]},"properties":{"name":"Hostens","operator":"RTE","operator:wikidata":"Q2178795","power":"substation","ref:FR:RTE":"HOSTE","ref:FR:RTE_nom":"HOSTENS","source":"data.gouv.fr:RTE - 04/2017","voltage":"63000","osm":"way/192755332"}},{"type":"Feature","geometry":{"type":"Point","coordinates":[-0.32257,44.04481]},"properties":{"addr:housenumber":"1093","addr:street":"Chemin de Lago","operator":"RTE","power":"substation","ref:FR:RTE":"RQFOR","ref:FR:RTE_nom":"ROQUEFORT","voltage":"63000","osm":"way/193017783"}},{"type":"Feature","geometry":{"type":"Point","coordinates":[-0.65845,44.03206]},"properties":{"barrier":"fence","operator":"Enedis","operator:wikidata":"Q3587594","power":"substation","ref:FR:RTE":"GAREI","ref:FR:RTE_nom":"GAREIN","source":"data.gouv.fr:RTE - 04/2017","substation":"distribution","voltage":"63000","osm":"way/193019213"}},{"type":"Feature","geometry":{"type":"Point","coordinates":[-0.2183,44.41376]},"properties":{"barrier":"wall","name":"Poste électrique de Bazas","operator":"RTE","operator:wikidata":"Q2178795","power":"substation","ref:FR:RTE":"BAZAS","ref:FR:RTE_nom":"BAZAS","source":"data.gouv.fr:RTE - 04/2017","substation":"transmission","voltage":"63000","osm":"way/193199519"}},{"type":"Feature","geometry":{"type":"Point","coordinates":[-0.51916,44.24047]},"properties":{"barrier":"fence","name":"Poste électrique de Luxey","operator":"RTE","operator:wikidata":"Q2178795","power":"substation","ref:FR:RTE":"LUXEY","ref:FR:RTE_nom":"LUXEY","source":"data.gouv.fr:RTE - 04/2017","substation":"distribution","voltage":"63000","osm":"way/193983452"}},{"type":"Feature","geometry":{"type":"Point","coordinates":[1.45212,43.60949]},"properties":{"building":"yes","frequency":"50","location":"indoor","name":"Poste électrique de Toulouse-Centre","operator":"Enedis","operator:wikidata":"Q3587594","power":"substation","ref:FR:RTE":"TOU.C","ref:FR:RTE_nom":"TOULOUSE-CENTRE","source":"data.gouv.fr:RTE - 12/2017","substation":"distribution","voltage":"225000;20000","osm":"way/194571876"}},{"type":"Feature","geometry":{"type":"Point","coordinates":[-2.27398,43.06146]},"properties":{"frequency":"50","location":"outdoor","name":"Subestación de Itxaso","operator":"Red Eléctrica de España","operator:short":"REE","operator:wikidata":"Q1551220","operator:wikipedia":"es:Red Eléctrica de España","power":"substation","substation":"transmission","voltage":"400000;220000","osm":"way/196202213"}},{"type":"Feature","geometry":{"type":"Point","coordinates":[-1.96859,43.25982]},"properties":{"frequency":"50","location":"outdoor","name":"Subestación Eléctrica de Hernani","name:en":"Hernani Substation","name:es":"Subestación Eléctrica de Hernani","note":"Does a Basque name exist?","power":"substation","substation":"transmission","voltage":"400000;220000;132000","osm":"way/196207063"}},{"type":"Feature","geometry":{"type":"Point","coordinates":[-2.2524,43.21265]},"properties":{"frequency":"50","location":"outdoor","name":"Subestación Eléctrica de Azpeitia","name:en":"Azpeitia Substation","name:es":"Subestación Eléctrica de Azpeitia","note":"Does a Basque name exist?","power":"substation","substation":"transmission","voltage":"400000","osm":"way/196207064"}},{"type":"Feature","geometry":{"type":"Point","coordinates":[-2.8806,43.34961]},"properties":{"frequency":"50","location":"outdoor","name":"Subestación de Gatika","operator":"Red Eléctrica de España","operator:short":"REE","operator:wikidata":"Q1551220","operator:wikipedia":"es:Red Eléctrica de España","power":"substation","substation":"transmission","voltage":"400000;220000;132000;30000","osm":"way/196215046"}},{"type":"Feature","geometry":{"type":"Point","coordinates":[1.34134,43.44801]},"properties":{"barrier":"fence","frequency":"50","name":"Poste électrique de Muret","operator":"RTE","operator:wikidata":"Q2178795","power":"substation","ref:FR:RTE":"MURET","ref:FR:RTE_nom":"MURET","source":"data.gouv.fr:RTE - 04/2017","substation":"distribution","voltage":"63000;20000","osm":"way/196491882"}},{"type":"Feature","geometry":{"type":"Point","coordinates":[1.71926,41.25505]},"properties":{"barrier":"fence","frequency":"50","location":"outdoor","name":"Subestació Garraf","name:ca":"Subestació Garraf","operator":"Red Eléctrica de España","operator:short":"REE","operator:wikidata":"Q1551220","operator:wikipedia":"es:Red Eléctrica de España","power":"substation","source":"Bing","substation":"transmission","voltage":"400000","osm":"way/200253359"}},{"type":"Feature","geometry":{"type":"Point","coordinates":[-0.01342,42.87103]},"properties":{"barrier":"fence","location":"outdoor","operator":"RTE","operator:wikidata":"Q2178795","power":"substation","ref:FR:RTE":"LUZ","ref:FR:RTE_nom":"LUZ","source":"data.gouv.fr:RTE - 04/2017","substation":"transmission","voltage":"63000","osm":"way/200358744"}},{"type":"Feature","geometry":{"type":"Point","coordinates":[-0.03546,42.90595]},"properties":{"barrier":"fence","operator":"RTE","operator:wikidata":"Q2178795","power":"substation","ref:FR:RTE":"P.REI","ref:FR:RTE_nom":"PONT-DE-LA-REINE","voltage":"63000","osm":"way/200895694"}},{"type":"Feature","geometry":{"type":"Point","coordinates":[1.28329,43.51597]},"properties":{"operator":"RTE","power":"substation","ref:FR:RTE":"SEYS5","ref:FR:RTE_nom":"SEYSSES","source":"data.gouv.fr:RTE - 04/2017","voltage":"63000","osm":"way/201760410"}},{"type":"Feature","geometry":{"type":"Point","coordinates":[-3.03033,43.21886]},"properties":{"frequency":"50","location":"outdoor","name":"Subestación de Güeñes","operator":"Red Eléctrica de España","operator:short":"REE","operator:wikidata":"Q1551220","operator:wikipedia":"es:Red Eléctrica de España","power":"substation","substation":"transmission","voltage":"400000;220000","osm":"way/202891403"}},{"type":"Feature","geometry":{"type":"Point","coordinates":[-0.27316,42.88593]},"properties":{"barrier":"fence","location":"outdoor","operator":"RTE","operator:wikidata":"Q2178795","power":"substation","ref:FR:RTE":"MIGOE","ref:FR:RTE_nom":"MIGOELOU","source":"data.gouv.fr:RTE - 04/2017","substation":"generation","voltage":"150000","osm":"way/206645276"}},{"type":"Feature","geometry":{"type":"Point","coordinates":[-0.21924,42.94661]},"properties":{"barrier":"fence","location":"outdoor","operator":"RTE","operator:wikidata":"Q2178795","operator:wikipedia":"fr:RTE (entreprise)","power":"substation","ref:FR:RTE":"ARREN","ref:FR:RTE_nom":"ARRENS","source":"data.gouv.fr:RTE - 04/2017","substation":"transmission","voltage":"150000","osm":"way/206645277"}},{"type":"Feature","geometry":{"type":"Point","coordinates":[0.01148,42.82133]},"properties":{"frequency":"50","location":"outdoor","name":"Poste électrique de Pragnères","operator":"RTE","operator:wikidata":"Q2178795","power":"substation","ref:FR:RTE":"PRAGN","ref:FR:RTE_nom":"PRAGNERES","source":"data.gouv.fr:RTE - 04/2017","substation":"transmission","voltage":"225000;63000","osm":"way/207479669"}},{"type":"Feature","geometry":{"type":"Point","coordinates":[-0.02643,43.75567]},"properties":{"addr:housenumber":"131","addr:street":"Chemin de la Pisciculture","barrier":"fence","operator":"RTE","operator:wikidata":"Q2178795","power":"substation","ref:FR:RTE":"MIDOU","ref:FR:RTE_nom":"MIDOUR","source":"data.gouv.fr:RTE - 04/2017","substation":"transmission","voltage":"63000","osm":"way/209806027"}},{"type":"Feature","geometry":{"type":"Point","coordinates":[-3.09103,43.35874]},"properties":{"frequency":"50","location":"outdoor","name":"Subestación de Zierbena","operator":"Red Eléctrica de España","operator:short":"REE","operator:wikidata":"Q1551220","operator:wikipedia":"es:Red Eléctrica de España","power":"substation","substation":"transmission","voltage":"400000","osm":"way/223207745"}},{"type":"Feature","geometry":{"type":"Point","coordinates":[0.66511,43.29209]},"properties":{"operator":"RTE","operator:wikidata":"Q2178795","operator:wikipedia":"fr:RTE (entreprise)","power":"substation","ref:FR:RTE":"B.GES","ref:FR:RTE_nom":"BOULOGNE-SUR-GESSE","source":"data.gouv.fr:RTE - 04/2017","voltage":"63000","osm":"way/225109129"}},{"type":"Feature","geometry":{"type":"Point","coordinates":[0.19847,43.95483]},"properties":{"operator":"RTE","operator:wikidata":"Q2178795","power":"substation","ref:FR:RTE":"MTREA","ref:FR:RTE_nom":"MONTREAL","source":"data.gouv.fr:RTE - 04/2017","voltage":"63000","osm":"way/225111791"}},{"type":"Feature","geometry":{"type":"Point","coordinates":[0.41811,43.52056]},"properties":{"operator":"RTE","operator:wikidata":"Q2178795","power":"substation","ref:FR:RTE":"MIRAN","ref:FR:RTE_nom":"MIRANDE","source":"data.gouv.fr:RTE - 04/2017","voltage":"63000","osm":"way/225374375"}},{"type":"Feature","geometry":{"type":"Point","coordinates":[0.64976,43.86228]},"properties":{"operator":"RTE","power":"substation","ref:FR:RTE":"FLEU5","ref:FR:RTE_nom":"FLEURANCE","voltage":"63000","osm":"way/225378105"}},{"type":"Feature","geometry":{"type":"Point","coordinates":[0.60301,43.93594]},"properties":{"operator":"RTE","operator:wikidata":"Q2178795","operator:wikipedia":"fr:RTE (entreprise)","power":"substation","ref:FR:RTE":"LECTO","ref:FR:RTE_nom":"LECTOURE","substation":"yes","voltage":"63000","osm":"way/225378106"}},{"type":"Feature","geometry":{"type":"Point","coordinates":[0.86465,43.79146]},"properties":{"operator":"RTE","operator:wikidata":"Q2178795","power":"substation","ref:FR:RTE":"SOLOM","ref:FR:RTE_nom":"SOLOMIAC","source":"data.gouv.fr:RTE - 04/2017","voltage":"63000","osm":"way/225526135"}},{"type":"Feature","geometry":{"type":"Point","coordinates":[0.14073,43.87278]},"properties":{"operator":"RTE","operator:wikidata":"Q2178795","operator:wikipedia":"fr:RTE (entreprise)","power":"substation","ref:FR:RTE":"BRETA","ref:FR:RTE_nom":"BRETAGNE","source":"data.gouv.fr:RTE - 04/2017","voltage":"63000","osm":"way/225527708"}},{"type":"Feature","geometry":{"type":"Point","coordinates":[1.08976,43.60113]},"properties":{"operator":"RTE","power":"substation","ref:FR:RTE":"I.JO5","ref:FR:RTE_nom":"ISLE-JOURDAIN","source":"data.gouv.fr:RTE - 04/2017","voltage":"63000","osm":"way/225527710"}},{"type":"Feature","geometry":{"type":"Point","coordinates":[0.02209,43.46809]},"properties":{"barrier":"fence","operator":"RTE","operator:wikidata":"Q2178795","power":"substation","ref:FR:RTE":"MAUBO","ref:FR:RTE_nom":"MAUBOURGUET","source":"data.gouv.fr:RTE - 04/2017","voltage":"63000","osm":"way/225557324"}},{"type":"Feature","geometry":{"type":"Point","coordinates":[0.26569,43.42364]},"properties":{"operator":"RTE","operator:wikidata":"Q2178795","power":"substation","ref:FR:RTE":"LAGUI","ref:FR:RTE_nom":"LAGUIAN","source":"data.gouv.fr:RTE - 04/2017","voltage":"63000","osm":"way/225557326"}},{"type":"Feature","geometry":{"type":"Point","coordinates":[0.1636,43.58435]},"properties":{"barrier":"fence","operator":"Enedis","operator:wikidata":"Q3587594","power":"substation","ref:FR:RTE":"LOUSL","ref:FR:RTE_nom":"LOUSLITGES","source":"data.gouv.fr:RTE - 04/2017","substation":"distribution","voltage":"63000","osm":"way/225557329"}},{"type":"Feature","geometry":{"type":"Point","coordinates":[0.60788,44.39447]},"properties":{"operator":"RTE","operator:wikidata":"Q2178795","power":"substation","ref:FR:RTE":"SSLIV","ref:FR:RTE_nom":"STE-LIVRADE","source":"data.gouv.fr:RTE - 04/2017","voltage":"63000","osm":"way/225575319"}},{"type":"Feature","geometry":{"type":"Point","coordinates":[0.72322,44.40236]},"properties":{"operator":"RTE","operator:wikidata":"Q2178795","power":"substation","ref:FR:RTE":"V.LOT","ref:FR:RTE_nom":"VILLENEUVE-SUR-LOT","voltage":"63000","osm":"way/225650370"}},{"type":"Feature","geometry":{"type":"Point","coordinates":[0.94579,44.4974]},"properties":{"operator":"RTE","power":"substation","ref:FR:RTE":"MRLOQ","ref:FR:RTE_nom":"MARTILOQUE","source":"data.gouv.fr:RTE - 04/2017","substation":"transmission","voltage":"63000","osm":"way/225664700"}},{"type":"Feature","geometry":{"type":"Point","coordinates":[0.1714,43.02824]},"properties":{"barrier":"fence","location":"outdoor","operator":"RTE","operator:wikidata":"Q2178795","power":"substation","ref:FR:RTE":"CAMP5","ref:FR:RTE_nom":"CAMPAN","substation":"transmission","voltage":"63000","osm":"way/240320185"}},{"type":"Feature","geometry":{"type":"Point","coordinates":[0.99294,43.04029]},"properties":{"operator":"RTE","power":"substation","ref:FR:RTE":"PN93","ref:FR:RTE_nom":"P.N.93","source":"cadastre-dgi-fr source : Direction Générale des Finances Publiques - Cadastre. Mise à jour : 2013","voltage":"63000","osm":"way/250001505"}},{"type":"Feature","geometry":{"type":"Point","coordinates":[0.07639,43.38038]},"properties":{"barrier":"fence","landuse":"industrial","operator":"RTE","operator:wikidata":"Q2178795","power":"substation","ref:FR:RTE":"V.BIG","ref:FR:RTE_nom":"VIC-EN-BIGORRE","source":"data.gouv.fr:RTE - 12/2017","voltage":"63000","osm":"way/252694169"}},{"type":"Feature","geometry":{"type":"Point","coordinates":[0.23641,43.18412]},"properties":{"operator":"RTE","operator:wikidata":"Q2178795","power":"substation","ref:FR:RTE":"LUGRA","ref:FR:RTE_nom":"LUGRA","voltage":"63000","osm":"way/260004030"}},{"type":"Feature","geometry":{"type":"Point","coordinates":[-0.1004,42.99767]},"properties":{"barrier":"fence","operator":"RTE","operator:wikidata":"Q2178795","power":"substation","ref:FR:RTE":"L.BAL","ref:FR:RTE_nom":"LAU-BALAGNAS","source":"data.gouv.fr:RTE - 04/2017","substation":"transmission","voltage":"150000","osm":"way/261596075"}},{"type":"Feature","geometry":{"type":"Point","coordinates":[0.2398,43.18247]},"properties":{"operator":"SNCF Réseau","power":"substation","ref:FR:RTE":"TOUR6","ref:FR:RTE_nom":"TOURNAY","source":"data.gouv.fr:RTE - 04/2017","substation":"traction","voltage":"63000","osm":"way/269713449"}},{"type":"Feature","geometry":{"type":"Point","coordinates":[0.78474,43.09701]},"properties":{"barrier":"fence","operator":"EDF","power":"substation","ref:FR:RTE":"GENTI","ref:FR:RTE_nom":"GENTILLE (LA)","source":"data.gouv.fr:RTE - 04/2017","substation":"generation","voltage":"63000","osm":"way/288240209"}},{"type":"Feature","geometry":{"type":"Point","coordinates":[0.81177,43.09618]},"properties":{"operator":"RTE","power":"substation","ref:FR:RTE":"SSSER","ref:FR:RTE_nom":"ST-SERNIN","source":"data.gouv.fr:RTE - 04/2017","voltage":"63000","osm":"way/288240210"}},{"type":"Feature","geometry":{"type":"Point","coordinates":[0.39251,43.11296]},"properties":{"barrier":"fence","location":"outdoor","name":"Poste électrique de Lannemezan","operator":"RTE","operator:wikidata":"Q2178795","power":"substation","ref:FR:RTE":"LANNE","ref:FR:RTE_nom":"LANNEMEZAN","substation":"transmission","voltage":"225000;150000;63000;20000","osm":"way/294002018"}},{"type":"Feature","geometry":{"type":"Point","coordinates":[-1.15353,44.4141]},"properties":{"barrier":"fence","operator":"Enedis","power":"substation","ref:FR:RTE":"NAVA5","ref:FR:RTE_nom":"NAVARROSSE","source":"data.gouv.fr:RTE - 04/2017","substation":"distribution","voltage":"63000","osm":"way/299437796"}},{"type":"Feature","geometry":{"type":"Point","coordinates":[1.06172,43.20364]},"properties":{"barrier":"fence","operator":"RTE","operator:wikidata":"Q2178795","power":"substation","ref:FR:RTE":"PALAM","ref:FR:RTE_nom":"PALAMINY","source":"data.gouv.fr:RTE - 04/2017","substation":"transmission","voltage":"63000","osm":"way/310722852"}},{"type":"Feature","geometry":{"type":"Point","coordinates":[0.98843,43.18638]},"properties":{"operator":"RTE","operator:wikidata":"Q2178795","power":"substation","ref:FR:RTE":"BOUSS","ref:FR:RTE_nom":"BOUSSENS","source":"data.gouv.fr:RTE - 04/2017","voltage":"63000","osm":"way/313047461"}},{"type":"Feature","geometry":{"type":"Point","coordinates":[0.36419,42.89985]},"properties":{"barrier":"fence","operator":"RTE","operator:wikidata":"Q2178795","power":"substation","ref:FR:RTE":"BORDE","ref:FR:RTE_nom":"BORDERES","substation":"transmission","voltage":"63000","osm":"way/314378570"}},{"type":"Feature","geometry":{"type":"Point","coordinates":[0.41011,42.78589]},"properties":{"barrier":"fence","operator":"RTE","operator:wikidata":"Q2178795","power":"substation","ref:FR:RTE":"LOUD7","ref:FR:RTE_nom":"LOUDENVIELLE - (ERDF)","source":"data.gouv.fr:RTE - 04/2017","substation":"transmission","voltage":"63000","osm":"way/315814686"}},{"type":"Feature","geometry":{"type":"Point","coordinates":[1.42082,43.54755]},"properties":{"barrier":"fence","frequency":"50","name":"Poste électrique de Palayre","operator":"Enedis","operator:wikidata":"Q3587594","power":"substation","ref:FR:RTE":"PALAY","ref:FR:RTE_nom":"PALAYRE","source":"data.gouv.fr:RTE - 04/2017","substation":"distribution","voltage":"225000;20000","osm":"way/316262092"}},{"type":"Feature","geometry":{"type":"Point","coordinates":[0.40956,42.74405]},"properties":{"barrier":"fence","operator":"RTE","operator:wikidata":"Q2178795","power":"substation","ref:FR:RTE":"TRAME","ref:FR:RTE_nom":"TRAMEZAYGUES","source":"data.gouv.fr:RTE - 04/2017","substation":"generation","voltage":"63000","osm":"way/316565459"}},{"type":"Feature","geometry":{"type":"Point","coordinates":[0.29921,42.79203]},"properties":{"barrier":"fence","name":"Maison Blanche","operator":"Électricité de France","operator:wikidata":"Q274591","power":"substation","ref:FR:RTE":"M.BLA","ref:FR:RTE_nom":"MAISON-BLANCHE","source":"data.gouv.fr:RTE - 04/2017","substation":"generation","voltage":"63000","osm":"way/323704959"}},{"type":"Feature","geometry":{"type":"Point","coordinates":[0.23014,42.78833]},"properties":{"barrier":"fence","location":"outdoor","operator":"RTE","operator:wikidata":"Q2178795","operator:wikipedia":"fr:RTE (entreprise)","power":"substation","ref:FR:RTE":"FABIA","ref:FR:RTE_nom":"FABIAN","source":"cadastre-dgi-fr source : Direction Générale des Impôts - Cadastre. Mise à jour : 2015","substation":"transmission","voltage":"63000","osm":"way/324734415"}},{"type":"Feature","geometry":{"type":"Point","coordinates":[0.31711,42.81477]},"properties":{"barrier":"fence","location":"outdoor","operator":"RTE","operator:wikidata":"Q2178795","power":"substation","ref:FR:RTE":"SSLAR","ref:FR:RTE_nom":"ST-LARY","source":"data.gouv.fr:RTE - 04/2017","substation":"transmission","voltage":"63000","osm":"way/325195724"}},{"type":"Feature","geometry":{"type":"Point","coordinates":[1.29471,43.38599]},"properties":{"barrier":"fence","frequency":"50","name":"Poste électrique de Fauga","operator":"RTE","operator:wikidata":"Q2178795","power":"substation","ref:FR:RTE":"FAUGA","ref:FR:RTE_nom":"FAUGA","source":"data.gouv.fr:RTE - 04/2017","substation":"industrial","voltage":"63000","osm":"way/331661000"}},{"type":"Feature","geometry":{"type":"Point","coordinates":[1.83228,44.4753]},"properties":{"barrier":"fence","name":"Poste de Cajarc","operator":"RTE","operator:wikidata":"Q2178795","power":"substation","ref:FR:RTE":"CAJAR","ref:FR:RTE_nom":"CAJARC","source":"data.gouv.fr:RTE - 04/2017","voltage":"63000","osm":"way/345601587"}},{"type":"Feature","geometry":{"type":"Point","coordinates":[1.62734,42.87818]},"properties":{"barrier":"fence","frequency":"50","name":"Poste électrique de Mercus","operator":"RTE","operator:wikidata":"Q2178795","power":"substation","ref:FR:RTE":"MERCU","ref:FR:RTE_nom":"MERCUS","source":"data.gouv.fr:RTE - 04/2017","substation":"industrial","voltage":"63000","osm":"way/352407704"}},{"type":"Feature","geometry":{"type":"Point","coordinates":[-0.82367,43.80776]},"properties":{"barrier":"fence","location":"outdoor","name":"Centrale électrique de Audon","operator":"RTE","power":"substation","ref:FR:RTE":"AUDON","ref:FR:RTE_nom":"AUDON","source":"data.gouv.fr:RTE - 04/2017","substation":"transmission","voltage":"63000","osm":"way/354204795"}},{"type":"Feature","geometry":{"type":"Point","coordinates":[-1.23245,43.90747]},"properties":{"barrier":"fence","name":"Poste électrique de Linxe","operator":"RTE","operator:wikidata":"Q2178795","power":"substation","ref:FR:RTE":"LINXE","ref:FR:RTE_nom":"LINXE","source":"data.gouv.fr:RTE - 04/2017","substation":"distribution","voltage":"63000;20000","osm":"way/367017827"}},{"type":"Feature","geometry":{"type":"Point","coordinates":[1.99481,43.76816]},"properties":{"operator":"RTE","power":"substation","ref:FR:RTE":"GRAUL","ref:FR:RTE_nom":"GRAULHET","source":"data.gouv.fr:RTE - 04/2017","voltage":"63000","osm":"way/372147027"}},{"type":"Feature","geometry":{"type":"Point","coordinates":[1.55455,42.51631]},"properties":{"frequency":"50","location":"outdoor","name":"l’ETR d’Escaldes","operator":"Forces Electriques d'Andorra","power":"substation","substation":"distribution","voltage":"150000;110000;20000","osm":"way/386898986"}},{"type":"Feature","geometry":{"type":"Point","coordinates":[1.43829,43.59041]},"properties":{"building":"yes","frequency":"50","name":"Poste électrique du Château","operator":"RTE","operator:wikidata":"Q2178795","power":"substation","ref:FR:RTE":"CTAU","ref:FR:RTE_nom":"LE CHATEAU","source":"data.gouv.fr:RTE - 12/2017","substation":"distribution","voltage":"63000;20000","osm":"way/388549599"}},{"type":"Feature","geometry":{"type":"Point","coordinates":[-1.37375,43.65828]},"properties":{"branch":"RTE","frequency":"50","name":"Poste RTE d'Angresse","operator":"RTE","operator:wikidata":"Q2178795","operator:wikipedia":"fr:RTE (entreprise)","power":"substation","rating":"50 MVA","ref:FR:RTE":"ANGRE","ref:FR:RTE_nom":"ANGRESSE","source":"data.gouv.fr:RTE - 04/2017","substation":"distribution","voltage":"63000;20000","osm":"way/393875825"}},{"type":"Feature","geometry":{"type":"Point","coordinates":[0.15544,43.07435]},"properties":{"barrier":"fence","landuse":"industrial","operator":"RTE","operator:wikidata":"Q2178795","power":"substation","ref:FR:RTE":"MONLO","ref:FR:RTE_nom":"MONLOO","substation":"transmission","voltage":"150000","osm":"way/399314538"}},{"type":"Feature","geometry":{"type":"Point","coordinates":[-3.46222,43.32364]},"properties":{"frequency":"50","location":"outdoor","name":"Subestación de Udalla","operator":"Red Eléctrica de España","operator:short":"REE","operator:wikidata":"Q1551220","operator:wikipedia":"es:Red Eléctrica de España","power":"substation","substation":"transmission","voltage":"400000","osm":"way/401804126"}},{"type":"Feature","geometry":{"type":"Point","coordinates":[-1.77824,43.35772]},"properties":{"barrier":"fence","frequency":"50","name":"Sous-station SNCF d'Hendaye","operator":"SNCF Réseau","operator:wikidata":"Q21605526","power":"substation","ref:FR:RTE":"HENDA","ref:FR:RTE_nom":"HENDAYE","source":"data.gouv.fr:RTE - 04/2017","substation":"traction","voltage":"63000;1500","osm":"way/405359499"}},{"type":"Feature","geometry":{"type":"Point","coordinates":[1.11967,44.04014]},"properties":{"name":"Poste de Castelsarrasin","operator":"RTE","power":"substation","ref:FR:RTE":"CSLSA","ref:FR:RTE_nom":"CASTELSARRASIN","source":"RTE - 6 juin 2020","voltage":"63000","osm":"way/428875656"}},{"type":"Feature","geometry":{"type":"Point","coordinates":[-1.97496,43.25697]},"properties":{"addr:city":"Hernani","addr:housenumber":"52B","addr:postcode":"20120","addr:street":"Osinaga auzoa","building":"yes","name":"Iberduero S.a.","operator":"Red Eléctrica de España","operator:short":"REE","operator:wikidata":"Q1551220","operator:wikipedia":"es:Red Eléctrica de España","power":"substation","substation":"distribution","voltage":"400000","osm":"way/430071597"}},{"type":"Feature","geometry":{"type":"Point","coordinates":[0.33996,44.26789]},"properties":{"location":"Port-Sainte-Marie","operator":"RTE","power":"substation","ref:FR:RTE":"AIGUI","ref:FR:RTE_nom":"AIGUILLON","source":"data.gouv.fr:RTE - 04/2017","voltage":"63000","osm":"way/431013757"}},{"type":"Feature","geometry":{"type":"Point","coordinates":[1.43973,44.49779]},"properties":{"operator":"RTE","power":"substation","ref:FR:RTE":"SSHEN","ref:FR:RTE_nom":"ST-HENRI","source":"data.gouv.fr:RTE - 12/2018","voltage":"63000","osm":"way/432964732"}},{"type":"Feature","geometry":{"type":"Point","coordinates":[-4.38173,41.88872]},"properties":{"location":"outdoor","name":"SET Cerrato","operator":"Red Eléctrica de España","operator:short":"REE","operator:wikidata":"Q1551220","operator:wikipedia":"es:Red Eléctrica de España","power":"substation","substation":"transmission","voltage":"400000","osm":"way/434238959"}},{"type":"Feature","geometry":{"type":"Point","coordinates":[1.67063,43.63134]},"properties":{"barrier":"fence","frequency":"50","location":"outdoor","name":"Poste source de Verfeil","operator":"Enedis","operator:wikidata":"Q3587594","power":"substation","ref:FR:RTE":"VERFE","ref:FR:RTE_nom":"VERFEIL","substation":"distribution","voltage":"63000;20000","osm":"way/437890971"}},{"type":"Feature","geometry":{"type":"Point","coordinates":[-0.88535,44.01415]},"properties":{"barrier":"fence","location":"outdoor","operator":"RTE","operator:wikidata":"Q2178795","power":"substation","ref:FR:RTE":"CANT5","ref:FR:RTE_nom":"CANTEGRIT","source":"data.gouv.fr:RTE - 12/2018","voltage":"63000","osm":"way/439419332"}},{"type":"Feature","geometry":{"type":"Point","coordinates":[0.01856,42.78542]},"properties":{"operator":"RTE","operator:wikidata":"Q2178795","power":"substation","ref:FR:RTE":"GEDRE","ref:FR:RTE_nom":"GEDRE","source":"data.gouv.fr:RTE - 04/2017","voltage":"63000","osm":"way/440504177"}},{"type":"Feature","geometry":{"type":"Point","coordinates":[-0.42203,43.00972]},"properties":{"operator":"RTE","operator:wikidata":"Q2178795","power":"substation","ref:FR:RTE":"GETEU","ref:FR:RTE_nom":"GETEU","source":"data.gouv.fr:RTE - 04/2017","voltage":"63000","osm":"way/440683467"}},{"type":"Feature","geometry":{"type":"Point","coordinates":[1.66516,42.70552]},"properties":{"barrier":"fence","location":"outdoor","operator":"EDF","power":"substation","ref:FR:RTE":"LAPAR","ref:FR:RTE_nom":"LAPARAN","source":"data.gouv.fr:RTE - 04/2017","substation":"generation","voltage":"225000","osm":"way/442135966"}},{"type":"Feature","geometry":{"type":"Point","coordinates":[-0.26006,42.90964]},"properties":{"barrier":"fence","location":"outdoor","operator":"Électricité de France","operator:wikidata":"Q274591","power":"substation","ref:FR:RTE":"TUCOY","ref:FR:RTE_nom":"TUCOY","source":"data.gouv.fr:RTE - 04/2017","substation":"generation","voltage":"150000","osm":"way/466698682"}},{"type":"Feature","geometry":{"type":"Point","coordinates":[-0.1849,42.96764]},"properties":{"barrier":"fence","operator":"Électricité de France","operator:wikidata":"Q274591","power":"substation","ref:FR:RTE":"AUCUN","ref:FR:RTE_nom":"AUCUN","source":"data.gouv.fr:RTE - 04/2017","substation":"generation","voltage":"150000","osm":"way/466698687"}},{"type":"Feature","geometry":{"type":"Point","coordinates":[-0.14452,42.98165]},"properties":{"barrier":"fence","operator":"RTE","operator:wikidata":"Q2178795","power":"substation","ref:FR:RTE":"NOUAU","ref:FR:RTE_nom":"NOUAUX","voltage":"150000","osm":"way/466698692"}},{"type":"Feature","geometry":{"type":"Point","coordinates":[1.36594,44.03826]},"properties":{"barrier":"fence","frequency":"50","name":"Poste électrique de Matras","operator":"Enedis","operator:wikidata":"Q3587594","power":"substation","ref:FR:RTE":"MATRA","ref:FR:RTE_nom":"MATRAS","substation":"distribution","voltage":"63000;20000","osm":"way/474123257"}},{"type":"Feature","geometry":{"type":"Point","coordinates":[0.32407,44.14736]},"properties":{"barrier":"fence","description":"Poste Electrique de Nerac","operator":"RTE","power":"substation","ref:FR:RTE":"NERAC","ref:FR:RTE_nom":"NERAC","source":"data.gouv.fr:RTE - 04/2017","voltage":"63000","osm":"way/481991293"}},{"type":"Feature","geometry":{"type":"Point","coordinates":[1.60048,42.83636]},"properties":{"barrier":"fence","frequency":"50","name":"Poste électrique de Sakanie","operator":"RTE","operator:wikidata":"Q2178795","power":"substation","ref:FR:RTE":"SAKAN","ref:FR:RTE_nom":"SAKANIE","source":"data.gouv.fr:RTE - 04/2017","substation":"generation","voltage":"63000","osm":"way/488769977"}},{"type":"Feature","geometry":{"type":"Point","coordinates":[1.59974,42.83635]},"properties":{"barrier":"fence","frequency":"50","name":"Poste électrique de Sabart","operator":"RTE","operator:wikidata":"Q2178795","power":"substation","ref:FR:RTE":"SABAR","ref:FR:RTE_nom":"SABART","source":"data.gouv.fr:RTE - 04/2017","substation":"industrial","voltage":"63000","osm":"way/488769980"}},{"type":"Feature","geometry":{"type":"Point","coordinates":[1.61173,42.96064]},"properties":{"barrier":"fence","frequency":"50","name":"Poste électrique de Foix","operator":"RTE","operator:wikidata":"Q2178795","power":"substation","ref:FR:RTE":"FOIX","ref:FR:RTE_nom":"FOIX - (ENEDIS)","source":"data.gouv.fr:RTE - 12/2018","substation":"distribution","voltage":"63000;20000","osm":"way/488847534"}},{"type":"Feature","geometry":{"type":"Point","coordinates":[1.83385,42.72423]},"properties":{"barrier":"fence","frequency":"50","name":"Sous-station SNCF d'Ax les Thermes","operator":"SNCF Réseau","operator:wikidata":"Q21605526","power":"substation","ref:FR:RTE":"A.THE","ref:FR:RTE_nom":"AX-LES-THERMES","source":"data.gouv.fr:RTE - 04/2017","substation":"traction","voltage":"63000;1500","osm":"way/488847539"}},{"type":"Feature","geometry":{"type":"Point","coordinates":[1.60719,42.97766]},"properties":{"barrier":"fence","frequency":"50","name":"Sous-station SNCF de Foix","operator":"SNCF Réseau","operator:wikidata":"Q21605526","power":"substation","ref:FR:RTE":"FOIX5","ref:FR:RTE_nom":"FOIX (R.F.F.)","ref:FR:SNCF_Reseau:GAIA":"14423002-6668-11e3-8cff-01f464e0362d","source":"data.gouv.fr:RTE - 12/2018","substation":"traction","voltage":"63000;1500","osm":"way/489166770"}},{"type":"Feature","geometry":{"type":"Point","coordinates":[1.61398,42.99611]},"properties":{"operator":"RTE","operator:wikidata":"Q2178795","power":"substation","ref:FR:RTE":"LABA5","ref:FR:RTE_nom":"LABARRE","source":"data.gouv.fr:RTE - 04/2017","voltage":"63000","osm":"way/489166771"}},{"type":"Feature","geometry":{"type":"Point","coordinates":[1.53096,44.35626]},"properties":{"operator":"RTE","operator:wikidata":"Q2178795","power":"substation","ref:FR:RTE":"LALBE","ref:FR:RTE_nom":"LALBENQUE","source":"data.gouv.fr:RTE - 04/2017","voltage":"63000","osm":"way/489643466"}},{"type":"Feature","geometry":{"type":"Point","coordinates":[1.49428,44.36251]},"properties":{"operator":"SNCF Réseau","power":"substation","ref:FR:RTE":"CIEUR","ref:FR:RTE_nom":"CIEURAC","source":"data.gouv.fr:RTE - 04/2017","substation":"traction","voltage":"63000","osm":"way/489644104"}},{"type":"Feature","geometry":{"type":"Point","coordinates":[1.4308,44.44933]},"properties":{"operator":"RTE","operator:wikidata":"Q2178795","power":"substation","ref:FR:RTE":"CAHOR","ref:FR:RTE_nom":"CAHORS","source":"data.gouv.fr:RTE - 04/2017","voltage":"63000","osm":"way/489645747"}},{"type":"Feature","geometry":{"type":"Point","coordinates":[1.31527,44.30148]},"properties":{"barrier":"fence","operator":"Enedis","power":"substation","ref:FR:RTE":"SSALA","ref:FR:RTE_nom":"STE-ALAUZIE","source":"data.gouv.fr:RTE - 04/2017","substation":"distribution","voltage":"63000","osm":"way/489897546"}},{"type":"Feature","geometry":{"type":"Point","coordinates":[1.12642,42.97874]},"properties":{"power":"substation","ref:FR:RTE":"LAMBEGE","ref:FR:RTE_nom":"LAMBEGE","source":"data.gouv.fr:RTE - 04/2017","voltage":"63000","osm":"way/490190419"}},{"type":"Feature","geometry":{"type":"Point","coordinates":[1.50452,44.27144]},"properties":{"operator":"RTE","power":"substation","ref:FR:RTE":"MTPE5","ref:FR:RTE_nom":"MONTPEZAT","source":"data.gouv.fr:RTE - 04/2017","voltage":"63000","osm":"way/490586255"}},{"type":"Feature","geometry":{"type":"Point","coordinates":[0.60275,44.20604]},"properties":{"operator":"RTE","power":"substation","ref:FR:RTE":"P.AGE","ref:FR:RTE_nom":"PASSAGE-D AGEN","voltage":"63000","osm":"way/498809399"}},{"type":"Feature","geometry":{"type":"Point","coordinates":[-1.30272,43.65763]},"properties":{"barrier":"fence","name":"Poste électrique de Saint-Vincent-de-Tyrosse","operator":"SNCF Réseau","power":"substation","ref:FR:RTE":"SSTYR","ref:FR:RTE_nom":"ST-VINCENT-DE-TYROSSE","source":"data.gouv.fr:RTE - 04/2017","substation":"traction","voltage":"63000","osm":"way/504851013"}},{"type":"Feature","geometry":{"type":"Point","coordinates":[-1.05687,43.72051]},"properties":{"name":"Poste électrique de Saint-Paul-les-Dax","operator":"SNCF Réseau","operator:wikidata":"Q21605526","power":"substation","ref:FR:RTE":"SSDAX","ref:FR:RTE_nom":"ST-PAUL-LES-DAX","source":"data.gouv.fr:RTE - 04/2017","substation":"traction","voltage":"63000","osm":"way/504893049"}},{"type":"Feature","geometry":{"type":"Point","coordinates":[-1.29503,43.77136]},"properties":{"barrier":"wall","name":"Poste électrique de Soustons","operator":"RTE","operator:wikidata":"Q2178795","power":"substation","ref:FR:RTE":"SOUST","ref:FR:RTE_nom":"SOUSTONS","source":"data.gouv.fr:RTE - 04/2017","substation":"distribution","voltage":"63000;20000","osm":"way/504893053"}},{"type":"Feature","geometry":{"type":"Point","coordinates":[-0.07146,43.65784]},"properties":{"landuse":"industrial","name":"Riscle","operator":"RTE","operator:wikidata":"Q2178795","power":"substation","ref:FR:RTE":"RISCL","ref:FR:RTE_nom":"RISCLE","source":"data.gouv.fr:RTE - 04/2017","voltage":"63000","osm":"way/506440613"}},{"type":"Feature","geometry":{"type":"Point","coordinates":[1.10166,44.26653]},"properties":{"operator":"RTE","power":"substation","ref:FR:RTE":"LAUZE","ref:FR:RTE_nom":"LAUZERTE","source":"data.gouv.fr:RTE - 04/2017","voltage":"63000","osm":"way/525041792"}},{"type":"Feature","geometry":{"type":"Point","coordinates":[1.44144,44.09027]},"properties":{"operator":"SNCF Réseau","operator:wikidata":"Q21605526","power":"substation","ref:FR:RTE":"ALBIA","ref:FR:RTE_nom":"ALBIAS","ref:FR:SNCF_Reseau:GAIA":"1441de5e-6668-11e3-8cff-01f464e0362d","substation":"traction","voltage":"63000","osm":"way/547498244"}},{"type":"Feature","geometry":{"type":"Point","coordinates":[0.88296,44.11395]},"properties":{"operator":"SNCF Réseau","power":"substation","ref:FR:RTE":"GARE5","ref:FR:RTE_nom":"GARENNE (LA)","source":"data.gouv.fr:RTE - 12/2017","substation":"traction","voltage":"63000","osm":"way/547514975"}},{"type":"Feature","geometry":{"type":"Point","coordinates":[0.88285,44.11654]},"properties":{"operator":"RTE","power":"substation","ref:FR:RTE":"V.AGE","ref:FR:RTE_nom":"VALENCE D AGEN","voltage":"63000","osm":"way/547514977"}},{"type":"Feature","geometry":{"type":"Point","coordinates":[1.10847,44.04769]},"properties":{"operator":"RTE","power":"substation","ref:FR:RTE":"CSLS5","ref:FR:RTE_nom":"CASTELSARRASIN","source":"data.gouv.fr:RTE - 04/2017","voltage":"63000","osm":"way/547761110"}},{"type":"Feature","geometry":{"type":"Point","coordinates":[1.19562,44.03615]},"properties":{"frequency":"0","name":"Sous-Station de Lavilledieu","operator":"SNCF Réseau","power":"substation","ref:FR:RTE":"LAVIL","ref:FR:RTE_nom":"LAVILLEDIEU","source":"data.gouv.fr:RTE - 12/2017","substation":"traction","voltage":"63000;1500","osm":"way/548224771"}},{"type":"Feature","geometry":{"type":"Point","coordinates":[1.95986,43.90565]},"properties":{"barrier":"fence","location":"outdoor","name":"Poste électrique de Brens","operator":"RTE","power":"substation","ref:FR:RTE":"BREN5","ref:FR:RTE_nom":"BRENS","substation":"transmission","voltage":"225000;63000","osm":"way/549628132"}},{"type":"Feature","geometry":{"type":"Point","coordinates":[0.65015,44.21996]},"properties":{"operator":"RTE","power":"substation","ref:FR:RTE":"P.CAS","ref:FR:RTE_nom":"PONT-DU-CASSE","source":"data.gouv.fr:RTE - 12/2017","voltage":"63000","osm":"way/549717802"}},{"type":"Feature","geometry":{"type":"Point","coordinates":[0.71201,42.88666]},"properties":{"operator":"RTE","operator:wikidata":"Q2178795","power":"substation","ref:FR:RTE":"ARLOS","ref:FR:RTE_nom":"ARLOS","source":"data.gouv.fr:RTE - 04/2017","substation":"generation","voltage":"63000","osm":"way/581605589"}},{"type":"Feature","geometry":{"type":"Point","coordinates":[0.73668,42.86874]},"properties":{"operator":"RTE","power":"substation","ref:FR:RTE":"FOS","ref:FR:RTE_nom":"FOS","source":"data.gouv.fr:RTE - 04/2017","voltage":"63000","osm":"way/581605591"}},{"type":"Feature","geometry":{"type":"Point","coordinates":[0.7504,42.86578]},"properties":{"operator":"RTE","operator:wikidata":"Q2178795","operator:wikipedia":"fr:RTE (entreprise)","power":"substation","ref:FR:RTE":"M.MAU","ref:FR:RTE_nom":"MELLES-SUR-MAUDAN","source":"data.gouv.fr:RTE - 04/2017","voltage":"63000","osm":"way/581605594"}},{"type":"Feature","geometry":{"type":"Point","coordinates":[0.60241,42.85359]},"properties":{"operator":"RTE","operator:wikidata":"Q2178795","operator:wikipedia":"fr:RTE (entreprise)","power":"substation","ref:FR:RTE":"C.LUC","ref:FR:RTE_nom":"CIER-DE-LUCHON","source":"data.gouv.fr:RTE - 04/2017","voltage":"63000","osm":"way/581605597"}},{"type":"Feature","geometry":{"type":"Point","coordinates":[1.44554,43.34754]},"properties":{"barrier":"fence","frequency":"50","name":"Poste électrique de La Mouillonne","operator":"RTE","operator:wikidata":"Q2178795","power":"substation","ref:FR:RTE":"MOUIL","ref:FR:RTE_nom":"MOUILLONNE (LA)","source":"data.gouv.fr:RTE - 04/2017","substation":"distribution","voltage":"63000;20000","osm":"way/585987462"}},{"type":"Feature","geometry":{"type":"Point","coordinates":[-0.22099,43.78048]},"properties":{"operator":"RTE","power":"substation","ref:FR:RTE":"LUSSA","ref:FR:RTE_nom":"LUSSAGNET","source":"data.gouv.fr:RTE - 04/2017","substation":"industrial","voltage":"63000","osm":"way/585997206"}},{"type":"Feature","geometry":{"type":"Point","coordinates":[0.26995,44.05379]},"properties":{"location":"outdoor","operator":"RTE","operator:wikidata":"Q2178795","operator:wikipedia":"fr:RTE (entreprise)","power":"substation","ref:FR:RTE":"MEZIN","ref:FR:RTE_nom":"MEZIN","source":"data.gouv.fr:RTE - 12/2017","voltage":"63000","osm":"way/590133018"}},{"type":"Feature","geometry":{"type":"Point","coordinates":[-4.51347,41.86889]},"properties":{"barrier":"fence","location":"outdoor","name":"Subestacion de Tracción Dueñas","operator":"Adif","operator:wikidata":"Q358752","power":"substation","substation":"traction","voltage":"400000;250000","osm":"way/591669458"}},{"type":"Feature","geometry":{"type":"Point","coordinates":[-5.37121,42.45032]},"properties":{"name":"Subestación rectificadora","operator":"Adif","operator:wikidata":"Q358752","operator:wikipedia":"es:Administrador de Infraestructuras Ferroviarias","power":"substation","substation":"traction","voltage":"400000","osm":"way/591673330"}},{"type":"Feature","geometry":{"type":"Point","coordinates":[1.398,43.61359]},"properties":{"barrier":"wall","name":"Poste électrique de Purpan","operator":"RTE","operator:wikidata":"Q2178795","power":"substation","ref:FR:RTE":"PURPA","ref:FR:RTE_nom":"PURPAN","source":"data.gouv.fr:RTE - 12/2017","substation":"industrial","voltage":"63000","osm":"way/599457742"}},{"type":"Feature","geometry":{"type":"Point","coordinates":[1.36816,43.6536]},"properties":{"barrier":"fence","frequency":"50","name":"Poste électrique de Grand Noble","operator":"RTE","operator:wikidata":"Q2178795","power":"substation","ref:FR:RTE":"G.NOB","ref:FR:RTE_nom":"GRAND NOBLE","source":"data.gouv.fr:RTE - 12/2017","substation":"distribution","voltage":"63000;20000","osm":"way/601384672"}},{"type":"Feature","geometry":{"type":"Point","coordinates":[1.38079,43.56666]},"properties":{"barrier":"fence","frequency":"50","name":"Poste électrique de La Mounède","operator":"RTE","operator:wikidata":"Q2178795","power":"substation","ref:FR:RTE":"MOUNE","ref:FR:RTE_nom":"MOUNEDE","source":"data.gouv.fr:RTE - 12/2017","substation":"distribution","voltage":"63000;20000","osm":"way/601384681"}},{"type":"Feature","geometry":{"type":"Point","coordinates":[1.47689,43.58076]},"properties":{"barrier":"fence","frequency":"50","name":"Poste électrique de Méditerranée","operator":"RTE","operator:wikidata":"Q2178795","power":"substation","ref:FR:RTE":"MEDIT","ref:FR:RTE_nom":"MEDITERRANEE","source":"data.gouv.fr:RTE - 12/2017","substation":"distribution","voltage":"63000;20000","osm":"way/601384687"}},{"type":"Feature","geometry":{"type":"Point","coordinates":[1.31007,43.59622]},"properties":{"barrier":"wall","frequency":"50","name":"Poste électrique d'En-Jacca","operator":"Enedis","operator:wikidata":"Q3587594","power":"substation","ref:FR:RTE":"E.JAC","ref:FR:RTE_nom":"EN-JACCA","source":"data.gouv.fr:RTE - 12/2017","substation":"distribution","voltage":"63000;20000","osm":"way/601385593"}},{"type":"Feature","geometry":{"type":"Point","coordinates":[1.33404,43.48709]},"properties":{"barrier":"fence","operator":"SNCF Réseau","operator:wikidata":"Q21605526","power":"substation","ref:FR:RTE":"MARC8","ref:FR:RTE_nom":"MARCLAN","ref:FR:SNCF_Reseau:GAIA":"1441624e-6668-11e3-8cff-01f464e0362d","source":"data.gouv.fr:RTE - 12/2017","substation":"traction","voltage":"63000","osm":"way/601385713"}},{"type":"Feature","geometry":{"type":"Point","coordinates":[1.38146,43.53119]},"properties":{"barrier":"fence","frequency":"50","name":"Poste électrique de Bois-Vert","operator":"RTE","operator:wikidata":"Q2178795","power":"substation","ref:FR:RTE":"B.VER","ref:FR:RTE_nom":"BOIS VERT","source":"data.gouv.fr:RTE - 12/2017","substation":"industrial","voltage":"63000","osm":"way/601385715"}},{"type":"Feature","geometry":{"type":"Point","coordinates":[1.67886,43.44722]},"properties":{"operator":"RTE","power":"substation","ref:FR:RTE":"LAUR5","ref:FR:RTE_nom":"LAURAGAIS","source":"data.gouv.fr:RTE - 12/2017","voltage":"63000","osm":"way/601389208"}},{"type":"Feature","geometry":{"type":"Point","coordinates":[1.08359,43.21284]},"properties":{"operator":"SNCF Réseau","operator:wikidata":"Q21605526","power":"substation","ref:FR:RTE":"CAZER","ref:FR:RTE_nom":"CAZERES","source":"data.gouv.fr:RTE - 12/2017","substation":"traction","voltage":"63000","osm":"way/601392439"}},{"type":"Feature","geometry":{"type":"Point","coordinates":[1.15217,43.23779]},"properties":{"operator":"RTE","operator:wikidata":"Q2178795","power":"substation","ref:FR:RTE":"SSJU5","ref:FR:RTE_nom":"ST-JULIEN-SUR-GARONNE","source":"data.gouv.fr:RTE - 12/2018","substation":"generation","voltage":"63000","osm":"way/601392441"}},{"type":"Feature","geometry":{"type":"Point","coordinates":[1.25154,43.35612]},"properties":{"barrier":"fence","operator":"SNCF Réseau","operator:wikidata":"Q21605526","power":"substation","ref:FR:RTE":"LONGA","ref:FR:RTE_nom":"LONGAGES","ref:FR:SNCF_Reseau:GAIA":"14428da6-6668-11e3-8cff-01f464e0362d","source":"data.gouv.fr:RTE - 12/2017","substation":"traction","voltage":"63000","osm":"way/601392443"}},{"type":"Feature","geometry":{"type":"Point","coordinates":[1.19928,43.38735]},"properties":{"barrier":"fence","operator":"RTE","power":"substation","ref:FR:RTE":"BERAT","ref:FR:RTE_nom":"BERAT","source":"data.gouv.fr:RTE - 12/2017","substation":"transmission","voltage":"63000","osm":"way/601392444"}},{"type":"Feature","geometry":{"type":"Point","coordinates":[0.84128,43.37916]},"properties":{"operator":"RTE","operator:wikidata":"Q2178795","power":"substation","ref:FR:RTE":"I.DOD","ref:FR:RTE_nom":"ISLE-EN-DODON (L)","source":"data.gouv.fr:RTE - 12/2017","substation":"transmission","voltage":"63000","osm":"way/601392845"}},{"type":"Feature","geometry":{"type":"Point","coordinates":[0.97079,43.53279]},"properties":{"operator":"RTE","power":"substation","ref:FR:RTE":"NOILH","ref:FR:RTE_nom":"NOILHAN","source":"data.gouv.fr:RTE - 12/2017","voltage":"63000","osm":"way/601392846"}},{"type":"Feature","geometry":{"type":"Point","coordinates":[1.99021,44.06966]},"properties":{"operator":"RTE","power":"substation","ref:FR:RTE":"CORD6","ref:FR:RTE_nom":"CORDES","source":"data.gouv.fr:RTE - 12/2017","voltage":"63000","osm":"way/601394786"}},{"type":"Feature","geometry":{"type":"Point","coordinates":[1.96262,43.90652]},"properties":{"operator":"RTE","operator:wikidata":"Q2178795","operator:wikipedia":"fr:RTE (entreprise)","power":"substation","ref:FR:RTE":"RIVI6","ref:FR:RTE_nom":"RIVIERES","source":"data.gouv.fr:RTE - 12/2017","voltage":"63000","osm":"way/601394788"}},{"type":"Feature","geometry":{"type":"Point","coordinates":[1.88595,43.90314]},"properties":{"operator":"RTE","power":"substation","ref:FR:RTE":"GAILL","ref:FR:RTE_nom":"GAILLAC","source":"data.gouv.fr:RTE - 12/2017","voltage":"63000","osm":"way/601394790"}},{"type":"Feature","geometry":{"type":"Point","coordinates":[1.501,43.8697]},"properties":{"operator":"RTE","power":"substation","ref:FR:RTE":"VLEMU","ref:FR:RTE_nom":"VILLEMUR","source":"data.gouv.fr:RTE - 12/2017","voltage":"63000","osm":"way/601394791"}},{"type":"Feature","geometry":{"type":"Point","coordinates":[1.64586,43.76357]},"properties":{"operator":"RTE","operator:wikidata":"Q2178795","operator:wikipedia":"fr:RTE (entreprise)","power":"substation","ref:FR:RTE":"SSSUL","ref:FR:RTE_nom":"ST-SULPICE","source":"data.gouv.fr:RTE - 12/2017","voltage":"63000","osm":"way/601394792"}},{"type":"Feature","geometry":{"type":"Point","coordinates":[0.99435,43.89233]},"properties":{"operator":"RTE","power":"substation","ref:FR:RTE":"B.LOM","ref:FR:RTE_nom":"BEAUMONT-DE-LOMAGNE","source":"data.gouv.fr:RTE - 12/2017","voltage":"63000","osm":"way/601395684"}},{"type":"Feature","geometry":{"type":"Point","coordinates":[1.28125,43.85905]},"properties":{"barrier":"fence","frequency":"50","name":"Sous-station SNCF de Dieupentale","operator":"SNCF Réseau","operator:wikidata":"Q21605526","power":"substation","ref:FR:RTE":"DIEUP","ref:FR:RTE_nom":"DIEUPENTALE","source":"data.gouv.fr:RTE - 12/2017","voltage":"63000;1500","osm":"way/601395685"}},{"type":"Feature","geometry":{"type":"Point","coordinates":[0.37327,43.9461]},"properties":{"barrier":"fence","operator":"Enedis","operator:wikidata":"Q3587594","power":"substation","ref:FR:RTE":"CONDO","ref:FR:RTE_nom":"CONDOM","source":"data.gouv.fr:RTE - 12/2017","substation":"distribution","voltage":"63000","osm":"way/601395928"}},{"type":"Feature","geometry":{"type":"Point","coordinates":[-1.49509,43.53437]},"properties":{"operator":"RTE","operator:wikidata":"Q2178795","power":"substation","ref:FR:RTE":"BOUCA","ref:FR:RTE_nom":"BOUCAU (LE)","source":"data.gouv.fr:RTE - 12/2017","voltage":"63000","osm":"way/601808881"}},{"type":"Feature","geometry":{"type":"Point","coordinates":[-1.50213,43.53023]},"properties":{"barrier":"fence","operator":"RTE","operator:wikidata":"Q2178795","power":"substation","ref:FR:RTE":"TARN5","ref:FR:RTE_nom":"TARNOS","source":"data.gouv.fr:RTE - 12/2017","substation":"industrial","voltage":"225000","osm":"way/601808882"}},{"type":"Feature","geometry":{"type":"Point","coordinates":[-1.49628,43.50443]},"properties":{"barrier":"wall","operator":"Enedis","operator:wikidata":"Q3587594","power":"substation","ref:FR:RTE":"MTBRU","ref:FR:RTE_nom":"MONTBRUN","source":"data.gouv.fr:RTE - 12/2017","substation":"distribution","voltage":"63000","osm":"way/601808883"}},{"type":"Feature","geometry":{"type":"Point","coordinates":[-1.54768,43.48823]},"properties":{"operator":"RTE","operator:wikidata":"Q2178795","power":"substation","ref:FR:RTE":"BIARR","ref:FR:RTE_nom":"BIARRITZ","source":"data.gouv.fr:RTE - 12/2017","voltage":"63000","osm":"way/601808885"}},{"type":"Feature","geometry":{"type":"Point","coordinates":[-0.88654,43.04772]},"properties":{"operator":"RTE","operator:wikidata":"Q2178795","operator:wikipedia":"fr:RTE (entreprise)","power":"substation","ref:FR:RTE":"L.ATH","ref:FR:RTE_nom":"LICQ-ATHEREY","source":"data.gouv.fr:RTE - 12/2017","voltage":"63000","osm":"way/601810106"}},{"type":"Feature","geometry":{"type":"Point","coordinates":[-0.63451,43.41039]},"properties":{"operator":"RTE","operator:wikidata":"Q2178795","power":"substation","ref:FR:RTE":"LACQ5","ref:FR:RTE_nom":"LACQ","source":"data.gouv.fr:RTE - 12/2017","voltage":"63000","osm":"way/601810107"}},{"type":"Feature","geometry":{"type":"Point","coordinates":[-0.63643,43.39383]},"properties":{"operator":"RTE","operator:wikidata":"Q2178795","power":"substation","ref:FR:RTE":"ABIDO","ref:FR:RTE_nom":"ABIDOS","source":"data.gouv.fr:RTE - 12/2017","voltage":"63000","osm":"way/601810109"}},{"type":"Feature","geometry":{"type":"Point","coordinates":[-1.01983,43.34492]},"properties":{"operator":"RTE","operator:wikidata":"Q2178795","operator:wikipedia":"fr:RTE (entreprise)","power":"substation","ref:FR:RTE":"AICIR","ref:FR:RTE_nom":"AICIRITS","source":"data.gouv.fr:RTE - 12/2017","voltage":"63000","osm":"way/601810110"}},{"type":"Feature","geometry":{"type":"Point","coordinates":[-1.22109,43.51806]},"properties":{"operator":"SNCF Réseau","power":"substation","ref:FR:RTE":"BXPLA","ref:FR:RTE_nom":"BEAUPLAISIR","source":"data.gouv.fr:RTE - 12/2017","substation":"traction","voltage":"63000","osm":"way/601810112"}},{"type":"Feature","geometry":{"type":"Point","coordinates":[-0.90771,43.91451]},"properties":{"barrier":"fence","operator":"RTE","power":"substation","ref:FR:RTE":"LONCA","ref:FR:RTE_nom":"LONCAT","source":"data.gouv.fr:RTE - 12/2017","voltage":"63000","osm":"way/601811163"}},{"type":"Feature","geometry":{"type":"Point","coordinates":[-0.8845,44.01114]},"properties":{"operator":"Enedis","operator:wikidata":"Q3587594","power":"substation","ref:FR:RTE":"BELIC","ref:FR:RTE_nom":"BELICHE (LA)","source":"data.gouv.fr:RTE - 12/2017","substation":"distribution","voltage":"63000","osm":"way/601811164"}},{"type":"Feature","geometry":{"type":"Point","coordinates":[-0.34511,44.04121]},"properties":{"operator":"RTE","power":"substation","ref:FR:RTE":"IRANG","ref:FR:RTE_nom":"IRANGER (L)","source":"data.gouv.fr:RTE - 12/2017","voltage":"63000","osm":"way/601811165"}},{"type":"Feature","geometry":{"type":"Point","coordinates":[-0.82584,43.83241]},"properties":{"operator":"RTE","power":"substation","ref:FR:RTE":"TARTA","ref:FR:RTE_nom":"TARTAS","source":"data.gouv.fr:RTE - 12/2017","voltage":"63000","osm":"way/601811166"}},{"type":"Feature","geometry":{"type":"Point","coordinates":[-0.3935,43.77727]},"properties":{"barrier":"fence","operator":"RTE","power":"substation","ref:FR:RTE":"B.LAM","ref:FR:RTE_nom":"BORDERES-ET-LAMENSANS","source":"data.gouv.fr:RTE - 12/2017","voltage":"63000","osm":"way/601811168"}},{"type":"Feature","geometry":{"type":"Point","coordinates":[0.06232,43.23996]},"properties":{"operator":"RTE","operator:wikidata":"Q2178795","operator:wikipedia":"fr:RTE (entreprise)","power":"substation","ref:FR:RTE":"TARB5","ref:FR:RTE_nom":"TARBES","source":"data.gouv.fr:RTE - 12/2017","substation":"traction","voltage":"63000","osm":"way/601812309"}},{"type":"Feature","geometry":{"type":"Point","coordinates":[0.09603,43.22336]},"properties":{"operator":"SNCF Réseau","power":"substation","ref:FR:RTE":"TARBE","ref:FR:RTE_nom":"tarbe","source":"data.gouv.fr:RTE - 12/2017","substation":"traction","voltage":"63000","osm":"way/601812310"}},{"type":"Feature","geometry":{"type":"Point","coordinates":[-0.36063,43.29231]},"properties":{"barrier":"fence","operator":"Enedis","operator:wikidata":"Q3587594","power":"substation","ref:FR:RTE":"BIZAN","ref:FR:RTE_nom":"BIZANOS","source":"data.gouv.fr:RTE - 12/2017","substation":"distribution","voltage":"63000","osm":"way/601812311"}},{"type":"Feature","geometry":{"type":"Point","coordinates":[-0.35982,43.289]},"properties":{"name":"Sous-station Pau","operator":"SNCF Réseau","operator:wikidata":"Q21605526","power":"substation","ref":"29 205","ref:FR:RTE":"PAU","ref:FR:RTE_nom":"PAU","source":"data.gouv.fr:RTE - 12/2017","substation":"traction","voltage":"63000","osm":"way/601812312"}},{"type":"Feature","geometry":{"type":"Point","coordinates":[-0.32016,43.31882]},"properties":{"operator":"RTE","operator:wikidata":"Q2178795","power":"substation","ref:FR:RTE":"PAU.E","ref:FR:RTE_nom":"PAU-EST","source":"data.gouv.fr:RTE - 12/2017","voltage":"63000","osm":"way/601812313"}},{"type":"Feature","geometry":{"type":"Point","coordinates":[-1.2354,44.42968]},"properties":{"barrier":"fence","operator":"RTE","power":"substation","ref:FR:RTE":"BISCA","ref:FR:RTE_nom":"BISCARROSSE","source":"data.gouv.fr:RTE - 12/2017","substation":"industrial","voltage":"63000","osm":"way/601813213"}},{"type":"Feature","geometry":{"type":"Point","coordinates":[-1.24976,44.20682]},"properties":{"operator":"RTE","power":"substation","ref:FR:RTE":"MIMI5","ref:FR:RTE_nom":"MIMIZAN","source":"data.gouv.fr:RTE - 12/2017","voltage":"63000","osm":"way/601813217"}},{"type":"Feature","geometry":{"type":"Point","coordinates":[0.41054,42.78549]},"properties":{"barrier":"fence","operator":"EDF","operator:wikidata":"Q274591","power":"substation","ref:FR:RTE":"LOUD5","ref:FR:RTE_nom":"LOUDENVIELLE","source":"data.gouv.fr:RTE - 12/2017","substation":"generation","voltage":"63000","osm":"way/601834329"}},{"type":"Feature","geometry":{"type":"Point","coordinates":[0.37995,42.95525]},"properties":{"barrier":"fence","operator":"Électricité de France","operator:wikidata":"Q274591","power":"substation","ref:FR:RTE":"BEYR5","ref:FR:RTE_nom":"BEYREDE","source":"data.gouv.fr:RTE - 12/2017","substation":"generation","voltage":"63000","osm":"way/601834330"}},{"type":"Feature","geometry":{"type":"Point","coordinates":[0.30957,43.13623]},"properties":{"operator":"RTE","power":"substation","ref:FR:RTE":"BOUHE","ref:FR:RTE_nom":"BOUHET (LE)","source":"data.gouv.fr:RTE - 12/2017","voltage":"63000","osm":"way/601834331"}},{"type":"Feature","geometry":{"type":"Point","coordinates":[0.57161,43.07858]},"properties":{"barrier":"fence","operator":"SNCF Réseau","operator:wikidata":"Q21605526","power":"substation","ref:FR:RTE":"MTREJ","ref:FR:RTE_nom":"MONTREJEAU","source":"data.gouv.fr:RTE - 12/2017","substation":"traction","voltage":"63000","osm":"way/601834332"}},{"type":"Feature","geometry":{"type":"Point","coordinates":[0.65115,42.91778]},"properties":{"barrier":"fence","operator":"RTE","operator:wikidata":"Q2178795","operator:wikipedia":"fr:RTE (entreprise)","power":"substation","ref:FR:RTE":"GRABE","ref:FR:RTE_nom":"GRABES","source":"data.gouv.fr:RTE - 12/2017","substation":"transmission","voltage":"150000","osm":"way/601834333"}},{"type":"Feature","geometry":{"type":"Point","coordinates":[0.85212,43.10519]},"properties":{"operator":"SNCF Réseau","operator:wikidata":"Q2178795","power":"substation","ref:FR:RTE":"L.INA","ref:FR:RTE_nom":"LABARTHE-INARD","source":"data.gouv.fr:RTE - 12/2017","substation":"traction","voltage":"63000","osm":"way/601834334"}},{"type":"Feature","geometry":{"type":"Point","coordinates":[0.6633,44.17325]},"properties":{"operator":"RTE","operator:wikidata":"Q2178795","power":"substation","ref:FR:RTE":"BOE","ref:FR:RTE_nom":"BOE","source":"data.gouv.fr:RTE - 12/2017","voltage":"63000","osm":"way/601835782"}},{"type":"Feature","geometry":{"type":"Point","coordinates":[0.69889,44.1647]},"properties":{"operator":"SNCF Réseau","power":"substation","ref:FR:RTE":"LAFOX","ref:FR:RTE_nom":"LAFOX","source":"data.gouv.fr:RTE - 12/2017","substation":"traction","voltage":"63000","osm":"way/601835787"}},{"type":"Feature","geometry":{"type":"Point","coordinates":[0.49738,44.39211]},"properties":{"operator":"RTE","operator:wikidata":"Q2178795","power":"substation","ref:FR:RTE":"TEMPL","ref:FR:RTE_nom":"TEMPLE (LE)","source":"data.gouv.fr:RTE - 12/2017","voltage":"63000","osm":"way/601835790"}},{"type":"Feature","geometry":{"type":"Point","coordinates":[0.195,44.48618]},"properties":{"name":"PATRAS","operator":"RTE","operator:wikidata":"Q2178795","power":"substation","ref":"PATRA","ref:FR:RTE":"PATRA","ref:FR:RTE_nom":"PATRAS","source":"data.gouv.fr:RTE - 12/2017","substation":"distribution","voltage":"63000;20000","osm":"way/601835794"}},{"type":"Feature","geometry":{"type":"Point","coordinates":[0.12952,44.32889]},"properties":{"operator":"RTE","operator:wikidata":"Q2178795","power":"substation","ref":"BETJA","ref:FR:RTE":"BETJA","ref:FR:RTE_nom":"BETJANOT","source":"data.gouv.fr:RTE - 12/2017","substation":"industrial","voltage":"63000","osm":"way/601835802"}},{"type":"Feature","geometry":{"type":"Point","coordinates":[-0.35038,44.33202]},"properties":{"barrier":"wall","name":"Poste électrique de Cazalis","operator":"RTE","operator:wikidata":"Q2178795","power":"substation","ref:FR:RTE":"CAZAL","ref:FR:RTE_nom":"CAZALIS","source":"data.gouv.fr:RTE - 12/2017","voltage":"63000","osm":"way/601835806"}},{"type":"Feature","geometry":{"type":"Point","coordinates":[1.43261,44.45432]},"properties":{"operator":"SNCF Réseau","power":"substation","ref:FR:RTE":"CAHO5","ref:FR:RTE_nom":"CAHORS","source":"data.gouv.fr:RTE - 12/2017","substation":"traction","voltage":"63000","osm":"way/601838485"}},{"type":"Feature","geometry":{"type":"Point","coordinates":[1.59653,42.85114]},"properties":{"barrier":"fence","location":"outdoor","operator":"Enedis","operator:wikidata":"Q3587594","power":"substation","substation":"distribution","voltage":"63000;20000","osm":"way/603509212"}},{"type":"Feature","geometry":{"type":"Point","coordinates":[0.01062,42.82122]},"properties":{"barrier":"fence","location":"outdoor","operator":"Électricité de France","operator:short":"EDF","operator:wikidata":"Q274591","power":"substation","substation":"generation","voltage":"225000","osm":"way/604408300"}},{"type":"Feature","geometry":{"type":"Point","coordinates":[0.39276,43.11393]},"properties":{"barrier":"fence","location":"outdoor","operator":"SNCF Réseau","operator:wikidata":"Q21605526","power":"substation","ref:FR:RTE":"LANN7","ref:FR:RTE_nom":"LANNEMEZAN (S.N.C.F.)","substation":"traction","voltage":"63000;1500","osm":"way/604408319"}},{"type":"Feature","geometry":{"type":"Point","coordinates":[0.58849,43.62143]},"properties":{"location":"outdoor","operator":"Enedis","operator:wikidata":"Q3587594","power":"substation","substation":"distribution","voltage":"63000;20000","osm":"way/604408490"}},{"type":"Feature","geometry":{"type":"Point","coordinates":[0.58746,43.6222]},"properties":{"name":"Poste de Jalis","operator":"RTE","operator:wikidata":"Q2178795","power":"substation","ref:FR:RTE":"JALIS","ref:FR:RTE_nom":"JALIS","substation":"transmission","voltage":"225000;63000;20000","osm":"way/604408491"}},{"type":"Feature","geometry":{"type":"Point","coordinates":[-1.42956,43.42256]},"properties":{"barrier":"fence","location":"outdoor","name":"Poste électrique de Argia","operator":"Enedis","operator:wikidata":"Q3587594","power":"substation","ref:FR:RTE":"ARGIA","ref:FR:RTE_nom":"ARGIA","source":"Bing","start_date":"2002-07-05","substation":"distribution","voltage":"63000;20000","osm":"way/611262613"}},{"type":"Feature","geometry":{"type":"Point","coordinates":[-0.83972,41.033]},"properties":{"name":"SET Muniesa","operator":"Red Eléctrica de España","operator:short":"REE","operator:wikidata":"Q1551220","operator:wikipedia":"es:Red Eléctrica de España","power":"substation","voltage":"400000","osm":"way/627293640"}},{"type":"Feature","geometry":{"type":"Point","coordinates":[-0.38216,41.02291]},"properties":{"name":"Subestacion De Mudéjar","operator":"Red Eléctrica de España","operator:short":"REE","operator:wikidata":"Q1551220","operator:wikipedia":"es:Red Eléctrica de España","power":"substation","substation":"transmission","voltage":"400000","osm":"way/683693772"}},{"type":"Feature","geometry":{"type":"Point","coordinates":[1.47804,42.76121]},"properties":{"barrier":"fence","location":"outdoor","operator":"Électricité de France","operator:short":"EDF","operator:wikidata":"Q274591","power":"substation","substation":"generation","voltage":"63000","osm":"way/692649218"}},{"type":"Feature","geometry":{"type":"Point","coordinates":[-0.61043,42.96314]},"properties":{"barrier":"fence","location":"outdoor","name":"Poste électrique d'Esquit","operator":"Électricité de France","operator:wikidata":"Q274591","power":"substation","ref:FR:RTE":"ESQUI","ref:FR:RTE_nom":"ESQUIT","substation":"generation","voltage":"63000","osm":"way/713808275"}},{"type":"Feature","geometry":{"type":"Point","coordinates":[-0.56171,42.88239]},"properties":{"barrier":"fence","operator":"RTE","operator:wikidata":"Q2178795","power":"substation","ref:FR:RTE":"BARAL","ref:FR:RTE_nom":"BARALET","source":"RTE 2022","substation":"transmission","voltage":"63000","osm":"way/713808333"}},{"type":"Feature","geometry":{"type":"Point","coordinates":[-0.61106,42.94332]},"properties":{"barrier":"fence","location":"outdoor","operator":"Électricité de France","operator:wikidata":"Q274591","power":"substation","ref:FR:RTE":"E.LES","ref:FR:RTE_nom":"EYGUN-LESCUN","substation":"generation","voltage":"63000","osm":"way/713808358"}},{"type":"Feature","geometry":{"type":"Point","coordinates":[-0.61099,42.94413]},"properties":{"barrier":"fence","landuse":"industrial","location":"outdoor","name":"Poste source d'Eygun-Lescun","operator":"Enedis","operator:wikidata":"Q3587594","power":"substation","source":"Bing","substation":"distribution","voltage":"63000","osm":"way/713808363"}},{"type":"Feature","geometry":{"type":"Point","coordinates":[-0.56255,42.81716]},"properties":{"barrier":"fence","location":"outdoor","operator":"Électricité de France","operator:short":"EDF","operator:wikidata":"Q274591","power":"substation","ref:FR:RTE":"F.ABE","ref:FR:RTE_nom":"FORGES-D ABEL","substation":"generation","voltage":"63000","osm":"way/714092989"}},{"type":"Feature","geometry":{"type":"Point","coordinates":[0.01197,42.82029]},"properties":{"barrier":"fence","frequency":"50","name":"Poste source de Pragnères","operator":"Enedis","operator:wikidata":"Q3587594","power":"substation","substation":"distribution","voltage":"63000;20000","osm":"way/720026756"}},{"type":"Feature","geometry":{"type":"Point","coordinates":[-0.0998,42.99789]},"properties":{"location":"outdoor","operator":"Électricité de France","operator:wikidata":"Q274591","power":"substation","substation":"generation","voltage":"150000","osm":"way/721025249"}},{"type":"Feature","geometry":{"type":"Point","coordinates":[-0.06946,42.95315]},"properties":{"barrier":"fence","landuse":"industrial","operator":"SHEM","operator:wikidata":"Q3488393","power":"substation","substation":"generation","voltage":"150000","osm":"way/721309579"}},{"type":"Feature","geometry":{"type":"Point","coordinates":[-0.06896,42.9529]},"properties":{"barrier":"fence","landuse":"industrial","name":"Poste électrique de Soulom","operator":"RTE","operator:wikidata":"Q2178795","power":"substation","ref:FR:RTE":"SOULO","ref:FR:RTE_nom":"SOULOM","substation":"transmission","voltage":"63000","osm":"way/721309580"}},{"type":"Feature","geometry":{"type":"Point","coordinates":[-0.06887,42.95324]},"properties":{"barrier":"fence","landuse":"industrial","name":"Poste source","operator":"Enedis","operator:wikidata":"Q3587594","power":"substation","substation":"distribution","voltage":"63000","osm":"way/721309581"}},{"type":"Feature","geometry":{"type":"Point","coordinates":[-0.44705,42.93281]},"properties":{"barrier":"fence","location":"outdoor","operator":"RTE","operator:wikidata":"Q2178795","power":"substation","ref:FR:RTE":"MIEGE","ref:FR:RTE_nom":"MIEGEBAT","substation":"transmission","voltage":"150000","osm":"way/725699658"}},{"type":"Feature","geometry":{"type":"Point","coordinates":[-0.44678,42.93263]},"properties":{"building":"industrial","location":"indoor","operator":"SHEM","power":"substation","source":"cadastre-dgi-fr source : Direction Générale des Finances Publiques - Cadastre. Mise à jour : 2014","substation":"generation","voltage":"150000","osm":"way/725699659"}},{"type":"Feature","geometry":{"type":"Point","coordinates":[0.21743,42.94132]},"properties":{"barrier":"fence","location":"outdoor","operator":"Électricité de France","operator:wikidata":"Q274591","power":"substation","ref:FR:RTE":"GRIPP","ref:FR:RTE_nom":"GRIPP","substation":"generation","voltage":"63000","osm":"way/728215160"}},{"type":"Feature","geometry":{"type":"Point","coordinates":[-0.392,42.97428]},"properties":{"barrier":"fence","location":"outdoor","name":"Poste électrique des eaux bonnes","operator":"SHEM","operator:wikidata":"Q3488393","power":"substation","ref:FR:RTE":"E.BON","ref:FR:RTE_nom":"EAUX-BONNES","substation":"generation","voltage":"63000","osm":"way/741766112"}},{"type":"Feature","geometry":{"type":"Point","coordinates":[-0.41625,42.98129]},"properties":{"barrier":"fence","location":"outdoor","name":"Poste électrique d'Espalungue","power":"substation","ref:FR:RTE":"ESPAL","ref:FR:RTE_nom":"ESPALUNGUE","substation":"generation","voltage":"63000","osm":"way/741766116"}},{"type":"Feature","geometry":{"type":"Point","coordinates":[0.33019,42.86445]},"properties":{"barrier":"fence","operator":"Électricité de France","operator:wikidata":"Q274591","power":"substation","ref:FR:RTE":"GUCHE","ref:FR:RTE_nom":"GUCHEN","substation":"generation","voltage":"63000","osm":"way/753719402"}},{"type":"Feature","geometry":{"type":"Point","coordinates":[1.41282,43.65877]},"properties":{"barrier":"fence","frequency":"50","location":"outdoor","name":"Poste source de Ginestous","operator":"Enedis","operator:wikidata":"Q3587594","power":"substation","ref:FR:RTE":"GINES","ref:FR:RTE_nom":"GINESTOUS","source":"Bing","substation":"distribution","voltage":"225000;20000","osm":"way/758192229"}},{"type":"Feature","geometry":{"type":"Point","coordinates":[1.27315,43.59813]},"properties":{"barrier":"fence","frequency":"50","location":"outdoor","name":"Poste source de Léguevin","operator":"Enedis","operator:wikidata":"Q3587594","power":"substation","ref:FR:RTE":"LEGUE","ref:FR:RTE_nom":"LEGUEVIN","substation":"distribution","voltage":"63000","osm":"way/758228826"}},{"type":"Feature","geometry":{"type":"Point","coordinates":[0.38036,42.95607]},"properties":{"barrier":"fence","operator":"RTE","operator:wikidata":"Q2178795","power":"substation","ref:FR:RTE":"BEYRE","ref:FR:RTE_nom":"BEYREDE (POSTE MIXTE RTE - CLIENT)","source":"RTE - 6 juin 2020","substation":"transmission","voltage":"63000","osm":"way/818615608"}},{"type":"Feature","geometry":{"type":"Point","coordinates":[0.93763,42.84159]},"properties":{"operator":"RTE","operator:wikidata":"Q2178795","power":"substation","ref:FR:RTE":"EYLIE","ref:FR:RTE_nom":"EYLIE","source":"RTE - 6 juin 2020","voltage":"63000","osm":"way/818615612"}},{"type":"Feature","geometry":{"type":"Point","coordinates":[-0.06529,42.96488]},"properties":{"operator":"RTE","operator:wikidata":"Q2178795","power":"substation","ref:FR:RTE":"PRRFI","ref:FR:RTE_nom":"PIERREFITTE (CLIENT)","source":"RTE - 6 juin 2020","substation":"industrial","voltage":"63000","osm":"way/818615625"}},{"type":"Feature","geometry":{"type":"Point","coordinates":[-0.65985,43.42633]},"properties":{"operator":"RTE","operator:wikidata":"Q2178795","operator:wikipedia":"fr:RTE (entreprise)","power":"substation","ref:FR:RTE":"MONT5","ref:FR:RTE_nom":"MONT (ARKEMA)","source":"RTE - 6 juin 2020","voltage":"63000","osm":"way/818615630"}},{"type":"Feature","geometry":{"type":"Point","coordinates":[-0.44383,43.09982]},"properties":{"name":"Arudy","operator":"RTE","operator:wikidata":"Q2178795","power":"substation","ref:FR:RTE":"ARUDY","ref:FR:RTE_nom":"ARUDY","source":"RTE - 6 juin 2020","substation":"transmission","voltage":"63000","osm":"way/818615653"}},{"type":"Feature","geometry":{"type":"Point","coordinates":[-0.39224,42.8645]},"properties":{"operator":"RTE","operator:wikidata":"Q2178795","power":"substation","ref:FR:RTE":"P.CAM","ref:FR:RTE_nom":"PONT-DE-CAMPS","source":"RTE - 6 juin 2020","voltage":"150000","osm":"way/818615660"}},{"type":"Feature","geometry":{"type":"Point","coordinates":[1.36141,43.61053]},"properties":{"building":"yes","frequency":"50","name":"Poste électrique de Saint-Martin-du-Touch","operator":"RTE","operator:wikidata":"Q2178795","power":"substation","ref:FR:RTE":"SSTOU","ref:FR:RTE_nom":"ST-MARTIN-DU-TOUCH","source":"RTE - 6 juin 2020","substation":"industrial","voltage":"63000","osm":"way/823662697"}},{"type":"Feature","geometry":{"type":"Point","coordinates":[-0.24218,43.18248]},"properties":{"barrier":"fence","operator":"RTE","operator:wikidata":"Q2178795","power":"substation","ref:FR:RTE":"NAY","ref:FR:RTE_nom":"NAY","source":"RTE - 6 juin 2020","substation":"traction","voltage":"63000","osm":"way/823872748"}},{"type":"Feature","geometry":{"type":"Point","coordinates":[-0.06465,42.96308]},"properties":{"operator":"RTE","operator:wikidata":"Q2178795","power":"substation","ref:FR:RTE":"PRRF5","ref:FR:RTE_nom":"PIERREFITTE (PEM)","source":"RTE - 6 juin 2020","voltage":"63000","osm":"way/823872750"}},{"type":"Feature","geometry":{"type":"Point","coordinates":[1.50251,43.63582]},"properties":{"frequency":"50","name":"Poste électrique de Gramont","operator":"RTE","operator:wikidata":"Q2178795","power":"substation","ref:FR:RTE":"GRAMO","ref:FR:RTE_nom":"GRAMONT","source":"RTE - 6 juin 2020","substation":"distribution","voltage":"225000;20000","osm":"way/823872752"}},{"type":"Feature","geometry":{"type":"Point","coordinates":[-0.22331,43.78017]},"properties":{"operator":"RTE","power":"substation","ref:FR:RTE":"LUSSA","ref:FR:RTE_nom":"LUSSAGNET","source":"RTE - 6 juin 2020","voltage":"63000","osm":"way/823872757"}},{"type":"Feature","geometry":{"type":"Point","coordinates":[-0.2244,43.78015]},"properties":{"operator":"RTE","power":"substation","ref:FR:RTE":"LUSSA","ref:FR:RTE_nom":"LUSSAGNET","source":"RTE - 6 juin 2020","voltage":"63000","osm":"way/823872760"}},{"type":"Feature","geometry":{"type":"Point","coordinates":[-2.24974,42.41845]},"properties":{"gas_insulated":"yes","location":"indoor","name":"Arubal","power":"substation","substation":"generation","voltage":"400000","osm":"way/831327268"}},{"type":"Feature","geometry":{"type":"Point","coordinates":[1.21737,43.28852]},"properties":{"operator":"RTE","operator:wikidata":"Q2178795","power":"substation","ref:FR:RTE":"CARB5","ref:FR:RTE_nom":"CARBONNE (CLIENT)","source":"data.gouv.fr:RTE - 2021-01","voltage":"63000","osm":"way/914400409"}},{"type":"Feature","geometry":{"type":"Point","coordinates":[1.12404,41.40426]},"properties":{"barrier":"fence","frequency":"50","landuse":"industrial","location":"outdoor","name":"Subestació elèctrica de l'Espluga de Francolí","operator":"Adif","operator:wikidata":"Q358752","power":"substation","substation":"traction","voltage":"400000;25000","osm":"way/931032666"}},{"type":"Feature","geometry":{"type":"Point","coordinates":[-0.10036,41.52649]},"properties":{"barrier":"fence","frequency":"50","location":"outdoor","name":"Peñalba","operator":"Adif","power":"substation","substation":"traction","voltage":"400000","osm":"way/931181199"}},{"type":"Feature","geometry":{"type":"Point","coordinates":[-1.29751,41.65032]},"properties":{"barrier":"fence","frequency":"50","location":"outdoor","name":"Rueda de Jalón","operator":"Adif","operator:wikidata":"Q358752","power":"substation","substation":"traction","voltage":"400000;50000","osm":"way/931574994"}},{"type":"Feature","geometry":{"type":"Point","coordinates":[-1.70594,41.32164]},"properties":{"barrier":"fence","frequency":"50","location":"outdoor","name":"Terrer Vega (Adif)","operator":"Red Eléctrica de España","operator:short":"REE","operator:wikidata":"Q1551220","operator:wikipedia":"es:Red Eléctrica de España","power":"substation","substation":"traction","voltage":"400000","osm":"way/931602168"}},{"type":"Feature","geometry":{"type":"Point","coordinates":[-2.37375,41.10552]},"properties":{"barrier":"fence","location":"outdoor","name":"Medinaceli (Adif)","power":"substation","substation":"traction","voltage":"400000;50000","osm":"way/931733590"}},{"type":"Feature","geometry":{"type":"Point","coordinates":[-3.81968,42.32224]},"properties":{"barrier":"fence","location":"outdoor","name":"SET Adif Buniel","operator":"Adif","power":"substation","substation":"traction","voltage":"400000;25000","osm":"way/941947459"}},{"type":"Feature","geometry":{"type":"Point","coordinates":[1.61718,43.24061]},"properties":{"barrier":"fence","name":"Poste électrique de Saverdun","note":"Ce poste alimente les réseaux de distribution d'électricité de la régie communale de Saverdun - Mazères","operator":"RTE","operator:wikidata":"Q2178795","power":"substation","ref:FR:RTE":"SAVE5","ref:FR:RTE_nom":"SAVERDUN","source":"RTE 2021","substation":"distribution","voltage":"63000;20000","osm":"way/986759885"}},{"type":"Feature","geometry":{"type":"Point","coordinates":[-0.034,43.10123]},"properties":{"barrier":"fence","operator":"SNCF Réseau","operator:wikidata":"Q21605526","power":"substation","ref:FR:RTE":"LOURD","ref:FR:RTE_nom":"LOURDES","substation":"traction","voltage":"63000","osm":"way/986795120"}},{"type":"Feature","geometry":{"type":"Point","coordinates":[-0.28696,43.23633]},"properties":{"power":"substation","ref:FR:RTE":"BORD6","ref:FR:RTE_nom":"BORDES (TURBOMECA)","source":"RTE 2021","voltage":"63000","osm":"way/986801938"}},{"type":"Feature","geometry":{"type":"Point","coordinates":[-0.84092,41.0328]},"properties":{"name":"SET Promotores Muniesa","power":"substation","voltage":"220000;400000","osm":"way/1028926498"}},{"type":"Feature","geometry":{"type":"Point","coordinates":[-0.48871,43.12176]},"properties":{"operator":"EDF","operator:wikidata":"Q274591","power":"substation","ref:FR:RTE":"SSCRI","ref:FR:RTE_nom":"ST-CRICQ","source":"RTE 2022","substation":"generation","voltage":"63000","osm":"way/1081289590"}},{"type":"Feature","geometry":{"type":"Point","coordinates":[-0.26215,41.23048]},"properties":{"name":"SET Sur","power":"substation","voltage":"400000;132000;30000","osm":"way/1100866837"}},{"type":"Feature","geometry":{"type":"Point","coordinates":[-3.58591,43.34047]},"properties":{"name":"Soloranzo","operator":"Red Eléctrica de España","operator:short":"REE","operator:wikidata":"Q1551220","operator:wikipedia":"es:Red Eléctrica de España","power":"substation","start_date":"2013","substation":"transmission","voltage":"400000;220000","osm":"way/1141933143"}},{"type":"Feature","geometry":{"type":"Point","coordinates":[-1.54237,43.38365]},"properties":{"name":"Poste électrique de Nivelle","operator":"RTE","power":"substation","ref:FR:RTE":"NIVEL","ref:FR:RTE_nom":"NIVELLE","voltage":"63000","osm":"way/1167511675"}},{"type":"Feature","geometry":{"type":"Point","coordinates":[-4.93752,41.79355]},"properties":{"name":"SET Las Mazuelas","power":"substation","substation":"transmission","voltage":"400000;132000","osm":"way/1227066186"}},{"type":"Feature","geometry":{"type":"Point","coordinates":[-5.36587,41.45]},"properties":{"name":"Subestación Valdecarretas","operator":"Red Eléctrica de España","operator:short":"REE","operator:wikidata":"Q1551220","power":"substation","substation":"transmission","voltage":"400000","osm":"way/1232962946"}},{"type":"Feature","geometry":{"type":"Point","coordinates":[1.0841,43.21299]},"properties":{"barrier":"fence","operator":"RTE","operator:wikidata":"Q2178795","power":"substation","ref:FR:RTE":"CAZER","ref:FR:RTE_nom":"CAZERES","substation":"transmission","voltage":"63000","osm":"way/1236323480"}},{"type":"Feature","geometry":{"type":"Point","coordinates":[1.51185,44.05081]},"properties":{"barrier":"fence","name":"Poste électrique de Nègrepelisse","operator":"Enedis","operator:wikidata":"Q3587594","power":"substation","ref:FR:RTE":"NEGR5","ref:FR:RTE_nom":"NEGREPELISSE","substation":"distribution","voltage":"225000","osm":"way/1236930242"}},{"type":"Feature","geometry":{"type":"Point","coordinates":[-2.74929,43.23596]},"properties":{"name":"Amorebieta","operator":"Red Eléctrica de España","operator:short":"REE","operator:wikidata":"Q1551220","operator:wikipedia":"es:Red Eléctrica de España","power":"substation","substation":"generation","voltage":"400000","osm":"way/1240967180"}},{"type":"Feature","geometry":{"type":"Point","coordinates":[-3.84463,43.00337]},"properties":{"name":"SET Promotores Virtus","power":"substation","substation":"transmission","voltage":"132000;400000","osm":"way/1241153459"}},{"type":"Feature","geometry":{"type":"Point","coordinates":[-0.38433,41.02458]},"properties":{"name":"SET Mudéjar Promotores","power":"substation","voltage":"400000;220000;33000","osm":"way/1263279632"}},{"type":"Feature","geometry":{"type":"Point","coordinates":[-1.38109,41.84665]},"properties":{"barrier":"fence","frequency":"50","location":"outdoor","name":"Subestación de Magallón","operator":"Red Eléctrica de España","operator:short":"REE","operator:wikidata":"Q1551220","operator:wikipedia":"es:Red Eléctrica de España","power":"substation","substation":"transmission","voltage":"400000","osm":"way/1266081844"}},{"type":"Feature","geometry":{"type":"Point","coordinates":[0.50549,41.38778]},"properties":{"location":"outdoor","name":"Subestació elèctrica de Maials","name:ca":"Subestació elèctrica de Maials","power":"substation","substation":"transmission","voltage":"400000;132000","osm":"way/1266109989"}},{"type":"Feature","geometry":{"type":"Point","coordinates":[-3.85845,42.59055]},"properties":{"name":"SET Coculina","power":"substation","substation":"transmission","voltage":"132000;400000","osm":"way/1270848181"}},{"type":"Feature","geometry":{"type":"Point","coordinates":[-3.8206,42.3227]},"properties":{"name":"Subestación Buniel","operator":"Red Eléctrica de España","operator:short":"REE","operator:wikidata":"Q1551220","operator:wikipedia":"es:Red Eléctrica de España","power":"substation","source":"https://izharia.com/referencias/subestacion-la-torca-400-132-kv/","substation":"transmission","voltage":"400000;25000","osm":"way/1272548315"}},{"type":"Feature","geometry":{"type":"Point","coordinates":[-1.65712,43.38687]},"properties":{"barrier":"fence","operator":"SNCF Réseau","operator:wikidata":"Q21605526","power":"substation","ref:FR:RTE":"SSLUZ","ref:FR:RTE_nom":"ST-JEAN-DE-LUZ","substation":"traction","voltage":"63000","osm":"way/1273534706"}},{"type":"Feature","geometry":{"type":"Point","coordinates":[1.79349,43.36267]},"properties":{"barrier":"fence","operator":"SNCF Réseau","power":"substation","substation":"traction","voltage":"63000","osm":"way/1345119979"}},{"type":"Feature","geometry":{"type":"Point","coordinates":[-3.8181,42.32462]},"properties":{"barrier":"fence","fence_type":"split_rail","name":"Subestación La Torca","operator":"Red Eléctrica de España","operator:short":"REE","operator:wikidata":"Q1551220","operator:wikipedia":"es:Red Eléctrica de España","power":"substation","source":"https://izharia.com/referencias/subestacion-la-torca-400-132-kv/","substation":"transmission","voltage":"400000;132000","osm":"way/1359377028"}},{"type":"Feature","geometry":{"type":"Point","coordinates":[-4.86671,42.73923]},"properties":{"name":"Subestación Velilla Solar","power":"substation","substation":"yes","voltage":"400000;30000","osm":"way/1447258194"}},{"type":"Feature","geometry":{"type":"Point","coordinates":[-4.85297,42.62963]},"properties":{"name":"Subestación Virgen de Areños III","power":"substation","voltage":"400000;30000","osm":"way/1447258198"}},{"type":"Feature","geometry":{"type":"Point","coordinates":[-4.86261,42.82244]},"properties":{"power":"substation","voltage":"400000","osm":"way/1447258202"}},{"type":"Feature","geometry":{"type":"Point","coordinates":[-5.36764,41.44862]},"properties":{"name":"Subestación Toro Renovables","power":"substation","source":"https://www.boe.es/diario_boe/txt.php?id=BOE-A-2021-21371","substation":"generation","voltage":"400000;132000;66000;30000","osm":"way/1449716061"}},{"type":"Feature","geometry":{"type":"Point","coordinates":[0.35722,42.89818]},"properties":{"name":"Aure","operator":"RTE","operator:wikidata":"Q2178795","power":"substation","ref:FR:RTE":"AUREE","start_date":"2026","substation":"transmission","voltage":"225000","osm":"way/1454297297"}},{"type":"Feature","geometry":{"type":"Point","coordinates":[-1.067,43.70794]},"properties":{"name":"Poste électrique de Bascat","operator":"RTE","operator:wikidata":"Q2178795","power":"substation","ref:FR:RTE":"BASCA","ref:FR:RTE_nom":"BASCAT","substation":"traction","voltage":"63000","osm":"way/1469864857"}},{"type":"Feature","geometry":{"type":"Point","coordinates":[1.69806,42.54935]},"properties":{"name":"ETR de Grau Roig","operator":"FEDA","power":"substation","substation":"yes","voltage":"225000;110000;20000","osm":"way/1479410053"}},{"type":"Feature","geometry":{"type":"Point","coordinates":[-4.92941,41.79005]},"properties":{"name":"Subestación Colectora Oliva","power":"substation","source:url":"https://www.boe.es/diario_boe/txt.php?id=BOE-B-2020-40948","substation":"transmission","voltage":"400000;66000","osm":"way/1480647902"}},{"type":"Feature","geometry":{"type":"Point","coordinates":[-4.55588,42.07016]},"properties":{"name":"SET HUSILLOS 400/132 kV.","power":"substation","source:url":"https://www.diputaciondepalencia.es/system/files/2024-10/20241021-bop-127-Ordinario.pdf","substation":"generation","voltage":"400000;132000","osm":"way/1482328176"}},{"type":"Feature","geometry":{"type":"Point","coordinates":[1.46475,43.66361]},"properties":{"frequency":"50","name":"Poste électrique de L'Union","operator":"RTE","operator:wikidata":"Q2178795","power":"substation","ref:FR:RTE":"UNION","ref:FR:RTE_nom":"UNION","source":"data.gouv.fr:RTE - 12/2017","substation":"distribution","type":"multipolygon","voltage":"63000;20000","osm":"relation/1604488"}},{"type":"Feature","geometry":{"type":"Point","coordinates":[1.49384,43.61635]},"properties":{"name":"Poste électrique de Balma","operator":"RTE","operator:wikidata":"Q2178795","power":"substation","type":"multipolygon","voltage":"225000;63000","osm":"relation/1604500"}},{"type":"Feature","geometry":{"type":"Point","coordinates":[1.93506,41.76693]},"properties":{"name":"Estació receptora de Calders","name:ca":"Estació receptora de Calders","power":"substation","ref":"Calders","type":"multipolygon","voltage":"400000","osm":"relation/10295969"}},{"type":"Feature","geometry":{"type":"Point","coordinates":[1.90239,41.35544]},"properties":{"frequency":"50","location":"outdoor","name":"Subestació de Begues","name:ca":"Subestació de Begues","operator":"Red Eléctrica de España","operator:short":"REE","operator:wikidata":"Q1551220","operator:wikipedia":"es:Red Eléctrica de España","power":"substation","substation":"transmission","type":"multipolygon","voltage":"400000;220000","osm":"relation/16809528"}},{"type":"Feature","geometry":{"type":"Point","coordinates":[-3.85976,42.59077]},"properties":{"name":"Subestación La Lora","operator":"Red Eléctrica de España","operator:short":"REE","operator:wikidata":"Q1551220","operator:wikipedia":"es:Red Eléctrica de España","power":"substation","source":"ITACyL","source:date":"2009","substation":"generation","type":"multipolygon","voltage":"400000","osm":"relation/17444204"}},{"type":"Feature","geometry":{"type":"Point","coordinates":[1.07768,49.44743]},"properties":{"description":"Poste source ERDF 2 x 225 kV \"HOTEL DIEU\"","location":"indoor","name":"Poste électrique de l’Hôtel Dieu","operator":"RTE","operator:wikidata":"Q2178795","power":"substation","ref:FR:RTE":"H.DIE","ref:FR:RTE_nom":"HOTEL-DIEU","source":"data.gouv.fr:RTE - 04/2017","substation":"distribution","voltage":"225000;20000","osm":"node/1786718788"}},{"type":"Feature","geometry":{"type":"Point","coordinates":[-1.64271,49.65177]},"properties":{"frequency":"50","name":"Poste électrique de l’Arsenal","operator":"RTE","operator:wikidata":"Q2178795","operator:wikipedia":"fr:RTE (entreprise)","power":"substation","ref:FR:RTE":"ARSEN","ref:FR:RTE_nom":"ARSENAL","source":"data.gouv.fr:RTE - 04/2017","substation":"industrial","voltage":"90000","osm":"node/5486007750"}},{"type":"Feature","geometry":{"type":"Point","coordinates":[-2.02934,48.6172]},"properties":{"frequency":"50","name":"Poste électrique de Rance (Usine marémotrice)","note":"Poste électrique de l'usine marémotrice. Seule la ligne d'alimentation des systèmes de l'usine en 63 kV est indiquée, les lignes d'évacuation de l'électricité produite en 225 kV ne sont pas indiquées (à indiquer si source ?)","operator":"Électricité de France","operator:short":"EDF","operator:wikidata":"Q274591","power":"substation","ref:FR:RTE":"RANCE","ref:FR:RTE_nom":"RANCE","source":"data.gouv.fr:RTE - 04/2017","substation":"generation","voltage":"225000;63000","osm":"node/5494329192"}},{"type":"Feature","geometry":{"type":"Point","coordinates":[-2.62294,48.52038]},"properties":{"operator":"RTE","power":"substation","ref:FR:RTE":"P.ROL","ref:FR:RTE_nom":"PONT-ROLLAND","source":"data.gouv.fr:RTE - 04/2017","voltage":"63000","osm":"node/5497211163"}},{"type":"Feature","geometry":{"type":"Point","coordinates":[-4.52304,48.29474]},"properties":{"operator":"RTE","power":"substation","ref:FR:RTE":"I.LON","ref:FR:RTE_nom":"ILE-LONGUE","source":"data.gouv.fr:RTE - 04/2017","substation":"industrial","voltage":"63000","osm":"node/5501873976"}},{"type":"Feature","geometry":{"type":"Point","coordinates":[-4.52298,48.36685]},"properties":{"operator":"RTE","power":"substation","ref:FR:RTE":"M.BL5","ref:FR:RTE_nom":"MAISON-BLANCHE","source":"data.gouv.fr:RTE - 04/2017","voltage":"63000","osm":"node/5501873980"}},{"type":"Feature","geometry":{"type":"Point","coordinates":[-4.07426,47.996]},"properties":{"name":"Poste électrique de Kerhuel","name:br":"Post-tredan Keruhel","name:fr":"Poste électrique de Kerhuel","operator":"RTE","power":"substation","ref:FR:RTE":"KERHU","ref:FR:RTE_nom":"KERHUEL","source":"data.gouv.fr:RTE - 04/2017","source:name:br":"proper translation","voltage":"63000","osm":"node/5502635790"}},{"type":"Feature","geometry":{"type":"Point","coordinates":[1.57868,47.71904]},"properties":{"operator":"RTE","operator:wikidata":"Q2178795","power":"substation","ref:FR:RTE":"SSEA2","ref:FR:RTE_nom":"ST-LAURENT-DES-EAUX B","source":"data.gouv.fr:RTE - 04/2017","voltage":"400000","osm":"node/5559720434"}},{"type":"Feature","geometry":{"type":"Point","coordinates":[1.03198,49.429]},"properties":{"operator":"RTE","operator:wikidata":"Q2178795","operator:wikipedia":"fr:RTE (entreprise)","power":"substation","ref:FR:RTE":"G.QU6","ref:FR:RTE_nom":"GRAND-QUEVILLY","source":"data.gouv.fr:RTE - 04/2017","voltage":"90000","osm":"node/5631180131"}},{"type":"Feature","geometry":{"type":"Point","coordinates":[-0.25983,50.69283]},"properties":{"name":"Rampion Wind Farm Offshore Substation","operator":"RWE","operator:wikidata":"Q138133","power":"substation","seamark:type":"platform","substation":"transmission","voltage":"150000;33000","website":"https://www.rampionoffshore.com/wind-farm/components/offshore-substation/","osm":"node/9163396418"}},{"type":"Feature","geometry":{"type":"Point","coordinates":[-0.49702,49.45468]},"properties":{"name:en":"Offshore substation Calvados Wind Farm","name:fr":"Poste électrique en mer du parc éolien du Calvados","operator":"Éolien Maritime France","power":"substation","ref:FR:RTE":"CZSEU","start_date":"2023","substation":"generation","voltage":"225000","osm":"node/9270681238"}},{"type":"Feature","geometry":{"type":"Point","coordinates":[1.8877,47.91583]},"properties":{"operator":"RTE","operator:wikidata":"Q2178795","power":"substation","ref:FR:RTE":"ORLEA","ref:FR:RTE_nom":"ORLEANS","source":"data.gouv.fr:RTE - 2022-02","voltage":"90000","osm":"node/9849586431"}},{"type":"Feature","geometry":{"type":"Point","coordinates":[-2.53304,48.84919]},"properties":{"building":"industrial","operator":"Ailes Marines SAS","power":"substation","substation":"generation","voltage":"225000","osm":"node/10048113513"}},{"type":"Feature","geometry":{"type":"Point","coordinates":[0.26845,49.90219]},"properties":{"building":"industrial","name":"Fécamp Substation","operator":"RTE","operator:wikidata":"Q2178795","power":"substation","ref:FR:RTE":"H.FAL","ref:FR:RTE_nom":"HAUTES - FALAISES","seamark:type":"platform","source":"data.gouv.fr:RTE - 2024-12","substation":"generation","voltage":"225000","osm":"node/11030514252"}},{"type":"Feature","geometry":{"type":"Point","coordinates":[1.17228,50.17971]},"properties":{"name":"OSS Dieppe-Le Tréport","power":"substation","seamark:platform:category":"production","seamark:type":"platform","substation":"generation","voltage":"225000;66000","osm":"node/11815512159"}},{"type":"Feature","geometry":{"type":"Point","coordinates":[1.04916,49.46428]},"properties":{"operator":"RTE","operator:wikidata":"Q2178795","power":"substation","ref:FR:RTE":"D.ROU","ref:FR:RTE_nom":"DEVILLE-LES-ROUEN","source":"data.gouv.fr:RTE - 2024-12","voltage":"90000","osm":"node/13104072073"}},{"type":"Feature","geometry":{"type":"Point","coordinates":[-1.23254,50.8848]},"properties":{"name":"Botley Wood","operator":"National Grid","operator:wikidata":"Q1465461","power":"substation","source":"landsat","substation":"transmission","voltage":"400000;132000","osm":"way/4715504"}},{"type":"Feature","geometry":{"type":"Point","coordinates":[0.32988,51.42831]},"properties":{"check_date":"2025-02-24","name":"Northfleet East Substation","power":"substation","substation":"transmission","voltage":"400000;132000","osm":"way/16582436"}},{"type":"Feature","geometry":{"type":"Point","coordinates":[-1.03996,50.91707]},"properties":{"name":"Lovedean Substation","power":"substation","substation":"transmission","voltage":"400000;132000","osm":"way/20851038"}},{"type":"Feature","geometry":{"type":"Point","coordinates":[-0.12754,51.37331]},"properties":{"barrier":"fence","name":"Beddington Substation","power":"substation","substation":"transmission","voltage":"400000;275000;132000","osm":"way/23299362"}},{"type":"Feature","geometry":{"type":"Point","coordinates":[-0.00377,51.35188]},"properties":{"barrier":"fence","name":"Rowdown Substation","operator":"National Grid","operator:wikidata":"Q1465461","power":"substation","substation":"transmission","voltage":"400000","osm":"way/23299657"}},{"type":"Feature","geometry":{"type":"Point","coordinates":[-1.29092,50.83487]},"properties":{"name":"Chilling Headhouse","power":"substation","substation":"transition","voltage":"400000","osm":"way/23309078"}},{"type":"Feature","geometry":{"type":"Point","coordinates":[-1.48721,50.94189]},"properties":{"barrier":"fence","name":"Nursling Substation","power":"substation","substation":"transmission","voltage":"400000;132000","osm":"way/23988786"}},{"type":"Feature","geometry":{"type":"Point","coordinates":[-3.4053,50.76758]},"properties":{"frequency":"50","location":"outdoor","name":"Exeter Substation","operator":"National Grid","operator:wikidata":"Q1465461","power":"substation","rating":"340 MVA","ref":"306005","substation":"transmission","voltage":"400000;132000","osm":"way/26678829"}},{"type":"Feature","geometry":{"type":"Point","coordinates":[-3.73035,50.47168]},"properties":{"frequency":"50","name":"Abham Substation","power":"substation","ref:GB:wpd_site":"306004","substation":"transmission","voltage":"400000;132000","osm":"way/26938722"}},{"type":"Feature","geometry":{"type":"Point","coordinates":[0.17695,48.00265]},"properties":{"barrier":"fence","location":"outdoor","name":"Poste électrique de la Plumasserie","note":"3 Exploitants : SNCF, RTE, Enedis","operator":"SNCF Réseau","owner":"SNCF Réseau","power":"substation","railway:position":"212.400","ref:FR:RTE":"PLUMA","ref:FR:RTE_nom":"PLUMASSERIE (LA)","source":"data.gouv.fr:RTE - 04/2017","substation":"traction","voltage":"90000;25000","osm":"way/28510212"}},{"type":"Feature","geometry":{"type":"Point","coordinates":[0.14504,48.0319]},"properties":{"name":"Poste Électrique du Cruchet","operator":"RTE","power":"substation","ref:FR:RTE":"CRUCH","ref:FR:RTE_nom":"CRUCHET (LE)","source":"data.gouv.fr:RTE - 04/2017","substation":"transmission","voltage":"90000","osm":"way/28525332"}},{"type":"Feature","geometry":{"type":"Point","coordinates":[0.1838,47.92156]},"properties":{"barrier":"fence","name":"Poste électrique de Arnage","operator":"RTE","power":"substation","ref:FR:RTE":"ARNAG","ref:FR:RTE_nom":"ARNAGE","source":"data.gouv.fr:RTE - 04/2017","substation":"transmission","voltage":"225000","osm":"way/28525395"}},{"type":"Feature","geometry":{"type":"Point","coordinates":[0.44854,50.88128]},"properties":{"addr:postcode":"TN33 9BJ","area":"yes","name":"Ninfield Substation","power":"substation","substation":"transmission","voltage":"400000;132000","osm":"way/28691559"}},{"type":"Feature","geometry":{"type":"Point","coordinates":[0.96873,49.03111]},"properties":{"barrier":"wall","location":"outdoor","name":"Poste électrique de Tilleul","operator":"RTE","power":"substation","ref:FR:RTE":"TILL5","ref:FR:RTE_nom":"TILLEUL","source":"Bing","substation":"transmission","voltage":"400000;90000","osm":"way/30292953"}},{"type":"Feature","geometry":{"type":"Point","coordinates":[0.23584,48.00536]},"properties":{"barrier":"fence","location":"outdoor","name":"Poste Électrique de Claire Fontaine","operator":"RTE","operator:wikidata":"Q2178795","power":"substation","ref:FR:RTE":"C.FON","ref:FR:RTE_nom":"CLAIRE-FONTAINE","source":"data.gouv.fr:RTE - 04/2017","substation":"transmission","voltage":"225000;90000;20000","osm":"way/31420746"}},{"type":"Feature","geometry":{"type":"Point","coordinates":[0.15497,51.43281]},"properties":{"barrier":"fence","name":"Hurst Substation","operator":"National Grid Electricity Transmission","operator:wikidata":"Q114453512","power":"substation","substation":"transmission","voltage":"400000;275000;132000","osm":"way/32604320"}},{"type":"Feature","geometry":{"type":"Point","coordinates":[-1.07743,51.33644]},"properties":{"barrier":"fence","name":"Bramley Substation","operator":"National Grid","power":"substation","source:outline":"Bing","substation":"transmission","voltage":"400000;132000","osm":"way/32796576"}},{"type":"Feature","geometry":{"type":"Point","coordinates":[1.80322,47.87581]},"properties":{"barrier":"wall","location":"outdoor","name":"Poste électrique de Chaingy","operator":"RTE","operator:wikidata":"Q2178795","power":"substation","ref:FR:RTE":"CHAIN","ref:FR:RTE_nom":"CHAINGY","source":"data.gouv.fr:RTE - 04/2017","substation":"transmission","voltage":"400000;225000;90000;20000","osm":"way/34198056"}},{"type":"Feature","geometry":{"type":"Point","coordinates":[-2.92445,50.78683]},"properties":{"name":"Axminster Substation","operator":"National Grid","power":"substation","substation":"transmission","voltage":"400000;132000","osm":"way/34205588"}},{"type":"Feature","geometry":{"type":"Point","coordinates":[1.94089,48.75505]},"properties":{"barrier":"wall","location":"outdoor","name":"Sous-station de la Verrière","operator":"SNCF Réseau","operator:wikidata":"Q21605526","owner":"SNCF Réseau","power":"substation","ref:FR:RTE":"VERRI","ref:FR:RTE_nom":"VERRIERE (LA)","ref:FR:SNCF_Reseau:GAIA":"14406ff2-6668-11e3-8cff-01f464e0362d","substation":"traction","voltage":"1500;63000","osm":"way/34315289"}},{"type":"Feature","geometry":{"type":"Point","coordinates":[0.29537,49.47562]},"properties":{"barrier":"wall","name":"Poste électrique de Sandouville","operator":"RTE","operator:wikidata":"Q2178795","operator:wikipedia":"fr:RTE (entreprise)","power":"substation","ref:FR:RTE":"SANDO","ref:FR:RTE_nom":"SANDOUVILLE","substation":"transmission","voltage":"225000;90000","osm":"way/34349978"}},{"type":"Feature","geometry":{"type":"Point","coordinates":[0.27506,49.55206]},"properties":{"name":"Poste électrique de Sainneville","operator":"RTE","operator:wikidata":"Q2178795","power":"substation","ref:FR:RTE":"SAINN","ref:FR:RTE_nom":"SAINNEVILLE","substation":"transmission","voltage":"225000;90000","osm":"way/34387620"}},{"type":"Feature","geometry":{"type":"Point","coordinates":[0.16007,49.65863]},"properties":{"barrier":"fence","name":"Poste électrique d'Antifer","operator":"RTE","operator:wikidata":"Q2178795","power":"substation","ref:FR:RTE":"ANTIF","ref:FR:RTE_nom":"ANTIFER","source":"data.gouv.fr:RTE - 04/2017","voltage":"90000","osm":"way/34388672"}},{"type":"Feature","geometry":{"type":"Point","coordinates":[0.20574,49.53795]},"properties":{"barrier":"fence","name":"Poste électrique de Montivilliers","operator":"Enedis","operator:wikidata":"Q3587594","power":"substation","ref:FR:RTE":"MTIVI","ref:FR:RTE_nom":"MONTIVILLIERS","source":"data.gouv.fr:RTE - 04/2017","substation":"distribution","voltage":"90000","osm":"way/34388907"}},{"type":"Feature","geometry":{"type":"Point","coordinates":[0.18049,49.49529]},"properties":{"barrier":"wall","location":"outdoor","name":"Poste électrique du Pont-Sept","operator":"RTE","operator:wikidata":"Q2178795","power":"substation","ref:FR:RTE":"P.SEP","ref:FR:RTE_nom":"PONT-SEPT","substation":"transmission","voltage":"225000;90000;20000","osm":"way/34398164"}},{"type":"Feature","geometry":{"type":"Point","coordinates":[0.22845,49.47933]},"properties":{"barrier":"fence","name":"Poste électrique de Ratier","operator":"RTE","operator:wikidata":"Q2178795","operator:wikipedia":"fr:RTE (entreprise)","power":"substation","ref:FR:RTE":"RATIE","ref:FR:RTE_nom":"RATIER","source":"data.gouv.fr:RTE - 04/2017","substation":"transmission","voltage":"225000","osm":"way/34398358"}},{"type":"Feature","geometry":{"type":"Point","coordinates":[-4.24255,50.4447]},"properties":{"fixme":"name?","frequency":"50","name":"Landulph Substation","power":"substation","source":"Yahoo","substation":"transmission","voltage":"400000;132000","osm":"way/34656007"}},{"type":"Feature","geometry":{"type":"Point","coordinates":[1.10514,49.36868]},"properties":{"barrier":"fence","landuse":"industrial","operator":"RTE","operator:wikidata":"Q2178795","power":"substation","ref:FR:RTE":"SSROU","ref:FR:RTE_nom":"SAINT-ETIENNE-DU-ROUVRAY","substation":"transmission","voltage":"225000","osm":"way/35171597"}},{"type":"Feature","geometry":{"type":"Point","coordinates":[-1.12189,49.11283]},"properties":{"barrier":"fence","fence_type":"metal","frequency":"50","height":"4","landuse":"industrial","name":"Poste électrique d’Agneaux","operator":"RTE","operator:wikidata":"Q2178795","power":"substation","ref:FR:RTE":"AGNEA","ref:FR:RTE_nom":"AGNEAUX","source":"data.gouv.fr:RTE - 04/2017","substation":"distribution","voltage":"90000;20000","osm":"way/39493103"}},{"type":"Feature","geometry":{"type":"Point","coordinates":[0.16709,48.14613]},"properties":{"name":"Poste Électrique de Saint-Jamme-sur-Sarthe","operator":"RTE","operator:wikidata":"Q2178795","power":"substation","ref:FR:RTE":"SSJAM","ref:FR:RTE_nom":"STE-JAMME (-SUR-SARTHE)","source":"cadastre-dgi-fr source : Direction Générale des Impôts - Cadastre ; mise à jour : 2009","voltage":"90000","osm":"way/42556262"}},{"type":"Feature","geometry":{"type":"Point","coordinates":[-3.7183,47.86615]},"properties":{"operator":"RTE","power":"substation","ref:FR:RTE":"KERL5","ref:FR:RTE_nom":"KERLOURY","source":"cadastre-dgi-fr source : Direction Générale des Impôts - Cadastre. Mise à jour : 2009","voltage":"63000","osm":"way/43701973"}},{"type":"Feature","geometry":{"type":"Point","coordinates":[-0.19447,48.91459]},"properties":{"barrier":"wall","name":"Poste Électrique de Vaston","operator":"RTE","operator:wikidata":"Q2178795","operator:wikipedia":"fr:RTE (entreprise)","power":"substation","ref:FR:RTE":"VASTO","ref:FR:RTE_nom":"VASTON","source":"cadastre-dgi-fr source : Direction Générale des Impôts - Cadastre. Mise à jour : 2010","voltage":"90000","osm":"way/48858135"}},{"type":"Feature","geometry":{"type":"Point","coordinates":[-2.96915,51.11731]},"properties":{"barrier":"fence","brand":"National Grid","brand:wikidata":"Q1465461","location":"outdoor","name":"Bridgwater Substation","operator":"National Grid Electricity Distribution Plc","operator:old":"Western Power Distribution","operator:wikidata":"Q7988183","owner":"National Grid Electricity Distribution (South West) Plc","owner:wikidata":"Q114397866","power":"substation","rating":"200 MVA","ref":"206008","substation":"transmission","voltage":"400000;275000;132000","osm":"way/48876730"}},{"type":"Feature","geometry":{"type":"Point","coordinates":[-2.48754,50.62389]},"properties":{"barrier":"fence","name":"Chickerell Substation","operator":"National Grid","power":"substation","substation":"transmission","voltage":"400000;132000","osm":"way/49922626"}},{"type":"Feature","geometry":{"type":"Point","coordinates":[-1.94756,48.14824]},"properties":{"barrier":"fence","name":"Poste Électrique de Montfort","operator":"RTE","power":"substation","ref:FR:RTE":"MTFO5","ref:FR:RTE_nom":"MONTFORT","source":"Bing;knowledge","voltage":"90000","osm":"way/54268381"}},{"type":"Feature","geometry":{"type":"Point","coordinates":[1.08939,49.43311]},"properties":{"description":"Poste source ERDF 2 x 90 kV \"Rouen Lessard\"","name":"Poste électrique de Rouen Lessard","operator":"RTE","operator:wikidata":"Q2178795","power":"substation","ref:FR:RTE":"R.LES","ref:FR:RTE_nom":"ROUEN-LESSARD","source":"cadastre-dgi-fr source : Direction Générale des Impôts - Cadastre. Mise à jour : 2010","voltage":"90000","osm":"way/65040664"}},{"type":"Feature","geometry":{"type":"Point","coordinates":[1.88966,47.96252]},"properties":{"building":"yes","building:levels":"1","height":"15","operator":"RTE","operator:wikidata":"Q2178795","operator:wikipedia":"fr:RTE (entreprise)","power":"substation","ref:FR:RTE":"SARAN","ref:FR:RTE_nom":"SARAN","roof:shape":"gabled","source":"data.gouv.fr:RTE - 2022-02","voltage":"90000","osm":"way/68408590"}},{"type":"Feature","geometry":{"type":"Point","coordinates":[1.78348,50.92025]},"properties":{"barrier":"fence","location":"outdoor","name":"Poste électrique du tunnel sous la Manche","note":"Poste électrique côté français alimentant le tunnel sous la Manche en énergie de traction et de fonctionnement des utilités","operator":"RTE","operator:wikidata":"Q2178795","power":"substation","ref:FR:RTE":"TUNNE","ref:FR:RTE_nom":"TUNNEL","substation":"traction","voltage":"225000;25000","osm":"way/68589514"}},{"type":"Feature","geometry":{"type":"Point","coordinates":[-1.72568,48.1104]},"properties":{"barrier":"fence","frequency":"50","name":"Poste électrique de la Barre-Thomas","operator":"Enedis","operator:wikidata":"Q3587594","power":"substation","ref:FR:RTE":"B.THO","ref:FR:RTE_nom":"BARRE-THOMAS (LA)","source":"cadastre-dgi-fr source : Direction Générale des Impôts - Cadastre. Mise à jour : 2010","substation":"distribution","voltage":"90000;20000","osm":"way/80301699"}},{"type":"Feature","geometry":{"type":"Point","coordinates":[1.05581,47.79155]},"properties":{"barrier":"fence","name":"Poste électrique de Vendôme","operator":"RTE","operator:wikidata":"Q2178795","power":"substation","ref:FR:RTE":"VENDO","ref:FR:RTE_nom":"VENDOME","source":"Cnes/Spot Image","voltage":"90000","osm":"way/81521776"}},{"type":"Feature","geometry":{"type":"Point","coordinates":[1.943,48.8061]},"properties":{"barrier":"fence","fence_type":"wire","location":"outdoor","name":"Poste électrique de la Vérinnerie","operator":"RTE","operator:wikidata":"Q2178795","power":"substation","ref:FR:RTE":"VERIN","ref:FR:RTE_nom":"VERINNERIE (LA)","source":"cadastre-dgi-fr source : Direction Générale des Impôts - Cadastre. Mise à jour : 2010","substation":"transmission","voltage":"225000","osm":"way/83705700"}},{"type":"Feature","geometry":{"type":"Point","coordinates":[1.91374,50.92117]},"properties":{"barrier":"fence","location":"outdoor","name":"Poste électrique des Attaques","name:en":"Attaques Substation","operator":"RTE","operator:wikidata":"Q2178795","power":"substation","ref:FR:RTE":"ATTAQ","ref:FR:RTE_nom":"ATTAQUES (LES)","substation":"distribution","voltage":"400000;225000;90000;20000","osm":"way/85198005"}},{"type":"Feature","geometry":{"type":"Point","coordinates":[1.01235,49.65711]},"properties":{"barrier":"fence","location":"outdoor","name":"Poste électrique de Barnabos","operator":"RTE","operator:wikidata":"Q2178795","operator:wikipedia":"fr:RTE (entreprise)","power":"substation","ref:FR:RTE":"BARNA","ref:FR:RTE_nom":"BARNABOS","source":"data.gouv.fr:RTE - 04/2017","substation":"transmission","voltage":"400000","osm":"way/85710783"}},{"type":"Feature","geometry":{"type":"Point","coordinates":[1.22748,49.96858]},"properties":{"barrier":"fence","location":"outdoor","name":"Poste électrique de Penly","name:en":"Penly Substation","operator":"RTE","operator:wikidata":"Q2178795","power":"substation","ref:FR:RTE":"PENL5","ref:FR:RTE_nom":"PENLY","substation":"transmission","voltage":"400000","osm":"way/85719389"}},{"type":"Feature","geometry":{"type":"Point","coordinates":[1.93026,49.28805]},"properties":{"barrier":"fence","location":"outdoor","name":"Poste électrique de Remise","operator":"RTE","operator:wikidata":"Q2178795","operator:wikipedia":"fr:RTE (entreprise)","power":"substation","ref:FR:RTE":"REMIS","ref:FR:RTE_nom":"REMISE","source":"data.gouv.fr:RTE - 04/2017","substation":"transmission","voltage":"400000;63000","osm":"way/85821243"}},{"type":"Feature","geometry":{"type":"Point","coordinates":[0.7354,49.3435]},"properties":{"barrier":"wall","landuse":"industrial","name":"Poste électrique de Rougemontier","operator":"RTE","power":"substation","ref:FR:RTE":"ROUGE","ref:FR:RTE_nom":"ROUGEMONTIER","source":"Union européenne - SOeS, CORINE Land Cover, 2006.","substation":"transmission","voltage":"400000;225000","osm":"way/85827397"}},{"type":"Feature","geometry":{"type":"Point","coordinates":[1.01014,49.48334]},"properties":{"name":"Poste électrique de La Vaupalière","operator":"RTE","operator:wikidata":"Q2178795","power":"substation","ref:FR:RTE":"VAUPA","ref:FR:RTE_nom":"VAUPALIERE (LA)","substation":"transmission","voltage":"400000;225000;90000;20000","osm":"way/85827398"}},{"type":"Feature","geometry":{"type":"Point","coordinates":[-1.57709,49.4766]},"properties":{"barrier":"wall","frequency":"50","location":"outdoor","name":"Poste électrique de Menuel","operator":"RTE","operator:wikidata":"Q2178795","operator:wikipedia":"fr:RTE (entreprise)","power":"substation","ref:FR:RTE":"MENUE","ref:FR:RTE_nom":"MENUEL","source":"https://actu.fr/normandie/l-etang-bertrand_50176/cotentin-un-poste-electrique-de-400-000-volts-prend-feu-des-specialistes-sur-place_60793594.html","substation":"transmission","voltage":"400000","osm":"way/85845085"}},{"type":"Feature","geometry":{"type":"Point","coordinates":[-1.59982,49.5945]},"properties":{"barrier":"fence","frequency":"50","name":"Poste électrique de Tollevast","operator":"RTE","operator:wikidata":"Q2178795","operator:wikipedia":"fr:RTE (entreprise)","power":"substation","ref":"TOLLE","ref:FR:RTE":"TOLLE","ref:FR:RTE_nom":"TOLLEVAST","substation":"transmission","voltage":"400000;90000","osm":"way/85851255"}},{"type":"Feature","geometry":{"type":"Point","coordinates":[-1.18751,49.16136]},"properties":{"barrier":"wall","frequency":"50","location":"outdoor","name":"Poste électrique de Terrette","operator":"RTE","operator:wikidata":"Q2178795","power":"substation","ref:FR:RTE":"TERR6","ref:FR:RTE_nom":"TERRETTE","substation":"transmission","voltage":"400000;90000","osm":"way/85867971"}},{"type":"Feature","geometry":{"type":"Point","coordinates":[-1.26018,48.56363]},"properties":{"barrier":"wall","location":"outdoor","name":"Poste électrique de Launay","operator":"RTE","operator:wikidata":"Q2178795","power":"substation","ref:FR:RTE":"LAUNA","ref:FR:RTE_nom":"LAUNAY","substation":"transmission","voltage":"400000;225000;90000","osm":"way/85877326"}},{"type":"Feature","geometry":{"type":"Point","coordinates":[-0.26439,49.10834]},"properties":{"barrier":"wall","landuse":"industrial","location":"outdoor","name":"Poste électrique de Tourbe","operator":"RTE","operator:wikidata":"Q2178795","power":"substation","ref:FR:RTE":"TOURB","ref:FR:RTE_nom":"TOURBE","source":"data.gouv.fr:RTE - 04/2017","substation":"transmission","voltage":"400000;225000","osm":"way/85895367"}},{"type":"Feature","geometry":{"type":"Point","coordinates":[0.19565,49.21123]},"properties":{"barrier":"wall","location":"outdoor","name":"Poste électrique de Coquainvilliers","operator":"RTE","power":"substation","ref:FR:RTE":"COQUA","ref:FR:RTE_nom":"COQUAINVILLIERS","source":"data.gouv.fr:RTE - 04/2017","substation":"transmission","voltage":"225000;90000","osm":"way/85955250"}},{"type":"Feature","geometry":{"type":"Point","coordinates":[-1.55643,48.09306]},"properties":{"barrier":"fence","location":"outdoor","name":"Poste électrique de Domloup","name:br":"Post tredan Domloup","name:fr":"Poste électrique de Domloup","operator":"RTE","operator:wikidata":"Q2178795","power":"substation","ref:FR:RTE":"DOMLO","ref:FR:RTE_nom":"DOMLOUP","source":"data.gouv.fr:RTE - 04/2017","substation":"transmission","voltage":"400000;225000;90000","osm":"way/85995894"}},{"type":"Feature","geometry":{"type":"Point","coordinates":[-2.87785,48.42979]},"properties":{"barrier":"fence","location":"outdoor","name":"Poste électrique de Plaine-Haute","operator":"RTE","operator:wikidata":"Q2178795","power":"substation","ref:FR:RTE":"P.HA5","ref:FR:RTE_nom":"PLAINE HAUTE","source":"data.gouv.fr:RTE - 04/2017","substation":"transmission","voltage":"400000;225000","osm":"way/86023818"}},{"type":"Feature","geometry":{"type":"Point","coordinates":[0.24047,47.88623]},"properties":{"barrier":"fence","location":"outdoor","name":"Poste électrique des Quintes","operator":"RTE","power":"substation","ref:FR:RTE":"QUINT","ref:FR:RTE_nom":"QUINTES (LES)","substation":"transmission","voltage":"400000;225000","osm":"way/86131984"}},{"type":"Feature","geometry":{"type":"Point","coordinates":[0.9756,47.57302]},"properties":{"barrier":"fence","location":"outdoor","name":"Poste électrique de La Picocherie","operator":"SNCF Réseau","operator:wikidata":"Q21605526","owner":"SNCF Réseau","power":"substation","railway:position":"190.350","ref:FR:RTE":"PICOC","ref:FR:RTE_nom":"PICOCHERIE (LA)","source":"data.gouv.fr:RTE - 04/2017","substation":"traction","voltage":"400000","osm":"way/86162998"}},{"type":"Feature","geometry":{"type":"Point","coordinates":[1.5981,47.71191]},"properties":{"barrier":"wall","location":"outdoor","name":"Poste électrique du Verger","operator":"RTE","power":"substation","ref:FR:RTE":"VERGE","ref:FR:RTE_nom":"VERGER","substation":"transmission","voltage":"400000","wikidata":"Q111132716","osm":"way/86260099"}},{"type":"Feature","geometry":{"type":"Point","coordinates":[1.85584,48.10677]},"properties":{"barrier":"fence","name":"Poste électrique de Dambron","operator":"RTE","power":"substation","ref:FR:RTE":"DAMBR","ref:FR:RTE_nom":"DAMBRON","substation":"transmission","voltage":"400000;225000;90000;20000","osm":"way/86260748"}},{"type":"Feature","geometry":{"type":"Point","coordinates":[-2.68117,47.66216]},"properties":{"barrier":"wall","landuse":"industrial","location":"outdoor","name":"Poste électrique de Theix","operator":"RTE","operator:wikidata":"Q2178795","operator:wikipedia":"fr:RTE (entreprise)","power":"substation","ref:FR:RTE":"THEIX","ref:FR:RTE_nom":"THEIX","source":"data.gouv.fr:RTE - 04/2017","substation":"transmission","voltage":"225000;63000","osm":"way/86462910"}},{"type":"Feature","geometry":{"type":"Point","coordinates":[1.09625,51.29379]},"properties":{"barrier":"fence","frequency":"50","gas_insulated":"yes","name":"Canterbury North Substation","power":"substation","substation":"transmission","voltage":"400000;132000","osm":"way/87953830"}},{"type":"Feature","geometry":{"type":"Point","coordinates":[-0.8814,51.25092]},"properties":{"name":"Fleet Substation","power":"substation","substation":"transmission","voltage":"400000;132000;33000","osm":"way/88389243"}},{"type":"Feature","geometry":{"type":"Point","coordinates":[0.10476,49.52699]},"properties":{"barrier":"wall","name":"Poste électrique de Bléville","operator":"Enedis","power":"substation","ref:FR:RTE":"BLEVI","ref:FR:RTE_nom":"BLEVILLE","source":"data.gouv.fr:RTE - 04/2017","substation":"distribution","voltage":"90000","osm":"way/88855397"}},{"type":"Feature","geometry":{"type":"Point","coordinates":[1.89505,48.99284]},"properties":{"barrier":"wall","location":"outdoor","name":"Poste électrique des Mureaux","operator":"RTE","operator:wikidata":"Q2178795","power":"substation","ref:FR:RTE":"MUREA","ref:FR:RTE_nom":"MUREAUX (LES)","source":"data.gouv.fr:RTE - 04/2017","substation":"transmission","voltage":"225000;63000","osm":"way/89022039"}},{"type":"Feature","geometry":{"type":"Point","coordinates":[1.85562,48.9838]},"properties":{"barrier":"fence","name":"Poste électrique de Flins","operator":"RTE","operator:wikidata":"Q2178795","power":"substation","ref:FR:RTE":"FLINS","ref:FR:RTE_nom":"FLINS","source":"Bing","substation":"industrial","voltage":"63000","osm":"way/89022061"}},{"type":"Feature","geometry":{"type":"Point","coordinates":[1.78646,48.97715]},"properties":{"name":"Poste électrique de Montalet","power":"substation","ref:FR:RTE":"MTALE","ref:FR:RTE_nom":"MONTALET","substation":"industrial","voltage":"63000","osm":"way/89022076"}},{"type":"Feature","geometry":{"type":"Point","coordinates":[1.76255,48.97135]},"properties":{"barrier":"wall","location":"outdoor","name":"Poste électrique de Porcheville","operator":"RTE","operator:wikidata":"Q2178795","power":"substation","ref:FR:RTE":"PORCH","ref:FR:RTE_nom":"PORCHEVILLE","substation":"transmission","voltage":"225000;90000;63000","osm":"way/89022080"}},{"type":"Feature","geometry":{"type":"Point","coordinates":[1.74145,48.93302]},"properties":{"barrier":"wall","location":"outdoor","name":"Poste électrique de Mézerolles","operator":"RTE","operator:wikidata":"Q2178795","power":"substation","ref:FR:RTE":"MEZE5","ref:FR:RTE_nom":"MEZEROLLES","source":"data.gouv.fr:RTE - 04/2017","substation":"transmission","voltage":"400000;225000","osm":"way/89034196"}},{"type":"Feature","geometry":{"type":"Point","coordinates":[-1.89532,50.84683]},"properties":{"frequency":"50","name":"Mannington Substation","operator":"National Grid","power":"substation","ref:GB:uprn":"10024870140","source":"Bing","substation":"transmission","voltage":"400000;132000;33000","osm":"way/90099036"}},{"type":"Feature","geometry":{"type":"Point","coordinates":[0.74165,51.36833]},"properties":{"name":"Kemsley Substation","operator":"National Grid","power":"substation","source":"Bing","substation":"distribution","voltage":"400000;132000","osm":"way/91010022"}},{"type":"Feature","geometry":{"type":"Point","coordinates":[0.39241,51.40502]},"properties":{"name":"Singlewell Substation","operator":"National Grid","power":"substation","voltage":"400000;25000","osm":"way/91010711"}},{"type":"Feature","geometry":{"type":"Point","coordinates":[-0.23479,50.97526]},"properties":{"addr:city":"Henfield","addr:hamlet":"Wineham","addr:housename":"Bolney Substation","addr:postcode":"BN5 9AZ","addr:street":"Wineham Lane","barrier":"fence","name":"Bolney Substation","power":"substation","source":"Bing","substation":"transmission","voltage":"400000;132000","osm":"way/91082448"}},{"type":"Feature","geometry":{"type":"Point","coordinates":[1.82004,48.98038]},"properties":{"name":"Poste électrique de Gargenville","operator":"RTE","operator:wikidata":"Q2178795","power":"substation","ref:FR:RTE":"GARGE","ref:FR:RTE_nom":"GARGENVILLE","substation":"industrial","voltage":"63000","osm":"way/91382829"}},{"type":"Feature","geometry":{"type":"Point","coordinates":[1.69586,48.97405]},"properties":{"name":"Poste Électrique de Magnanville","operator":"RTE","power":"substation","ref:FR:RTE":"MAGNA","ref:FR:RTE_nom":"MAGNANVILLE","source":"data.gouv.fr:RTE - 04/2017","voltage":"90000","osm":"way/91465550"}},{"type":"Feature","geometry":{"type":"Point","coordinates":[-1.11049,48.57647]},"properties":{"name":"Poste électrique de Lairon","operator":"RTE","operator:wikidata":"Q2178795","power":"substation","ref:FR:RTE":"LAIRO","ref:FR:RTE_nom":"LAIRON","source":"cadastre-dgi-fr source : Direction Générale des Impôts - Cadastre. Mise à jour : 2010","substation":"distribution","voltage":"90000","osm":"way/91683362"}},{"type":"Feature","geometry":{"type":"Point","coordinates":[1.56974,49.09439]},"properties":{"barrier":"fence","name":"Poste Électrique des Groux","not:operator:wikidata":"Q2178795","operator":"RTE","power":"substation","ref:FR:RTE":"GROUX","ref:FR:RTE_nom":"GROUX (LES)","source":"Bing","voltage":"90000","osm":"way/92316689"}},{"type":"Feature","geometry":{"type":"Point","coordinates":[1.56668,49.01631]},"properties":{"name":"Poste électrique de Morvent","operator":"RTE","operator:wikidata":"Q2178795","power":"substation","ref:FR:RTE":"MORVE","ref:FR:RTE_nom":"MORVENT","source":"Bing","voltage":"90000","osm":"way/92316701"}},{"type":"Feature","geometry":{"type":"Point","coordinates":[1.55885,49.03334]},"properties":{"barrier":"fence","name":"Poste électrique de Béranville","operator":"RTE","power":"substation","ref:FR:RTE":"BERAN","ref:FR:RTE_nom":"BERANVILLE","source":"Bing","substation":"industrial","voltage":"225000","osm":"way/92316703"}},{"type":"Feature","geometry":{"type":"Point","coordinates":[1.55948,49.02248]},"properties":{"barrier":"fence","name":"Poste électrique de Bonnières","operator":"RTE","power":"substation","ref:FR:RTE":"BONNI","ref:FR:RTE_nom":"BONNIERES","source":"Bing","substation":"transmission","voltage":"225000","osm":"way/92316708"}},{"type":"Feature","geometry":{"type":"Point","coordinates":[1.75125,48.99076]},"properties":{"barrier":"wall","operator":"RTE","operator:wikidata":"Q2178795","power":"substation","ref:FR:RTE":"LIMAY","ref:FR:RTE_nom":"LIMAY","source":"data.gouv.fr:RTE - 04/2017","voltage":"63000","osm":"way/93505197"}},{"type":"Feature","geometry":{"type":"Point","coordinates":[1.7615,48.98621]},"properties":{"name":"Poste électrique de Marianne","operator":"RTE","operator:wikidata":"Q2178795","power":"substation","ref:FR:RTE":"MARIA","ref:FR:RTE_nom":"MARIANNE","voltage":"63000","osm":"way/93505204"}},{"type":"Feature","geometry":{"type":"Point","coordinates":[1.72005,48.98201]},"properties":{"barrier":"wall","distance":"55.771","location":"outdoor","name":"Sous-station RFF des Martraits","operator":"SNCF Réseau","operator:wikidata":"Q21605526","owner":"SNCF Réseau","power":"substation","ref:FR:RTE":"MARTR","ref:FR:RTE_nom":"MARTRAITS (LES)","substation":"traction","voltage":"90000;25000","osm":"way/93505207"}},{"type":"Feature","geometry":{"type":"Point","coordinates":[1.76578,48.98196]},"properties":{"operator":"RTE","operator:wikidata":"Q2178795","power":"substation","ref:FR:RTE":"AMPON","ref:FR:RTE_nom":"AMPONT","source":"Bing","voltage":"225000","osm":"way/93505209"}},{"type":"Feature","geometry":{"type":"Point","coordinates":[0.39131,51.46019]},"properties":{"barrier":"fence","name":"Tilbury Substation","operator":"National Grid","power":"substation","substation":"transmission","voltage":"400000;275000","osm":"way/94530230"}},{"type":"Feature","geometry":{"type":"Point","coordinates":[-4.05373,48.01708]},"properties":{"barrier":"wall","location":"outdoor","name":"Poste électrique de Squividan","name:br":"Post-tredan Skividan","name:fr":"Poste électrique de Squividan","operator":"RTE","power":"substation","ref:FR:RTE":"SQUIV","ref:FR:RTE_nom":"SQUIVIDAN","source":"data.gouv.fr:RTE - 04/2017","source:name:br":"proper translation","substation":"transmission","voltage":"225000;63000","osm":"way/95409416"}},{"type":"Feature","geometry":{"type":"Point","coordinates":[-4.12735,48.00581]},"properties":{"barrier":"wall","location":"outdoor","name":"Poste électrique de Penhars","operator":"Enedis","power":"substation","ref:FR:RTE":"PENHA","ref:FR:RTE_nom":"PENHARS","source":"data.gouv.fr:RTE - 04/2017","substation":"distribution","voltage":"63000;20000","osm":"way/95422942"}},{"type":"Feature","geometry":{"type":"Point","coordinates":[-3.12386,47.60997]},"properties":{"barrier":"fence","name":"Poste électrique de Kerhellegan","operator":"RTE","power":"substation","ref:FR:RTE":"KERHE","ref:FR:RTE_nom":"KERHELLEGAN","source":"data.gouv.fr:RTE - 04/2017","substation":"transmission","voltage":"63000","osm":"way/95943739"}},{"type":"Feature","geometry":{"type":"Point","coordinates":[-3.89192,47.89492]},"properties":{"barrier":"fence","name":"Poste électrique de Concarneau","name:br":"Post-tredan Konk-Kerne","name:fr":"Poste électrique de Concarneau","operator":"RTE","operator:wikidata":"Q2178795","operator:wikipedia":"fr:RTE (entreprise)","power":"substation","ref:FR:RTE":"CONCA","ref:FR:RTE_nom":"CONCARNEAU","source":"data.gouv.fr:RTE - 04/2017","source:name:br":"proper translation","substation":"transmission","voltage":"225000","osm":"way/99623587"}},{"type":"Feature","geometry":{"type":"Point","coordinates":[-4.13694,51.00588]},"properties":{"name":"Alverdiscott Substation","operator":"National Grid Electricity Transmission","operator:wikidata":"Q114453512","power":"substation","substation":"transmission","voltage":"400000;132000","osm":"way/100009331"}},{"type":"Feature","geometry":{"type":"Point","coordinates":[0.2723,51.47371]},"properties":{"location":"outdoor","name":"W Thurrock/Littlebrook Cable Compund","operator":"National Grid","power":"substation","substation":"transition","voltage":"400000","osm":"way/103150826"}},{"type":"Feature","geometry":{"type":"Point","coordinates":[0.28825,51.47106]},"properties":{"barrier":"fence","name":"West Thurrock Substation","operator":"National Grid","power":"substation","substation":"transmission","voltage":"400000;275000","osm":"way/103150854"}},{"type":"Feature","geometry":{"type":"Point","coordinates":[0.54558,48.50486]},"properties":{"frequency":"50","location":"outdoor","name":"Poste Électrique de Reinière","operator":"RTE","power":"substation","ref:FR:RTE":"REINI","ref:FR:RTE_nom":"REINIERE","source":"data.gouv.fr:RTE - 04/2017","substation":"distribution","voltage":"90000","osm":"way/103181869"}},{"type":"Feature","geometry":{"type":"Point","coordinates":[-2.06321,47.67544]},"properties":{"operator":"RTE","power":"substation","ref:FR:RTE":"PORT7","ref:FR:RTE_nom":"PORTE","source":"data.gouv.fr:RTE - 04/2017","voltage":"63000","osm":"way/103437749"}},{"type":"Feature","geometry":{"type":"Point","coordinates":[-2.0459,47.54185]},"properties":{"name":"Poste électrique de Sévérac","operator":"RTE","power":"substation","ref:FR:RTE":"SEVE5","ref:FR:RTE_nom":"SEVERAC","source":"data.gouv.fr:RTE - 04-2017","voltage":"63000","osm":"way/103437750"}},{"type":"Feature","geometry":{"type":"Point","coordinates":[0.4076,51.44231]},"properties":{"area":"yes","barrier":"fence","image":"https://archive.org/details/higham-gravesend-2022/PXL_20220604_184241520.jpg","operator":"National Grid","power":"substation","substation":"transition","voltage":"400000","osm":"way/103829261"}},{"type":"Feature","geometry":{"type":"Point","coordinates":[-2.15067,51.39342]},"properties":{"barrier":"fence","frequency":"50","name":"Melksham Substation","note":"from National Grid data","power":"substation","ref":"MELK","source":"Bing","substation":"transmission","voltage":"400000;275000;132000","osm":"way/103915328"}},{"type":"Feature","geometry":{"type":"Point","coordinates":[1.1977,49.27722]},"properties":{"name":"Poste source Vaudreuil","operator":"RTE","operator:wikidata":"Q2178795","power":"substation","ref:FR:RTE":"VAUDR","ref:FR:RTE_nom":"VAUDREUIL","source":"data.gouv.fr:RTE - 04/2017","voltage":"90000","osm":"way/104889012"}},{"type":"Feature","geometry":{"type":"Point","coordinates":[0.19606,48.93923]},"properties":{"name":"Poste Électrique de Vimoutiers","not:operator:wikidata":"Q2178795","operator":"RTE","power":"substation","ref:FR:RTE":"VIMOU","ref:FR:RTE_nom":"VIMOUTIERS","source":"cadastre-dgi-fr source : Direction Générale des Impôts - Cadastre. Mise à jour : 2011","voltage":"90000","osm":"way/105702793"}},{"type":"Feature","geometry":{"type":"Point","coordinates":[-3.86748,48.35462]},"properties":{"barrier":"wall","location":"outdoor","name":"Poste électrique de Brennilis","operator":"RTE","operator:wikidata":"Q2178795","power":"substation","ref:FR:RTE":"BRENN","ref:FR:RTE_nom":"BRENNILIS","source":"data.gouv.fr:RTE - 04/2017","substation":"transmission","voltage":"225000;63000","osm":"way/105913481"}},{"type":"Feature","geometry":{"type":"Point","coordinates":[-0.34567,49.18127]},"properties":{"barrier":"fence","frequency":"50","name":"Poste électrique de Caen","operator":"Enedis","operator:wikidata":"Q3587594","power":"substation","ref:FR:RTE":"CAEN","ref:FR:RTE_nom":"CAEN","source":"data.gouv.fr:RTE - 04/2017","substation":"distribution","voltage":"225000;20000","osm":"way/108084125"}},{"type":"Feature","geometry":{"type":"Point","coordinates":[-0.28183,49.21642]},"properties":{"barrier":"wall","frequency":"50","name":"Poste électrique de Ranville","operator":"RTE","operator:wikidata":"Q2178795","operator:wikipedia":"fr:RTE (entreprise)","power":"substation","ref:FR:RTE":"RANVI","ref:FR:RTE_nom":"RANVILLE","source":"data.gouv.fr:RTE - 04/2017","substation":"transmission","voltage":"225000;90000;20000","osm":"way/108089073"}},{"type":"Feature","geometry":{"type":"Point","coordinates":[1.16304,48.22514]},"properties":{"barrier":"fence","operator":"RTE","operator:wikidata":"Q2178795","power":"substation","ref:FR:RTE":"BROU5","ref:FR:RTE_nom":"BROU","source":"data.gouv.fr:RTE - 04/2017","substation":"distribution","voltage":"90000","osm":"way/108113416"}},{"type":"Feature","geometry":{"type":"Point","coordinates":[-0.54736,48.85713]},"properties":{"name":"Poste Électrique de Condé-sur-Noireau","operator":"RTE","operator:wikidata":"Q2178795","operator:wikipedia":"fr:RTE (entreprise)","power":"substation","ref:FR:RTE":"C.NOI","ref:FR:RTE_nom":"CONDE-SUR-NOIREAU","source":"data.gouv.fr:RTE - 04/2017","voltage":"90000","osm":"way/108694319"}},{"type":"Feature","geometry":{"type":"Point","coordinates":[0.69998,51.42059]},"properties":{"barrier":"fence","operator":"National Grid","power":"substation","substation":"transition","voltage":"400000","osm":"way/109189893"}},{"type":"Feature","geometry":{"type":"Point","coordinates":[0.7054,51.43584]},"properties":{"barrier":"fence","operator":"National Grid","power":"substation","substation":"transition","voltage":"400000","osm":"way/109189895"}},{"type":"Feature","geometry":{"type":"Point","coordinates":[0.71616,51.4405]},"properties":{"barrier":"fence","frequency":"0;50","name":"Grain Static Inverter Plant","power":"substation","substation":"converter","voltage":"450000;400000","wikidata":"Q918000","wikipedia":"en:BritNed","osm":"way/109189896"}},{"type":"Feature","geometry":{"type":"Point","coordinates":[-0.339,49.13864]},"properties":{"barrier":"wall","description":"Poste électrique de Caen","frequency":"50","name":"Poste électrique de la Dronnière","operator":"RTE","operator:wikidata":"Q2178795","power":"substation","ref:FR:RTE":"DRONN","ref:FR:RTE_nom":"DRONNIERE (LA)","source":"data.gouv.fr:RTE - 04/2017","substation":"transmission","voltage":"225000;90000","osm":"way/110542740"}},{"type":"Feature","geometry":{"type":"Point","coordinates":[-0.55177,48.73689]},"properties":{"barrier":"wall","location":"outdoor","name":"Poste électrique de Flers","operator":"RTE","operator:wikidata":"Q2178795","operator:wikipedia":"fr:RTE (entreprise)","power":"substation","ref:FR:RTE":"FLERS","ref:FR:RTE_nom":"FLERS","source":"data.gouv.fr:RTE - 04/2017","substation":"transmission","voltage":"225000;90000;20000","osm":"way/111816982"}},{"type":"Feature","geometry":{"type":"Point","coordinates":[0.10549,48.37461]},"properties":{"barrier":"fence","name":"Poste électrique de Champfleur","operator":"RTE","power":"substation","ref:FR:RTE":"CPFL5","ref:FR:RTE_nom":"CHAMPFLEUR","source":"data.gouv.fr:RTE - 04/2017","substation":"transmission","voltage":"225000;90000","osm":"way/112145777"}},{"type":"Feature","geometry":{"type":"Point","coordinates":[0.13775,48.42028]},"properties":{"name":"Poste Électrique de Chevain","operator":"RTE","operator:wikidata":"Q2178795","power":"substation","ref:FR:RTE":"CHEV6","ref:FR:RTE_nom":"CHEVAIN","source":"data.gouv.fr:RTE - 04/2017","voltage":"90000","osm":"way/112145794"}},{"type":"Feature","geometry":{"type":"Point","coordinates":[0.05739,48.43252]},"properties":{"name":"Poste Électrique d'Alençon","operator":"RTE","operator:wikidata":"Q2178795","operator:wikipedia":"fr:RTE (entreprise)","power":"substation","ref:FR:RTE":"ALENC","ref:FR:RTE_nom":"ALENCON","source":"data.gouv.fr:RTE - 04/2017","voltage":"90000","osm":"way/112153058"}},{"type":"Feature","geometry":{"type":"Point","coordinates":[-1.44095,47.68043]},"properties":{"barrier":"fence","location":"outdoor","name":"Poste électrique de Louisfert","operator":"RTE","power":"substation","ref:FR:RTE":"LOUIS","ref:FR:RTE_nom":"LOUISFERT","source":"data.gouv.fr:RTE - 04-2017","substation":"transmission","voltage":"400000;90000","osm":"way/114355666"}},{"type":"Feature","geometry":{"type":"Point","coordinates":[-1.68705,49.48982]},"properties":{"barrier":"fence","frequency":"50","location":"outdoor","name":"Poste électrique de Tolmer","operator":"Enedis","operator:wikidata":"Q3587594","power":"substation","ref:FR:RTE":"TOLME","ref:FR:RTE_nom":"TOLMER","source":"Bing","substation":"distribution","voltage":"90000;20000","osm":"way/114492546"}},{"type":"Feature","geometry":{"type":"Point","coordinates":[-1.54478,49.28797]},"properties":{"barrier":"wall","frequency":"50","name":"Poste électrique de la Haye-du-Puits","operator":"RTE","operator:wikidata":"Q2178795","operator:wikipedia":"fr:RTE (entreprise)","power":"substation","ref:FR:RTE":"H.PUI","ref:FR:RTE_nom":"HAYE-DU-PUITS (LA)","source":"data.gouv.fr:RTE - 04/2017","substation":"distribution","voltage":"90000;20000","osm":"way/114492555"}},{"type":"Feature","geometry":{"type":"Point","coordinates":[-1.40105,49.1946]},"properties":{"barrier":"fence","frequency":"50","name":"Poste électrique de Périers","operator":"RTE","operator:wikidata":"Q2178795","power":"substation","ref:FR:RTE":"PERIE","ref:FR:RTE_nom":"PERIERS","source":"Bing","substation":"distribution","voltage":"90000;20000","osm":"way/114492561"}},{"type":"Feature","geometry":{"type":"Point","coordinates":[-2.03216,48.61596]},"properties":{"barrier":"fence","frequency":"50","landuse":"industrial","name":"Poste électrique de Rance-Poste","name:br":"Post-tredan ar Renk","name:fr":"Poste électrique de Rance-Poste","operator":"RTE","operator:wikidata":"Q2178795","power":"substation","ref:FR:RTE":"RAN.P","ref:FR:RTE_nom":"RANCE-POSTE","source":"Bing","source:name:br":"proper translation","substation":"transmission","voltage":"225000","osm":"way/116168266"}},{"type":"Feature","geometry":{"type":"Point","coordinates":[-2.03324,48.61748]},"properties":{"barrier":"fence","frequency":"50","landuse":"industrial","name":"Poste électrique de Rance-Poste","name:br":"Post-tredan ar Renk","name:fr":"Poste électrique de Rance-Poste","operator":"RTE","operator:wikidata":"Q2178795","power":"substation","ref:FR:RTE":"RAN.P","ref:FR:RTE_nom":"RANCE-POSTE","source":"Bing","source:name:br":"proper translation","substation":"transmission","voltage":"63000;225000","osm":"way/116168269"}},{"type":"Feature","geometry":{"type":"Point","coordinates":[1.82883,48.80438]},"properties":{"barrier":"fence","location":"outdoor","name":"Poste électrique d'Yvelines-Ouest","operator":"RTE","operator:wikidata":"Q2178795","power":"substation","ref:FR:RTE":"YVE.O","ref:FR:RTE_nom":"YVELINES-OUEST","source":"Bing","substation":"transmission","voltage":"400000;225000","osm":"way/117350758"}},{"type":"Feature","geometry":{"type":"Point","coordinates":[1.84786,50.93192]},"properties":{"barrier":"fence","frequency":"50","name":"Poste électrique de Calais","operator":"RTE","operator:wikidata":"Q2178795","operator:wikipedia":"fr:RTE (entreprise)","power":"substation","ref:FR:RTE":"CALAI","ref:FR:RTE_nom":"CALAIS","source":"Bing","substation":"distribution","voltage":"90000","osm":"way/118073938"}},{"type":"Feature","geometry":{"type":"Point","coordinates":[1.93305,49.08153]},"properties":{"barrier":"fence","name":"Poste Électrique de Vigny","operator":"RTE","power":"substation","ref:FR:RTE":"VIGNY","ref:FR:RTE_nom":"VIGNY","source":"Bing","substation":"industrial","voltage":"63000","osm":"way/118134781"}},{"type":"Feature","geometry":{"type":"Point","coordinates":[-0.25394,49.13903]},"properties":{"barrier":"fence","operator":"private","power":"substation","ref:FR:RTE":"EMALE","ref:FR:RTE_nom":"EMALES(LES)","source":"Bing","substation":"industrial","voltage":"225000","osm":"way/118234031"}},{"type":"Feature","geometry":{"type":"Point","coordinates":[-0.29476,49.15552]},"properties":{"frequency":"50","name":"Sous-station SNCF de Frénecourt","operator":"SNCF Réseau","operator:wikidata":"Q21605526","power":"substation","ref:FR:RTE":"FREN5","ref:FR:RTE_nom":"FRENECOURT","source":"Bing","substation":"traction","voltage":"90000;25000","osm":"way/118234052"}},{"type":"Feature","geometry":{"type":"Point","coordinates":[0.65334,49.37706]},"properties":{"barrier":"wall","name":"Poste électrique d’Étreville","operator":"RTE","power":"substation","ref:FR:RTE":"ETREV","ref:FR:RTE_nom":"ETREVILLE","source":"Bing","voltage":"90000","osm":"way/118242019"}},{"type":"Feature","geometry":{"type":"Point","coordinates":[0.14819,49.47774]},"properties":{"barrier":"fence","location":"outdoor","name":"Poste électrique du Havre","operator":"RTE","operator:wikidata":"Q2178795","power":"substation","ref:FR:RTE":"HAVR5","ref:FR:RTE_nom":"HAVRE (LE) (POSTE)","source":"Bing","substation":"transmission","voltage":"400000","osm":"way/118244194"}},{"type":"Feature","geometry":{"type":"Point","coordinates":[0.99334,49.35047]},"properties":{"barrier":"wall","name":"Poste électrique de Grand-Couronne","operator":"RTE","operator:wikidata":"Q2178795","power":"substation","ref:FR:RTE":"G.COU","ref:FR:RTE_nom":"GRAND-COURONNE","source":"data.gouv.fr:RTE - 04/2017","substation":"transmission","voltage":"225000","osm":"way/119048154"}},{"type":"Feature","geometry":{"type":"Point","coordinates":[-3.15427,51.01707]},"properties":{"name":"Taunton Substation","operator":"National Grid","operator:wikidata":"Q1465461","power":"substation","substation":"transmission","voltage":"400000;132000","osm":"way/119616836"}},{"type":"Feature","geometry":{"type":"Point","coordinates":[-0.92589,48.29029]},"properties":{"barrier":"wall","fixme":"name","operator":"RTE","power":"substation","ref:FR:RTE":"ERNEE","ref:FR:RTE_nom":"ERNEE","source":"cadastre-dgi-fr source : Direction Générale des Impôts - Cadastre. Mise à jour : 2011","substation":"transmission","voltage":"90000","osm":"way/120128478"}},{"type":"Feature","geometry":{"type":"Point","coordinates":[-3.00522,48.19823]},"properties":{"barrier":"fence","name":"Poste électrique de Mûr-de-Bretagne","operator":"RTE","power":"substation","ref:FR:RTE":"MUR","ref:FR:RTE_nom":"MUR-DE-BRETAGNE","source":"data.gouv.fr:RTE - 04/2017","substation":"transmission","voltage":"225000;63000","osm":"way/122755068"}},{"type":"Feature","geometry":{"type":"Point","coordinates":[-4.68634,48.5157]},"properties":{"barrier":"fence","location":"outdoor","name":"Poste électrique Les Abers","name:br":"Post-tredan An Aberioù","operator":"Enedis","operator:wikidata":"Q3587594","power":"substation","ref:FR:RTE":"ABERS","ref:FR:RTE_nom":"ABERS (LES)","source":"data.gouv.fr:RTE - 04/2017","substation":"distribution","voltage":"63000;20000","osm":"way/124989094"}},{"type":"Feature","geometry":{"type":"Point","coordinates":[-4.53925,48.39128]},"properties":{"barrier":"fence","location":"outdoor","name":"Poste électrique de Saint-Pierre","operator":"RTE","operator:wikidata":"Q2178795","power":"substation","ref:FR:RTE":"SSPIE","ref:FR:RTE_nom":"ST-PIERRE","source":"RTE - 6 juin 2020","substation":"transmission","voltage":"63000","osm":"way/125514770"}},{"type":"Feature","geometry":{"type":"Point","coordinates":[-4.49695,48.4252]},"properties":{"barrier":"wall","location":"outdoor","name":"Poste électrique de Loscoat","name:br":"Post tredan Loskoad","name:fr":"Poste électrique de Loscoat","operator":"RTE","power":"substation","ref:FR:RTE":"LOSCO","ref:FR:RTE_nom":"LOSCO","source:name:br":"proper translation","substation":"transmission","voltage":"225000;63000;20000","osm":"way/125550372"}},{"type":"Feature","geometry":{"type":"Point","coordinates":[-4.42802,48.42318]},"properties":{"barrier":"wall","location":"outdoor","name":"Poste électrique de Coataudon","name:br":"Post tredan Koataodon","name:fr":"Poste électrique de Coataudon","operator":"RTE","operator:wikidata":"Q2178795","power":"substation","ref:FR:RTE":"COATA","ref:FR:RTE_nom":"COATAUDON","source":"data.gouv.fr:RTE - 04/2017","source:name:br":"proper translation","substation":"transmission","voltage":"63000;20000","osm":"way/125611820"}},{"type":"Feature","geometry":{"type":"Point","coordinates":[-0.37408,48.58481]},"properties":{"operator":"RTE","operator:wikidata":"Q2178795","operator:wikipedia":"fr:RTE (entreprise)","power":"substation","ref:FR:RTE":"LOISI","ref:FR:RTE_nom":"LOISIVIERE","source":"data.gouv.fr:RTE - 04/2017","voltage":"90000","osm":"way/127048969"}},{"type":"Feature","geometry":{"type":"Point","coordinates":[-0.62682,48.59376]},"properties":{"operator":"RTE","operator:wikidata":"Q2178795","power":"substation","ref:FR:RTE":"DOMFR","ref:FR:RTE_nom":"DOMFRONT","source":"data.gouv.fr:RTE - 04/2017","voltage":"90000","osm":"way/127199534"}},{"type":"Feature","geometry":{"type":"Point","coordinates":[-0.86191,48.85289]},"properties":{"name":"Poste électrique de Vire","operator":"RTE","power":"substation","ref:FR:RTE":"VIRE","ref:FR:RTE_nom":"VIRE","source":"data.gouv.fr:RTE - 04/2017","voltage":"90000","osm":"way/127916887"}},{"type":"Feature","geometry":{"type":"Point","coordinates":[-1.72627,48.22794]},"properties":{"name":"Poste électrique du Cruel","operator":"RTE","power":"substation","ref:FR:RTE":"CRUEL","ref:FR:RTE_nom":"CRUEL (LE)","source":"data.gouv.fr:RTE - 04/2017","substation":"transmission","voltage":"90000","osm":"way/128843370"}},{"type":"Feature","geometry":{"type":"Point","coordinates":[-1.82631,48.32035]},"properties":{"operator":"RTE","operator:wikidata":"Q2178795","power":"substation","ref:FR:RTE":"TINTE","ref:FR:RTE_nom":"TINTENIAC","source":"data.gouv.fr:RTE - 04/2017","voltage":"90000","osm":"way/128844102"}},{"type":"Feature","geometry":{"type":"Point","coordinates":[1.24175,47.5164]},"properties":{"name":"Les Vallées","operator":"SNCF Réseau","operator:wikidata":"Q21605526","power":"substation","ref:FR:RTE":"VALL5","ref:FR:RTE_nom":"VALLEES (LES)","ref:FR:SNCF_Reseau:GAIA":"1440a754-6668-11e3-8cff-01f464e0362d","source":"data.gouv.fr:RTE - 04/2017","substation":"traction","voltage":"90000","osm":"way/128853785"}},{"type":"Feature","geometry":{"type":"Point","coordinates":[1.44786,47.67645]},"properties":{"operator":"RTE","operator:wikidata":"Q2178795","operator:wikipedia":"fr:RTE (entreprise)","power":"substation","ref:FR:RTE":"GRIBO","ref:FR:RTE_nom":"GRIBOUZY (LES)","source":"data.gouv.fr-Ministère de l'Intérieur-03/2012","substation":"traction","voltage":"90000","osm":"way/128856540"}},{"type":"Feature","geometry":{"type":"Point","coordinates":[1.57074,47.74331]},"properties":{"barrier":"fence","operator":"RTE","operator:wikidata":"Q2178795","operator:wikipedia":"fr:RTE (entreprise)","power":"substation","ref:FR:RTE":"LESTI","ref:FR:RTE_nom":"LESTIOU","source":"data.gouv.fr:RTE - 2022-02","substation":"traction","voltage":"90000","osm":"way/128859570"}},{"type":"Feature","geometry":{"type":"Point","coordinates":[1.67764,47.81984]},"properties":{"name":"Les Courelles","operator":"SNCF Réseau","operator:wikidata":"Q21605526","power":"substation","ref:FR:RTE":"CZELL","ref:FR:RTE_nom":"COURELLES (LES)","ref:FR:SNCF_Reseau:GAIA":"1440af0e-6668-11e3-8cff-01f464e0362d","source":"data.gouv.fr:RTE - 04/2017","substation":"traction","voltage":"90000","osm":"way/128905238"}},{"type":"Feature","geometry":{"type":"Point","coordinates":[1.68052,47.82988]},"properties":{"operator":"RTE","power":"substation","ref:FR:RTE":"CHAFA","ref:FR:RTE_nom":"CHAFAUDS","source":"data.gouv.fr:RTE - 04/2017","voltage":"90000","osm":"way/128906247"}},{"type":"Feature","geometry":{"type":"Point","coordinates":[0.22798,49.49401]},"properties":{"building":"industrial","location":"indoor","operator":"RTE","operator:type":"private","power":"substation","ref:FR:RTE":"CANAL","ref:FR:RTE_nom":"CANAL","source":"cadastre-dgi-fr source : Direction Générale des Impôts - Cadastre. Mise à jour : 2011","substation":"industrial","voltage":"90000","osm":"way/129795155"}},{"type":"Feature","geometry":{"type":"Point","coordinates":[-0.10985,49.28491]},"properties":{"name":"Poste Électrique de Dives","operator":"RTE","operator:wikidata":"Q2178795","power":"substation","ref:FR:RTE":"DIVES","ref:FR:RTE_nom":"DIVES","source":"data.gouv.fr:RTE - 04/2017","voltage":"90000","osm":"way/132636958"}},{"type":"Feature","geometry":{"type":"Point","coordinates":[1.40584,49.0088]},"properties":{"name":"Poste Électrique de Marnière","operator":"RTE","power":"substation","ref:FR:RTE":"MARN5","ref:FR:RTE_nom":"MARNIERE","source":"data.gouv.fr:RTE - 04/2017","voltage":"90000","osm":"way/135199807"}},{"type":"Feature","geometry":{"type":"Point","coordinates":[1.25588,49.9093]},"properties":{"name":"Poste électrique d’Envermeu","operator":"RTE","operator:wikidata":"Q2178795","power":"substation","ref:FR:RTE":"ENVER","ref:FR:RTE_nom":"ENVERMEU","source":"cadastre-dgi-fr source : Direction Générale des Impôts - Cadastre. Mise à jour : 2011;Bing","voltage":"90000","osm":"way/135632838"}},{"type":"Feature","geometry":{"type":"Point","coordinates":[-3.67468,47.92409]},"properties":{"frequency":"50","location":"outdoor","operator":"Enedis","operator:wikidata":"Q3587594","power":"substation","ref:FR:RTE":"BANNA","ref:FR:RTE_nom":"BANNALEC","substation":"distribution","voltage":"63000;20000","osm":"way/136415197"}},{"type":"Feature","geometry":{"type":"Point","coordinates":[1.29829,47.58365]},"properties":{"barrier":"fence","name":"Blois-Nord","operator":"RTE","power":"substation","ref:FR:RTE":"BLO.N","ref:FR:RTE_nom":"BLOIS-NORD","source":"data.gouv.fr:RTE - 04/2017","voltage":"90000","osm":"way/137379788"}},{"type":"Feature","geometry":{"type":"Point","coordinates":[1.18057,49.02041]},"properties":{"name":"Poste électrique d'Évreux","operator":"RTE","power":"substation","ref:FR:RTE":"EVREU","ref:FR:RTE_nom":"EVREUX","source":"data.gouv.fr:RTE - 04/2017","voltage":"90000","osm":"way/138149876"}},{"type":"Feature","geometry":{"type":"Point","coordinates":[1.09534,49.04145]},"properties":{"name":"Poste Électrique de Cambole","note":"distribution ou transmission ?","operator":"RTE","power":"substation","ref:FR:RTE":"CAMBO","ref:FR:RTE_nom":"CAMBOLLE","source":"data.gouv.fr:RTE - 04/2017","voltage":"90000","osm":"way/138149899"}},{"type":"Feature","geometry":{"type":"Point","coordinates":[1.37206,49.12761]},"properties":{"barrier":"wall","name":"Poste électrique de Saint-Pierre-de-Bailleul","operator":"RTE","operator:wikidata":"Q2178795","power":"substation","ref:FR:RTE":"SSBAI","ref:FR:RTE_nom":"ST-PIERRE-DE-BAILLEUL","source":"data.gouv.fr:RTE - 04/2017","substation":"transmission","voltage":"225000","osm":"way/138149900"}},{"type":"Feature","geometry":{"type":"Point","coordinates":[-1.72103,48.42018]},"properties":{"name":"Poste électrique de Combourg","operator":"RTE","power":"substation","ref:FR:RTE":"COMBO","ref:FR:RTE_nom":"COMBOURG","source":"data.gouv.fr:RTE - 04/2017","substation":"transmission","voltage":"90000","osm":"way/138320661"}},{"type":"Feature","geometry":{"type":"Point","coordinates":[-4.05515,47.88709]},"properties":{"name":"Benodet","operator":"RTE","operator:wikidata":"Q2178795","operator:wikipedia":"fr:RTE (entreprise)","power":"substation","ref:FR:RTE":"BENOD","ref:FR:RTE_nom":"BENODET","source":"cadastre-dgi-fr source : Direction Générale des Impôts - Cadastre. Mise à jour : 2011","voltage":"63000","osm":"way/138552922"}},{"type":"Feature","geometry":{"type":"Point","coordinates":[-0.39417,49.27706]},"properties":{"barrier":"fence","frequency":"50","name":"Poste Électrique de Douvres","operator":"Enedis","operator:wikidata":"Q3587594","power":"substation","ref:FR:RTE":"DOUV6","ref:FR:RTE_nom":"DOUVRES","source":"data.gouv.fr:RTE - 04/2017","substation":"distribution","voltage":"90000;20000","osm":"way/141855413"}},{"type":"Feature","geometry":{"type":"Point","coordinates":[-0.52989,49.19226]},"properties":{"barrier":"fence","frequency":"50","name":"Poste électrique d’Odon","operator":"RTE","operator:wikidata":"Q2178795","power":"substation","ref:FR:RTE":"ODON","ref:FR:RTE_nom":"ODON","source":"data.gouv.fr:RTE - 04/2017","substation":"transmission","voltage":"90000;20000","osm":"way/142421516"}},{"type":"Feature","geometry":{"type":"Point","coordinates":[-2.77074,48.49085]},"properties":{"barrier":"wall","name":"Poste électrique de Trégueux","operator":"RTE","power":"substation","ref:FR:RTE":"TREGU","ref:FR:RTE_nom":"TREGUEUX","source":"Bing","substation":"transmission","voltage":"225000","osm":"way/142456148"}},{"type":"Feature","geometry":{"type":"Point","coordinates":[-2.89314,48.63302]},"properties":{"name":"Poste électrique de Plourhan","operator":"RTE","power":"substation","ref:FR:RTE":"PLOUR","ref:FR:RTE_nom":"PLOURHAN","source":"data.gouv.fr:RTE - 04/2017","voltage":"63000","osm":"way/142456179"}},{"type":"Feature","geometry":{"type":"Point","coordinates":[-0.54817,49.27273]},"properties":{"barrier":"fence","frequency":"50","name":"Poste Électrique de Creully","operator":"Enedis","operator:wikidata":"Q3587594","power":"substation","ref:FR:RTE":"CREUL","ref:FR:RTE_nom":"CREULLY","source":"data.gouv.fr:RTE - 04/2017","substation":"distribution","voltage":"90000;20000","osm":"way/142679163"}},{"type":"Feature","geometry":{"type":"Point","coordinates":[-0.69132,49.25984]},"properties":{"frequency":"50","name":"Poste Électrique de Bayeux","operator":"RTE","operator:wikidata":"Q2178795","power":"substation","ref:FR:RTE":"BAYEU","ref:FR:RTE_nom":"BAYEUX","source":"data.gouv.fr:RTE - 04/2017","substation":"distribution","voltage":"90000;20000","osm":"way/142703686"}},{"type":"Feature","geometry":{"type":"Point","coordinates":[-0.8898,49.25887]},"properties":{"barrier":"wall","frequency":"50","name":"Poste Électrique de Saonnet","operator":"RTE","operator:wikidata":"Q2178795","power":"substation","ref:FR:RTE":"SAONN","ref:FR:RTE_nom":"SAONNET","source":"data.gouv.fr:RTE - 04/2017","substation":"distribution","voltage":"90000;20000","osm":"way/142725169"}},{"type":"Feature","geometry":{"type":"Point","coordinates":[-0.63146,49.08931]},"properties":{"barrier":"fence","name":"Poste électrique de Bocage","operator":"RTE","operator:wikidata":"Q2178795","power":"substation","ref:FR:RTE":"BOCAG","ref:FR:RTE_nom":"BOCAGE","source":"data.gouv.fr:RTE - 04/2017","voltage":"90000","osm":"way/142795171"}},{"type":"Feature","geometry":{"type":"Point","coordinates":[-1.02757,49.07222]},"properties":{"barrier":"fence","frequency":"50","name":"Poste électrique de Mesnil","operator":"RTE","operator:wikidata":"Q2178795","power":"substation","ref:FR:RTE":"MESNI","ref:FR:RTE_nom":"MESNIL","source":"data.gouv.fr:RTE - 04/2017","substation":"distribution","voltage":"90000;20000","osm":"way/143132744"}},{"type":"Feature","geometry":{"type":"Point","coordinates":[0.71579,51.44477]},"properties":{"barrier":"fence","name":"Medway Substation","power":"substation","substation":"transmission","voltage":"400000","osm":"way/143783006"}},{"type":"Feature","geometry":{"type":"Point","coordinates":[0.5565,48.74284]},"properties":{"barrier":"wall","location":"outdoor","name":"Poste électrique d’Aube","operator":"RTE","operator:wikidata":"Q2178795","power":"substation","ref:FR:RTE":"AUBE","ref:FR:RTE_nom":"AUBE","source":"data.gouv.fr:RTE - 04/2017","substation":"transmission","voltage":"225000;90000","osm":"way/146360237"}},{"type":"Feature","geometry":{"type":"Point","coordinates":[-2.41712,47.90666]},"properties":{"barrier":"wall","location":"outdoor","name":"Poste électrique de Bézon","operator":"RTE","operator:wikidata":"Q2178795","power":"substation","ref:FR:RTE":"BEZON","ref:FR:RTE_nom":"BEZON","substation":"transmission","voltage":"225000;63000","osm":"way/146360239"}},{"type":"Feature","geometry":{"type":"Point","coordinates":[-0.79251,48.05138]},"properties":{"barrier":"fence","frequency":"50","name":"Poste électrique de Laval","operator":"RTE","operator:wikidata":"Q2178795","power":"substation","ref:FR:RTE":"LAVAL","ref:FR:RTE_nom":"LAVAL","source":"data.gouv.fr:RTE - 04/2017","substation":"transmission","voltage":"225000;90000","osm":"way/146360243"}},{"type":"Feature","geometry":{"type":"Point","coordinates":[-3.31184,47.82515]},"properties":{"barrier":"fence","name":"Poste électrique de Poteau-Rouge","operator":"RTE","power":"substation","ref:FR:RTE":"P.ROU","ref:FR:RTE_nom":"POTEAU-ROUGE","source":"data.gouv.fr:RTE - 04/2017","substation":"transmission","visited":"2013-03-30","voltage":"225000;63000","osm":"way/146360244"}},{"type":"Feature","geometry":{"type":"Point","coordinates":[0.37601,48.31673]},"properties":{"barrier":"wall","location":"outdoor","name":"Poste électrique de Commerveil","operator":"RTE","power":"substation","ref:FR:RTE":"COMM7","ref:FR:RTE_nom":"COMMERVEIL","source":"data.gouv.fr:RTE - 04/2017","substation":"transmission","voltage":"225000;90000","osm":"way/146449311"}},{"type":"Feature","geometry":{"type":"Point","coordinates":[-4.19327,48.44407]},"properties":{"barrier":"wall","location":"outdoor","name":"Poste électrique de La Martyre","name:br":"Post-tredan ar Merzher-Salaun","name:fr":"Poste électrique de La Martyre","operator":"RTE","operator:wikidata":"Q2178795","power":"substation","ref:FR:RTE":"MARTY","ref:FR:RTE_nom":"MARTYRE (LA)","source:name:br":"proper translation","substation":"transmission","voltage":"400000;225000","osm":"way/146695955"}},{"type":"Feature","geometry":{"type":"Point","coordinates":[-0.40808,49.21775]},"properties":{"barrier":"wall","frequency":"50","name":"Poste électrique de Saint-Contest","operator":"RTE","operator:wikidata":"Q2178795","operator:wikipedia":"fr:RTE (entreprise)","power":"substation","ref:FR:RTE":"SSCON","ref:FR:RTE_nom":"ST-CONTEST","source":"data.gouv.fr:RTE - 04/2017","substation":"distribution","voltage":"90000;20000","wikidata":"Q111142619","osm":"way/146724676"}},{"type":"Feature","geometry":{"type":"Point","coordinates":[-2.45438,48.50672]},"properties":{"barrier":"wall","location":"outdoor","name":"Poste électrique de La Doberie","operator":"RTE","power":"substation","ref":"DOBER","ref:FR:RTE":"DOBER","ref:FR:RTE_nom":"DOBERIE","source":"data.gouv.fr:RTE - 04/2017","substation":"transmission","voltage":"225000;63000","osm":"way/147174234"}},{"type":"Feature","geometry":{"type":"Point","coordinates":[-3.40289,48.72423]},"properties":{"barrier":"fence","name":"Poste électrique de Rospez","operator":"RTE","power":"substation","ref:FR:RTE":"ROSPE","ref:FR:RTE_nom":"ROSPEZ","source":"data.gouv.fr:RTE - 04/2017","substation":"transmission","voltage":"225000","osm":"way/147174244"}},{"type":"Feature","geometry":{"type":"Point","coordinates":[0.81592,49.03307]},"properties":{"barrier":"fence","frequency":"50","location":"outdoor","name":"Sous-station SNCF de Barquet","operator":"SNCF Réseau","operator:wikidata":"Q21605526","power":"substation","ref:FR:RTE":"BARQU","ref:FR:RTE_nom":"BARQUET","substation":"traction","voltage":"225000;25000","osm":"way/147187631"}},{"type":"Feature","geometry":{"type":"Point","coordinates":[0.88271,49.28148]},"properties":{"barrier":"fence","location":"outdoor","name":"Poste électrique de Boscherville","operator":"Enedis","operator:wikidata":"Q3587594","power":"substation","ref:FR:RTE":"BOSCH","ref:FR:RTE_nom":"BOSCHERVILLE","substation":"distribution","voltage":"225000","osm":"way/147187633"}},{"type":"Feature","geometry":{"type":"Point","coordinates":[-1.7537,48.12833]},"properties":{"barrier":"fence","frequency":"50","name":"Poste électrique de Belle-Épine","name:br":"Post tredan ar Spernenn Gaer","name:fr":"Poste électrique de Belle-Épine","operator":"RTE","operator:wikidata":"Q2178795","power":"substation","ref:FR:RTE":"B.EPI","ref:FR:RTE_nom":"BELLE-EPINE","source":"data.gouv.fr:RTE - 04/2017","substation":"transmission","voltage":"225000;90000","osm":"way/147394006"}},{"type":"Feature","geometry":{"type":"Point","coordinates":[-4.23664,48.46057]},"properties":{"barrier":"wall","location":"outdoor","name":"Poste électrique de Landerneau","name:br":"Post-tredan Landerne","name:fr":"Poste électrique de Landerneau","operator":"RTE","operator:wikidata":"Q2178795","power":"substation","ref:FR:RTE":"LANDE","ref:FR:RTE_nom":"LANDERNEAU","ref:RTE:codnat":"LANDE","source:name:br":"proper translation","source:start_date":"patrimoine.landerneau.bzh","start_date":"1923","substation":"transmission","voltage":"250000;63000;20000","osm":"way/147394009"}},{"type":"Feature","geometry":{"type":"Point","coordinates":[-3.87197,48.52655]},"properties":{"barrier":"wall","location":"outdoor","name":"Poste électrique de Pleyber-Christ","operator":"RTE","power":"substation","ref:FR:RTE":"P.CHR","ref:FR:RTE_nom":"PLEYBER-CHRIST","substation":"transmission","voltage":"225000;63000","osm":"way/147394013"}},{"type":"Feature","geometry":{"type":"Point","coordinates":[1.04017,49.3164]},"properties":{"barrier":"wall","location":"outdoor","name":"Poste électrique de Cléon","operator":"RTE","power":"substation","ref:FR:RTE":"CLEON","ref:FR:RTE_nom":"CLEON","source":"data.gouv.fr:RTE - 04/2017","substation":"transmission","voltage":"225000","osm":"way/147580956"}},{"type":"Feature","geometry":{"type":"Point","coordinates":[1.63971,50.69671]},"properties":{"name":"Poste électrique d’Echinghen","operator":"RTE","operator:wikidata":"Q2178795","power":"substation","ref:FR:RTE":"ECHIN","ref:FR:RTE_nom":"ECHINGHEN","source":"data.gouv.fr:RTE - 04/2017","substation":"transmission","voltage":"225000","osm":"way/147580965"}},{"type":"Feature","geometry":{"type":"Point","coordinates":[0.72872,47.91786]},"properties":{"barrier":"fence","name":"Poste électrique de Saint-Calais","operator":"RTE","power":"substation","ref:FR:RTE":"SSCAL","ref:FR:RTE_nom":"ST-CALAIS","source":"data.gouv.fr:RTE - 04/2017","substation":"transmission","voltage":"225000;90000","osm":"way/147580990"}},{"type":"Feature","geometry":{"type":"Point","coordinates":[1.72174,50.45566]},"properties":{"barrier":"fence","location":"outdoor","name":"Poste source de Sorrus","operator":"RTE","operator:wikidata":"Q2178795","power":"substation","ref:FR:RTE":"SORRU","ref:FR:RTE_nom":"SORRUS","source":"data.gouv.fr:RTE - 04/2017","substation":"transmission","voltage":"225000;90000","osm":"way/147580996"}},{"type":"Feature","geometry":{"type":"Point","coordinates":[0.82242,49.45966]},"properties":{"barrier":"wall","name":"Poste électrique de Yainville","operator":"RTE","operator:wikidata":"Q2178795","power":"substation","ref:FR:RTE":"YAINV","ref:FR:RTE_nom":"YAINVILLE","substation":"transmission","voltage":"225000;90000","osm":"way/147581003"}},{"type":"Feature","geometry":{"type":"Point","coordinates":[-0.04368,48.75828]},"properties":{"barrier":"fence","location":"outdoor","name":"Poste électrique de Thiot","operator":"RTE","power":"substation","ref:FR:RTE":"THIOT","ref:FR:RTE_nom":"THIOT","source":"data.gouv.fr:RTE - 04/2017","substation":"transmission","voltage":"225000;20000","osm":"way/147581004"}},{"type":"Feature","geometry":{"type":"Point","coordinates":[1.52481,50.00672]},"properties":{"barrier":"wall","name":"Poste électrique de Beauchamps","operator":"RTE","operator:wikidata":"Q2178795","operator:wikipedia":"fr:RTE (entreprise)","power":"substation","ref:FR:RTE":"BXCH5","ref:FR:RTE_nom":"BEAUCHAMPS","source":"data.gouv.fr:RTE - 04/2017","substation":"transmission","voltage":"225000;90000","osm":"way/148059532"}},{"type":"Feature","geometry":{"type":"Point","coordinates":[1.82756,49.28516]},"properties":{"barrier":"wall","location":"outdoor","name":"Poste électrique de Trie-Château","operator":"RTE","power":"substation","ref:FR:RTE":"T.CH5","ref:FR:RTE_nom":"TRIE-CHATEAU","source":"data.gouv.fr:RTE - 04/2017","substation":"transmission","voltage":"63000;20000","osm":"way/148329264"}},{"type":"Feature","geometry":{"type":"Point","coordinates":[-0.0753,49.06118]},"properties":{"name":"Poste Électrique de Percy","operator":"RTE","operator:wikidata":"Q2178795","power":"substation","ref:FR:RTE":"PERCY","ref:FR:RTE_nom":"PERCY","source":"data.gouv.fr:RTE - 04/2017","voltage":"90000","osm":"way/148668055"}},{"type":"Feature","geometry":{"type":"Point","coordinates":[1.43845,48.89072]},"properties":{"barrier":"fence","operator":"RTE","operator:wikidata":"Q2178795","operator:wikipedia":"fr:RTE (entreprise)","power":"substation","ref:FR:RTE":"MALMA","ref:FR:RTE_nom":"MALMAISON","source":"Bing;cadastre-dgi-fr source : Direction Générale des Impôts - Cadastre. Mise à jour : 2012","voltage":"90000","osm":"way/148696112"}},{"type":"Feature","geometry":{"type":"Point","coordinates":[1.25277,48.91026]},"properties":{"name":"Poste Électrique de Saint-André-de-l'Eure","operator":"RTE","power":"substation","ref:FR:RTE":"SSEUR","ref:FR:RTE_nom":"ST-ANDRE-DE-L EURE","source":"data.gouv.fr:RTE - 04/2017","voltage":"90000","osm":"way/149372497"}},{"type":"Feature","geometry":{"type":"Point","coordinates":[0.4128,48.18482]},"properties":{"name":"Poste Électrique de Bonnétable","operator":"RTE","power":"substation","ref:FR:RTE":"BONN9","ref:FR:RTE_nom":"BONNETABLE","source":"data.gouv.fr:RTE - 04/2017","voltage":"90000","osm":"way/150456555"}},{"type":"Feature","geometry":{"type":"Point","coordinates":[1.30813,47.9035]},"properties":{"barrier":"fence","operator":"Enedis","power":"substation","ref:FR:RTE":"MOISY","ref:FR:RTE_nom":"MOISY","source":"data.gouv.fr:RTE - 04/2017","substation":"distribution","voltage":"90000","osm":"way/151410008"}},{"type":"Feature","geometry":{"type":"Point","coordinates":[1.6394,48.00863]},"properties":{"operator":"RTE","operator:wikidata":"Q2178795","operator:wikipedia":"fr:RTE (entreprise)","power":"substation","ref:FR:RTE":"TOUR9","ref:FR:RTE_nom":"TOURNOISIS","source":"data.gouv.fr:RTE - 04/2017","voltage":"90000","osm":"way/151948074"}},{"type":"Feature","geometry":{"type":"Point","coordinates":[1.3841,48.70955]},"properties":{"barrier":"fence","name":"Poste électrique des Arpents","operator":"RTE","operator:wikidata":"Q2178795","power":"substation","ref:FR:RTE":"ARPEN","ref:FR:RTE_nom":"ARPENTS (LES)","source":"bing","substation":"transmission","voltage":"225000","osm":"way/153495180"}},{"type":"Feature","geometry":{"type":"Point","coordinates":[1.93515,47.8329]},"properties":{"operator":"RTE","operator:wikidata":"Q2178795","power":"substation","ref:FR:RTE":"CARME","ref:FR:RTE_nom":"CARMES (LES)","source":"cadastre-dgi-fr source : Direction Générale des Impôts - Cadastre. Mise à jour : 2012","voltage":"90000","osm":"way/153704899"}},{"type":"Feature","geometry":{"type":"Point","coordinates":[0.35725,48.34604]},"properties":{"name":"Poste électrique de Mamers","operator":"RTE","power":"substation","ref:FR:RTE":"MAMER","ref:FR:RTE_nom":"MAMERS","source":"data.gouv.fr:RTE - 04/2017","voltage":"90000","osm":"way/153853477"}},{"type":"Feature","geometry":{"type":"Point","coordinates":[-4.3096,48.07463]},"properties":{"barrier":"wall","name":"Poste électrique de Douarnenez","name:br":"Post-tredan Douarnenez","name:fr":"Poste électrique de Douarnenez","operator":"RTE","power":"substation","ref:FR:RTE":"DOUAR","ref:FR:RTE_nom":"DOUARNENEZ","source":"data.gouv.fr:RTE - 04/2017","source:name:br":"proper translation","substation":"transmission","voltage":"63000","osm":"way/154633179"}},{"type":"Feature","geometry":{"type":"Point","coordinates":[-0.97482,48.66336]},"properties":{"name":"Poste électrique de Mortain","operator":"RTE","operator:wikidata":"Q2178795","operator:wikipedia":"fr:RTE (entreprise)","power":"substation","ref:FR:RTE":"MORTA","ref:FR:RTE_nom":"MORTAIN","source":"data.gouv.fr:RTE - 04/2017","substation":"transmission","voltage":"90000","osm":"way/155554275"}},{"type":"Feature","geometry":{"type":"Point","coordinates":[-0.82368,49.08948]},"properties":{"name":"Poste électrique de Caumont","operator":"RTE","power":"substation","ref:FR:RTE":"CAUMO","ref:FR:RTE_nom":"CAUMONT","source":"data.gouv.fr:RTE - 04/2017","voltage":"90000","osm":"way/160203149"}},{"type":"Feature","geometry":{"type":"Point","coordinates":[1.0166,49.41985]},"properties":{"barrier":"fence","name":"Poste électrique de Dieppedalle","operator":"RTE","operator:wikidata":"Q2178795","power":"substation","ref:FR:RTE":"DIEP5","ref:FR:RTE_nom":"DIEPPEDALLE","source":"data.gouv.fr:RTE - 04/2017","voltage":"90000","osm":"way/163810330"}},{"type":"Feature","geometry":{"type":"Point","coordinates":[1.88956,47.96232]},"properties":{"barrier":"wall","location":"outdoor","name":"Sous-station RFF de Saran","operator":"SNCF Réseau","operator:wikidata":"Q21605526","operator:wikipedia":"fr:Société nationale des chemins de fer français","owner":"SNCF Réseau","power":"substation","railway:position":"114.6","ref:FR:RTE":"SARAN","ref:FR:RTE_nom":"SARAN","substation":"traction","voltage":"90000;1500","osm":"way/164026268"}},{"type":"Feature","geometry":{"type":"Point","coordinates":[0.47231,48.05132]},"properties":{"barrier":"fence","distance":"179.644","location":"outdoor","name":"Poste Électrique SNCF du Parc","operator":"SNCF Réseau","owner":"SNCF Réseau","power":"substation","ref:FR:RTE":"PARC","ref:FR:RTE_nom":"LE PARC","source":"data.gouv.fr:RTE - 04/2017","substation":"traction","voltage":"225000;25000","osm":"way/165517186"}},{"type":"Feature","geometry":{"type":"Point","coordinates":[1.21766,49.31738]},"properties":{"barrier":"wall","name":"Poste électrique du Manoir","operator":"RTE","operator:wikidata":"Q2178795","power":"substation","ref:FR:RTE":"MANOI","ref:FR:RTE_nom":"MANOIR (LE)","source":"data.gouv.fr:RTE - 04/2017","substation":"transmission","voltage":"225000","osm":"way/166057222"}},{"type":"Feature","geometry":{"type":"Point","coordinates":[1.32896,47.6489]},"properties":{"barrier":"fence","location":"outdoor","name":"Poste électrique de Villerbon","operator":"RTE","operator:wikidata":"Q2178795","power":"substation","ref:FR:RTE":"VLERB","ref:FR:RTE_nom":"VILLERBON","substation":"transmission","voltage":"400000;90000","osm":"way/166073883"}},{"type":"Feature","geometry":{"type":"Point","coordinates":[-0.51922,47.50348]},"properties":{"operator":"SNCF Réseau","operator:wikidata":"Q21605526","power":"substation","ref:FR:RTE":"ECOUF","ref:FR:RTE_nom":"ECOUFLANT","source":"data.gouv.fr:RTE - 04/2017","substation":"traction","voltage":"90000","osm":"way/166256846"}},{"type":"Feature","geometry":{"type":"Point","coordinates":[-0.96664,47.84448]},"properties":{"operator":"RTE","power":"substation","ref:FR:RTE":"CRAON","ref:FR:RTE_nom":"CRAON","source":"data.gouv.fr:RTE - 04/2017","voltage":"90000","osm":"way/166256847"}},{"type":"Feature","geometry":{"type":"Point","coordinates":[-1.15471,48.03982]},"properties":{"barrier":"fence","name":"Poste électrique d’Argentré-du-Plessis","operator":"RTE","power":"substation","ref:FR:RTE":"A.PLE","ref:FR:RTE_nom":"ARGENTRE-DU-PLESSIS","source":"data.gouv.fr:RTE - 04/2017","voltage":"90000","osm":"way/166284927"}},{"type":"Feature","geometry":{"type":"Point","coordinates":[-1.02367,48.11378]},"properties":{"barrier":"fence","location":"outdoor","name":"Sous-station RFF de Saint-Pierre-la-Cour","operator":"SNCF Réseau","operator:wikidata":"Q21605526","owner":"SNCF Réseau","power":"substation","ref:FR:RTE":"SSCOU","ref:FR:RTE_nom":"ST-PIERRE-LA-COUR","source":"data.gouv.fr:RTE - 04/2017","substation":"traction","voltage":"90000;25000","osm":"way/166345247"}},{"type":"Feature","geometry":{"type":"Point","coordinates":[-0.61862,48.28938]},"properties":{"barrier":"wall","fixme":"name","operator":"RTE","operator:wikidata":"Q2178795","power":"substation","ref:FR:RTE":"MAYEN","ref:FR:RTE_nom":"MAYENNE","source":"data.gouv.fr:RTE - 04/2017","substation":"transmission","voltage":"90000","osm":"way/166392518"}},{"type":"Feature","geometry":{"type":"Point","coordinates":[0.53348,49.49362]},"properties":{"operator":"RTE","operator:wikidata":"Q2178795","power":"substation","ref:FR:RTE":"EPN","ref:FR:RTE_nom":"EPN (STE FRANCAISE HOECHST)","source":"data.gouv.fr:RTE - 04/2017","voltage":"90000","osm":"way/166475469"}},{"type":"Feature","geometry":{"type":"Point","coordinates":[-2.56292,47.9571]},"properties":{"barrier":"fence","fence_type":"metal","operator":"RTE","power":"substation","ref:FR:RTE":"JOSSE","ref:FR:RTE_nom":"JOSSELIN","source":"cadastre-dgi-fr source : Direction Générale des Impôts - Cadastre. Mise à jour : 2012","voltage":"63000","osm":"way/166475470"}},{"type":"Feature","geometry":{"type":"Point","coordinates":[-2.584,47.8333]},"properties":{"barrier":"fence","operator":"RTE","power":"substation","ref:FR:RTE":"RABIN","ref:FR:RTE_nom":"RABINE (LA)","source":"data.gouv.fr:RTE - 04/2017","substation":"transmission","voltage":"63000;20000","osm":"way/166475471"}},{"type":"Feature","geometry":{"type":"Point","coordinates":[1.18984,49.31322]},"properties":{"name":"Poste électrique d’Alizay","operator":"RTE","operator:wikidata":"Q2178795","power":"substation","ref:FR:RTE":"ALIZA","ref:FR:RTE_nom":"ALIZAY","source":"data.gouv.fr:RTE - 04/2017","voltage":"90000","osm":"way/166487707"}},{"type":"Feature","geometry":{"type":"Point","coordinates":[0.83302,49.38004]},"properties":{"name":"Poste Électrique de Ganterie","operator":"RTE","operator:wikidata":"Q2178795","operator:wikipedia":"fr:RTE (entreprise)","power":"substation","ref:FR:RTE":"GANTE","ref:FR:RTE_nom":"GANTERIE","source":"data.gouv.fr:RTE - 04/2017","voltage":"90000","osm":"way/166487708"}},{"type":"Feature","geometry":{"type":"Point","coordinates":[1.19312,49.31454]},"properties":{"barrier":"fence","location":"outdoor","name":"Sous-station de Pont-de-l’Arche","operator":"SNCF Réseau","owner":"SNCF Réseau","power":"substation","railway:position":"116.451","ref:FR:RTE":"P.ARC","ref:FR:RTE_nom":"PONT-DE-L ARCHE","substation":"traction","voltage":"90000;25000","osm":"way/166487713"}},{"type":"Feature","geometry":{"type":"Point","coordinates":[1.21149,49.2]},"properties":{"name":"Poste Électrique de Foulonnière","operator":"RTE","power":"substation","ref:FR:RTE":"FOUL5","ref:FR:RTE_nom":"FOULONNIERE","source":"data.gouv.fr:RTE - 04/2017","voltage":"90000","osm":"way/166487717"}},{"type":"Feature","geometry":{"type":"Point","coordinates":[1.03298,49.52447]},"properties":{"barrier":"fence","location":"outdoor","name":"Sous-station de Malaunay","operator":"SNCF Réseau","operator:wikidata":"Q21605526","owner":"SNCF Réseau","power":"substation","railway:position":"150.195","ref:FR:RTE":"MALAU","ref:FR:RTE_nom":"MALAUNAY","substation":"traction","voltage":"90000;25000","osm":"way/166509939"}},{"type":"Feature","geometry":{"type":"Point","coordinates":[1.04606,49.46747]},"properties":{"barrier":"fence","name":"Poste électrique de Cailly","operator":"RTE","operator:wikidata":"Q2178795","power":"substation","ref:FR:RTE":"CAILL","ref:FR:RTE_nom":"CAILLY","source":"data.gouv.fr:RTE - 04/2017","voltage":"90000","osm":"way/166541968"}},{"type":"Feature","geometry":{"type":"Point","coordinates":[0.48392,49.49367]},"properties":{"barrier":"fence","name":"Poste électrique de Saint-Jean-de-Folleville","operator":"RTE","operator:wikidata":"Q2178795","power":"substation","ref:FR:RTE":"SSFOL","ref:FR:RTE_nom":"ST-JEAN-DE-FOLLEVILLE","source":"data.gouv.fr:RTE - 04/2017","substation":"transmission","voltage":"90000","osm":"way/166564485"}},{"type":"Feature","geometry":{"type":"Point","coordinates":[1.13274,49.46708]},"properties":{"name":"Poste électrique de Bois-Guillaume","operator":"RTE","operator:wikidata":"Q2178795","operator:wikipedia":"fr:RTE (entreprise)","power":"substation","ref:FR:RTE":"B.GUI","ref:FR:RTE_nom":"BOIS-GUILLAUME","source":"data.gouv.fr:RTE - 04/2017","substation":"distribution","voltage":"90000;20000","osm":"way/166594692"}},{"type":"Feature","geometry":{"type":"Point","coordinates":[1.25761,49.49985]},"properties":{"landuse":"industrial","name":"Poste électrique de Cazerie","operator":"RTE","operator:wikidata":"Q2178795","power":"substation","ref:FR:RTE":"CAZE5","ref:FR:RTE_nom":"CAZERIE","source":"data.gouv.fr:RTE - 04/2017","substation":"distribution","voltage":"90000","osm":"way/166594693"}},{"type":"Feature","geometry":{"type":"Point","coordinates":[0.74003,49.61386]},"properties":{"name":"Poste électrique d'Yvetot","operator":"RTE","operator:wikidata":"Q2178795","operator:wikipedia":"fr:RTE (entreprise)","power":"substation","ref:FR:RTE":"YVETO","ref:FR:RTE_nom":"YVETOT","source":"data.gouv.fr:RTE - 2022-02","voltage":"90000","osm":"way/166594705"}},{"type":"Feature","geometry":{"type":"Point","coordinates":[1.04735,49.53501]},"properties":{"name":"Poste électrique de Bourgay","operator":"RTE","power":"substation","ref:FR:RTE":"BZGAY","ref:FR:RTE_nom":"BOURGAY","source":"data.gouv.fr:RTE - 04/2017","voltage":"90000","osm":"way/166606625"}},{"type":"Feature","geometry":{"type":"Point","coordinates":[1.02128,49.3827]},"properties":{"barrier":"wall","name":"Poste électrique de Corneille","operator":"Enedis","power":"substation","ref:FR:RTE":"CORNE","ref:FR:RTE_nom":"CORNEILLE","source":"data.gouv.fr:RTE - 04/2017","substation":"distribution","voltage":"90000","osm":"way/166619010"}},{"type":"Feature","geometry":{"type":"Point","coordinates":[-0.64481,47.55003]},"properties":{"barrier":"fence","operator":"Enedis","operator:wikidata":"Q3587594","power":"substation","ref:FR:RTE":"P.MAC","ref:FR:RTE_nom":"PLESSIS-MACE","source":"data.gouv.fr:RTE - 04/2017","substation":"distribution","voltage":"90000;20000","osm":"way/166620444"}},{"type":"Feature","geometry":{"type":"Point","coordinates":[-0.88235,47.95865]},"properties":{"operator":"RTE","power":"substation","ref:FR:RTE":"ASTIL","ref:FR:RTE_nom":"ASTILLE","source":"data.gouv.fr:RTE - 04/2017","voltage":"90000","osm":"way/166620445"}},{"type":"Feature","geometry":{"type":"Point","coordinates":[1.10823,49.37051]},"properties":{"barrier":"wall","name":"Poste électrique de Cotoni","operator":"RTE","operator:wikidata":"Q2178795","power":"substation","ref:FR:RTE":"COTON","ref:FR:RTE_nom":"COTONI","source":"data.gouv.fr:RTE - 04/2017","substation":"transmission","voltage":"90000","osm":"way/166621362"}},{"type":"Feature","geometry":{"type":"Point","coordinates":[0.5844,49.5302]},"properties":{"name":"Poste source d’Auberville","operator":"Enedis","operator:wikidata":"Q3587594","power":"substation","ref":"AUBER","ref:FR:RTE":"AUBER","ref:FR:RTE_nom":"AUBERVILLE","source":"data.gouv.fr:RTE - 04/2017","substation":"distribution","voltage":"90000","osm":"way/166653279"}},{"type":"Feature","geometry":{"type":"Point","coordinates":[-1.02412,48.12715]},"properties":{"operator":"RTE","operator:wikidata":"Q2178795","power":"substation","ref:FR:RTE":"CROQU","ref:FR:RTE_nom":"CROQUELOUP","source":"data.gouv.fr:RTE - 04/2017","voltage":"90000","osm":"way/166685345"}},{"type":"Feature","geometry":{"type":"Point","coordinates":[1.35057,49.16995]},"properties":{"name":"Poste électrique de Gaillon","operator":"RTE","operator:wikidata":"Q2178795","power":"substation","ref:FR:RTE":"GAIL6","ref:FR:RTE_nom":"GAILLON","source":"data.gouv.fr:RTE - 04/2017","voltage":"90000","osm":"way/166699083"}},{"type":"Feature","geometry":{"type":"Point","coordinates":[1.4103,49.10591]},"properties":{"barrier":"fence","name":"Poste Électrique de la Chapelle-Réanville","operator":"RTE","power":"substation","ref:FR:RTE":"C.REA","ref:FR:RTE_nom":"CHAPELLE-REANVILLE (LA)","source":"data.gouv.fr:RTE - 04/2017","voltage":"90000","osm":"way/166699084"}},{"type":"Feature","geometry":{"type":"Point","coordinates":[1.41215,49.24485]},"properties":{"barrier":"wall","name":"Poste Électrique des Andelys","operator":"RTE","power":"substation","ref:FR:RTE":"ANDE5","ref:FR:RTE_nom":"ANDELYS (LES)","source":"data.gouv.fr:RTE - 04/2017","substation":"distribution","voltage":"90000","osm":"way/166699085"}},{"type":"Feature","geometry":{"type":"Point","coordinates":[1.3731,49.38043]},"properties":{"name":"Poste Électrique du Cerf","operator":"RTE","operator:wikidata":"Q2178795","power":"substation","ref:FR:RTE":"LECER","ref:FR:RTE_nom":"LECERF","source":"data.gouv.fr:RTE - 04/2017","substation":"distribution","voltage":"90000","osm":"way/166699087"}},{"type":"Feature","geometry":{"type":"Point","coordinates":[1.46644,49.10317]},"properties":{"name":"Poste électrique du Marais","operator":"RTE","operator:wikidata":"Q2178795","power":"substation","ref:FR:RTE":"MARAI","ref:FR:RTE_nom":"MARAIS (LE)","source":"data.gouv.fr:RTE - 04/2017","voltage":"90000","osm":"way/166699088"}},{"type":"Feature","geometry":{"type":"Point","coordinates":[1.1176,49.36476]},"properties":{"barrier":"fence","name":"Poste Électrique de la Chapelle Darblay 225 kV","operator":"RTE","operator:wikidata":"Q2178795","power":"substation","ref:FR:RTE":"CHAPE","ref:FR:RTE_nom":"CHAPELLE (LA)","source":"data.gouv.fr:RTE - 04/2017","substation":"generation","voltage":"225000","osm":"way/166699100"}},{"type":"Feature","geometry":{"type":"Point","coordinates":[1.06395,49.75964]},"properties":{"barrier":"fence","name":"Station Électrique de Gonneville","operator":"RTE","operator:wikidata":"Q2178795","power":"substation","ref:FR:RTE":"GONNE","ref:FR:RTE_nom":"GONNEVILLE","source":"data.gouv.fr:RTE - 04/2017","voltage":"90000","osm":"way/166710128"}},{"type":"Feature","geometry":{"type":"Point","coordinates":[0.95878,49.83796]},"properties":{"barrier":"wall","name":"Poste Électrique de Buquet","operator":"RTE","operator:wikidata":"Q2178795","power":"substation","ref:FR:RTE":"BUQUE","ref:FR:RTE_nom":"BUQUET","source":"data.gouv.fr:RTE - 04/2017","substation":"transmission","voltage":"90000","osm":"way/166710130"}},{"type":"Feature","geometry":{"type":"Point","coordinates":[1.1004,49.9144]},"properties":{"name":"Poste électrique de Dieppe","operator":"RTE","operator:wikidata":"Q2178795","operator:wikipedia":"fr:RTE (entreprise)","power":"substation","ref:FR:RTE":"DIEPP","ref:FR:RTE_nom":"DIEPPE","source":"data.gouv.fr:RTE - 04/2017","voltage":"90000","osm":"way/166710132"}},{"type":"Feature","geometry":{"type":"Point","coordinates":[0.59496,49.11057]},"properties":{"name":"Poste Électrique de Logerie","operator":"RTE","power":"substation","ref:FR:RTE":"LOGER","ref:FR:RTE_nom":"LOGERIE","source":"data.gouv.fr:RTE - 04/2017","substation":"distribution","voltage":"90000","osm":"way/166897342"}},{"type":"Feature","geometry":{"type":"Point","coordinates":[0.38339,49.3495]},"properties":{"name":"Poste électrique de Louvet","operator":"RTE","operator:wikidata":"Q2178795","operator:wikipedia":"fr:RTE (entreprise)","power":"substation","ref:FR:RTE":"LOUV5","ref:FR:RTE_nom":"LOUVET","source":"data.gouv.fr:RTE - 04/2017","voltage":"90000","osm":"way/166897343"}},{"type":"Feature","geometry":{"type":"Point","coordinates":[0.72159,49.12656]},"properties":{"name":"Poste Électrique de Serquigny","operator":"RTE","power":"substation","ref:FR:RTE":"SERQU","ref:FR:RTE_nom":"SERQUIGNY","substation":"transmission","voltage":"90000","osm":"way/166897344"}},{"type":"Feature","geometry":{"type":"Point","coordinates":[0.21552,49.21621]},"properties":{"name":"Poste électrique de Vallée","operator":"RTE","power":"substation","ref:FR:RTE":"VALLE","ref:FR:RTE_nom":"VALLEE (LA)","source":"data.gouv.fr:RTE - 04/2017","voltage":"90000","osm":"way/166897345"}},{"type":"Feature","geometry":{"type":"Point","coordinates":[0.25635,49.41394]},"properties":{"name":"Poste électrique des Varets","operator":"RTE","power":"substation","ref:FR:RTE":"VARET","ref:FR:RTE_nom":"VARETS","source":"data.gouv.fr:RTE - 04/2017","voltage":"90000","osm":"way/166897346"}},{"type":"Feature","geometry":{"type":"Point","coordinates":[0.22331,49.21917]},"properties":{"barrier":"fence","frequency":"50","name":"Sous-station SNCF du Croissant","operator":"SNCF Réseau","operator:wikidata":"Q21605526","power":"substation","ref:FR:RTE":"CROIS","ref:FR:RTE_nom":"CROISSANT (LE)","ref:FR:SNCF_Reseau:GAIA":"14414346-6668-11e3-8cff-01f464e0362d","source":"data.gouv.fr:RTE - 04/2017","substation":"traction","voltage":"90000;25000","osm":"way/166897347"}},{"type":"Feature","geometry":{"type":"Point","coordinates":[0.8947,49.14619]},"properties":{"name":"Poste Électrique du Neubourg","operator":"RTE","operator:wikidata":"Q2178795","power":"substation","ref:FR:RTE":"NEUBO","ref:FR:RTE_nom":"NEUBOURG","source":"data.gouv.fr:RTE - 04/2017","substation":"distribution","voltage":"90000","osm":"way/166897348"}},{"type":"Feature","geometry":{"type":"Point","coordinates":[0.72908,49.11399]},"properties":{"name":"Poste Électrique du Grand Hameau","operator":"Arkema","operator:wikidata":"Q673327","power":"substation","ref:FR:RTE":"G.HAM","ref:FR:RTE_nom":"GRAND HAMEAU (LE)","substation":"industrial","voltage":"90000","osm":"way/166897361"}},{"type":"Feature","geometry":{"type":"Point","coordinates":[1.11144,49.36542]},"properties":{"barrier":"fence","name":"Poste électrique de la Chapelle Darblay","power":"substation","ref:FR:RTE":"CHAPE","ref:FR:RTE_nom":"CHAPELLE (LA)","source":"data.gouv.fr:RTE - 04/2017","substation":"industrial","voltage":"90000","osm":"way/166918356"}},{"type":"Feature","geometry":{"type":"Point","coordinates":[0.19019,48.59677]},"properties":{"name":"Poste Électrique de Sées","operator":"RTE","operator:wikidata":"Q2178795","power":"substation","ref:FR:RTE":"SEES","ref:FR:RTE_nom":"SEES","source":"data.gouv.fr:RTE - 04/2017","voltage":"90000","osm":"way/166955441"}},{"type":"Feature","geometry":{"type":"Point","coordinates":[0.7717,49.70744]},"properties":{"barrier":"fence","fence_type":"chain_link","name":"Poste Électrique d'Harcanville","operator":"RTE","operator:wikidata":"Q2178795","power":"substation","ref:FR:RTE":"HARCA","ref:FR:RTE_nom":"HARCANVILLE","source":"data.gouv.fr:RTE - 04/2017","voltage":"90000","osm":"way/167015517"}},{"type":"Feature","geometry":{"type":"Point","coordinates":[0.32916,49.64264]},"properties":{"barrier":"fence","name":"Poste électrique d'Écrainville","operator":"RTE","operator:wikidata":"Q2178795","power":"substation","ref:FR:RTE":"ECRAI","ref:FR:RTE_nom":"ECRAINVILLE","source":"data.gouv.fr:RTE - 04/2017","voltage":"90000","osm":"way/167015518"}},{"type":"Feature","geometry":{"type":"Point","coordinates":[0.4567,49.55514]},"properties":{"name":"Poste électrique de Criquet","operator":"RTE","power":"substation","ref:FR:RTE":"CRIQU","ref:FR:RTE_nom":"CRIQUET","source":"data.gouv.fr:RTE - 04/2017","voltage":"90000","osm":"way/167015519"}},{"type":"Feature","geometry":{"type":"Point","coordinates":[0.39827,49.75422]},"properties":{"barrier":"wall","name":"Poste électrique de Fécamp","operator":"RTE","operator:wikidata":"Q2178795","power":"substation","ref:FR:RTE":"FECAM","ref:FR:RTE_nom":"FECAMP","source":"data.gouv.fr:RTE - 04/2017","substation":"transmission","voltage":"90000","osm":"way/167015520"}},{"type":"Feature","geometry":{"type":"Point","coordinates":[1.39561,50.05985]},"properties":{"name":"Station électrique du Tréport","operator":"RTE","operator:wikidata":"Q2178795","power":"substation","ref:FR:RTE":"TREPO","ref:FR:RTE_nom":"TREPORT (LE)","source":"data.gouv.fr:RTE - 04/2017","voltage":"90000","osm":"way/167015524"}},{"type":"Feature","geometry":{"type":"Point","coordinates":[0.55533,49.46518]},"properties":{"name":"Poste électrique de Notre-Dame-de-Gravenchon","operator":"RTE","operator:wikidata":"Q2178795","power":"substation","ref:FR:RTE":"N.GRA","ref:FR:RTE_nom":"N.D.DE-GRAVENCHON","source":"data.gouv.fr:RTE - 04/2017","substation":"industrial","voltage":"90000","osm":"way/167015544"}},{"type":"Feature","geometry":{"type":"Point","coordinates":[0.31056,49.47472]},"properties":{"barrier":"fence","operator":"RTE","operator:type":"private","power":"substation","ref:FR:RTE":"MORTE","ref:FR:RTE_nom":"MORTEMER","source":"data.gouv.fr:RTE - 2022-07","substation":"industrial","voltage":"90000","osm":"way/167015551"}},{"type":"Feature","geometry":{"type":"Point","coordinates":[1.9349,49.66481]},"properties":{"name":"Poste Électrique d'Alleux","operator":"RTE","power":"substation","ref:FR:RTE":"ALLEU","ref:FR:RTE_nom":"ALLEUX","source":"data.gouv.fr:RTE - 04/2017","voltage":"90000","osm":"way/167268704"}},{"type":"Feature","geometry":{"type":"Point","coordinates":[1.78338,49.77201]},"properties":{"location":"outdoor","name":"Poste électrique de Blocaux","operator":"RTE","operator:wikidata":"Q2178795","power":"substation","ref:FR:RTE":"BLOCA","ref:FR:RTE_nom":"BLOCAUX","source":"data.gouv.fr:RTE - 04/2017","substation":"transmission","voltage":"225000;90000","osm":"way/167268705"}},{"type":"Feature","geometry":{"type":"Point","coordinates":[1.67788,49.90551]},"properties":{"name":"Poste Électrique de Bourdel","operator":"RTE","power":"substation","ref:FR:RTE":"BZBEL","ref:FR:RTE_nom":"BOURBEL","source":"data.gouv.fr:RTE - 04/2017","voltage":"90000","osm":"way/167268706"}},{"type":"Feature","geometry":{"type":"Point","coordinates":[0.75749,49.52194]},"properties":{"name":"Poste électrique de Caudebecquet","operator":"RTE","operator:wikidata":"Q2178795","power":"substation","ref:FR:RTE":"CAUD5","ref:FR:RTE_nom":"CAUDEBECQUET","source":"data.gouv.fr:RTE - 04/2017","voltage":"90000","osm":"way/167268708"}},{"type":"Feature","geometry":{"type":"Point","coordinates":[0.64023,49.26917]},"properties":{"name":"Poste Électrique de Vièvre","operator":"RTE","power":"substation","ref:FR:RTE":"VIEVR","ref:FR:RTE_nom":"VIEVRE","source":"data.gouv.fr:RTE - 04/2017","substation":"distribution","voltage":"90000","osm":"way/167268714"}},{"type":"Feature","geometry":{"type":"Point","coordinates":[1.75966,49.76778]},"properties":{"name":"Station Électrique d'Aumale","operator":"RTE","operator:wikidata":"Q2178795","operator:wikipedia":"fr:RTE (entreprise)","power":"substation","ref:FR:RTE":"AUMAL","ref:FR:RTE_nom":"AUMALE","source":"data.gouv.fr:RTE - 04/2017","voltage":"90000","osm":"way/167268716"}},{"type":"Feature","geometry":{"type":"Point","coordinates":[1.82897,49.73809]},"properties":{"operator":"RTE","operator:wikidata":"Q2178795","power":"substation","ref:FR:RTE":"FOUIL","ref:FR:RTE_nom":"FOUILLOY","source":"data.gouv.fr:RTE - 04/2017","voltage":"90000","osm":"way/167268762"}},{"type":"Feature","geometry":{"type":"Point","coordinates":[1.14384,49.14135]},"properties":{"name":"Poste Électrique du Valtier","operator":"RTE","power":"substation","ref:FR:RTE":"VALTI","ref:FR:RTE_nom":"VALTIER (LE)","source":"data.gouv.fr:RTE - 04/2017","voltage":"90000","osm":"way/167268765"}},{"type":"Feature","geometry":{"type":"Point","coordinates":[1.25368,49.1086]},"properties":{"name":"Poste Électrique de la Croix-Saint-Lefroy","operator":"RTE","power":"substation","ref:FR:RTE":"C.LEU","ref:FR:RTE_nom":"CROIX-ST-LEUFROY(LA)","source":"data.gouv.fr:RTE - 04/2017","voltage":"90000","osm":"way/167268792"}},{"type":"Feature","geometry":{"type":"Point","coordinates":[0.22192,49.14191]},"properties":{"name":"Poste électrique de Lisieux","operator":"RTE","power":"substation","ref:FR:RTE":"LISIE","ref:FR:RTE_nom":"LISIEUX","source":"data.gouv.fr:RTE - 04/2017","voltage":"90000","osm":"way/167408228"}},{"type":"Feature","geometry":{"type":"Point","coordinates":[0.09579,49.34571]},"properties":{"name":"Poste électrique de Touques","operator":"RTE","operator:wikidata":"Q2178795","power":"substation","ref:FR:RTE":"TOUQU","ref:FR:RTE_nom":"TOUQUES","source":"data.gouv.fr:RTE - 04/2017","voltage":"90000","osm":"way/167408229"}},{"type":"Feature","geometry":{"type":"Point","coordinates":[-0.52549,48.42768]},"properties":{"operator":"RTE","power":"substation","ref:FR:RTE":"LASSA","ref:FR:RTE_nom":"LASSAY","source":"data.gouv.fr:RTE - 04/2017","voltage":"90000","osm":"way/168022768"}},{"type":"Feature","geometry":{"type":"Point","coordinates":[0.80511,48.32929]},"properties":{"operator":"RTE","operator:wikidata":"Q2178795","power":"substation","ref:FR:RTE":"N.ROT","ref:FR:RTE_nom":"NOGENT-LE-ROTROU","source":"data.gouv.fr:RTE - 04/2017","voltage":"90000","osm":"way/168062729"}},{"type":"Feature","geometry":{"type":"Point","coordinates":[1.95575,49.9596]},"properties":{"operator":"RTE","operator:wikidata":"Q2178795","power":"substation","ref:FR:RTE":"AIRAI","ref:FR:RTE_nom":"AIRAINES","source":"data.gouv.fr:RTE - 04/2017","voltage":"90000","osm":"way/168719560"}},{"type":"Feature","geometry":{"type":"Point","coordinates":[-3.3746,47.73482]},"properties":{"name":"Poste électrique de Kérolay","name:br":"Post Tredan Kerhole","operator":"RTE","operator:wikidata":"Q2178795","power":"substation","ref:FR:RTE":"KEROL","ref:FR:RTE_nom":"KEROLAY","source":"cadastre-dgi-fr source : Direction Générale des Impôts - Cadastre. Mise à jour : 2012","source:name:br":"proper translation","voltage":"63000","osm":"way/169008809"}},{"type":"Feature","geometry":{"type":"Point","coordinates":[0.4961,48.05182]},"properties":{"name":"Poste électrique de Connerré","operator":"RTE","power":"substation","ref:FR:RTE":"CONNE","ref:FR:RTE_nom":"CONNERRE","source":"data.gouv.fr:RTE - 04/2017","voltage":"90000","osm":"way/169319114"}},{"type":"Feature","geometry":{"type":"Point","coordinates":[0.39258,48.03743]},"properties":{"barrier":"wall","location":"outdoor","name":"Poste Électrique de Pont-de-Gennes","operator":"SNCF Réseau","operator:wikidata":"Q21605526","owner":"SNCF Réseau","power":"substation","railway:position":"194.986","ref:FR:RTE":"P.GEN","ref:FR:RTE_nom":"PONT-DE-GENNES","source":"data.gouv.fr:RTE - 04/2017","substation":"traction","voltage":"90000;1500","osm":"way/169319115"}},{"type":"Feature","geometry":{"type":"Point","coordinates":[0.57331,48.12317]},"properties":{"barrier":"fence","location":"outdoor","name":"Sous-station RFF de Sceaux-Boëssé","operator":"SNCF Réseau","operator:wikidata":"Q21605526","owner":"SNCF Réseau","power":"substation","railway:position":"178.036","ref:FR:RTE":"S.BOE","ref:FR:RTE_nom":"SCEAUX-BOESSE","source":"data.gouv.fr:RTE - 04/2017","substation":"traction","voltage":"90000;1500","osm":"way/169319116"}},{"type":"Feature","geometry":{"type":"Point","coordinates":[0.36851,48.0339]},"properties":{"operator":"RTE","power":"substation","ref:FR:RTE":"BZRAY","ref:FR:RTE_nom":"BOURRAY","source":"data.gouv.fr:RTE - 04/2017","voltage":"90000","osm":"way/169319139"}},{"type":"Feature","geometry":{"type":"Point","coordinates":[0.30724,48.01134]},"properties":{"name":"Poste Électrique d'Yvré-l'Évêque","operator":"SNCF Réseau","power":"substation","ref:FR:RTE":"Y.EVE","ref:FR:RTE_nom":"YVRE L EVEQUE","source":"data.gouv.fr:RTE - 04/2017","voltage":"90000","osm":"way/169319140"}},{"type":"Feature","geometry":{"type":"Point","coordinates":[0.02115,48.2999]},"properties":{"name":"Poste Électrique de Fresnay","operator":"RTE","operator:wikidata":"Q2178795","power":"substation","ref:FR:RTE":"FRESN","ref:FR:RTE_nom":"FRESNAY","source":"data.gouv.fr:RTE - 04/2017","substation":"yes","voltage":"90000","osm":"way/169645725"}},{"type":"Feature","geometry":{"type":"Point","coordinates":[0.18203,47.97596]},"properties":{"name":"Poste Électrique de la Foucaudière","operator":"RTE","operator:wikidata":"Q2178795","power":"substation","ref:FR:RTE":"RENAU","ref:FR:RTE_nom":"RENAULT","source":"data.gouv.fr:RTE - 04/2017","substation":"traction","voltage":"90000","osm":"way/169645726"}},{"type":"Feature","geometry":{"type":"Point","coordinates":[0.12246,47.9634]},"properties":{"barrier":"fence","operator":"RTE","power":"substation","ref:FR:RTE":"ALLO5","ref:FR:RTE_nom":"ALLONNES","source":"data.gouv.fr:RTE - 04/2017","substation":"transmission","voltage":"90000","osm":"way/169645738"}},{"type":"Feature","geometry":{"type":"Point","coordinates":[1.9386,47.76931]},"properties":{"barrier":"fence","location":"outdoor","operator":"SNCF Réseau","owner":"SNCF Réseau","power":"substation","ref:FR:RTE":"RELAI","ref:FR:RTE_nom":"RELAIS (LES)","source":"data.gouv.fr:RTE - 04/2017","substation":"traction","voltage":"90000;1500","osm":"way/169701436"}},{"type":"Feature","geometry":{"type":"Point","coordinates":[1.74072,49.47736]},"properties":{"name":"Poste électrique de Gournay","operator":"RTE","operator:wikidata":"Q2178795","power":"substation","ref:FR:RTE":"GOURN","ref:FR:RTE_nom":"GOURNAY","source":"data.gouv.fr:RTE - 04/2017","voltage":"63000","osm":"way/170028620"}},{"type":"Feature","geometry":{"type":"Point","coordinates":[1.64121,49.31409]},"properties":{"barrier":"fence","frequency":"50","location":"outdoor","name":"Poste Électrique Etrepagny","operator":"RTE","power":"substation","ref:FR:RTE":"ETREP","ref:FR:RTE_nom":"ETREPAGNY","source":"data.gouv.fr:RTE - 04/2017","voltage":"63000","osm":"way/170028659"}},{"type":"Feature","geometry":{"type":"Point","coordinates":[-0.09192,47.7023]},"properties":{"barrier":"fence","operator":"RTE","operator:wikidata":"Q2178795","power":"substation","ref:FR:RTE":"FLECH","ref:FR:RTE_nom":"FLECHE (LA)","source":"data.gouv.fr:RTE - 04/2017","substation":"distribution","voltage":"90000","osm":"way/171722636"}},{"type":"Feature","geometry":{"type":"Point","coordinates":[0.15143,47.65162]},"properties":{"operator":"Enedis","operator:wikidata":"Q3587594","power":"substation","ref:FR:RTE":"LUDE","ref:FR:RTE_nom":"LE LUDE","source":"data.gouv.fr:RTE - 04/2017","substation":"distribution","voltage":"90000","osm":"way/172267708"}},{"type":"Feature","geometry":{"type":"Point","coordinates":[-0.36437,49.21546]},"properties":{"barrier":"fence","frequency":"50","name":"Poste électrique du GANIL","operator":"RTE","operator:wikidata":"Q2178795","power":"substation","ref:FR:RTE":"GANIL","ref:FR:RTE_nom":"GANIL","source":"data.gouv.fr:RTE - 04/2017","substation":"industrial","voltage":"90000","osm":"way/172453219"}},{"type":"Feature","geometry":{"type":"Point","coordinates":[0.92543,48.75276]},"properties":{"name":"Poste Électrique de Verneuil-sur-Avre","operator":"RTE","operator:wikidata":"Q2178795","power":"substation","ref:FR:RTE":"V.AVR","ref:FR:RTE_nom":"VERNEUIL-SUR-AVRE","source":"data.gouv.fr:RTE - 04/2017","voltage":"90000","osm":"way/172453220"}},{"type":"Feature","geometry":{"type":"Point","coordinates":[0.70356,48.80302]},"properties":{"operator":"RTE","operator:wikidata":"Q2178795","power":"substation","ref:FR:RTE":"CORDI","ref:FR:RTE_nom":"CORDIEU","source":"data.gouv.fr:RTE - 04/2017","voltage":"90000","osm":"way/172453221"}},{"type":"Feature","geometry":{"type":"Point","coordinates":[0.38616,49.01769]},"properties":{"name":"Orbec","operator":"RTE","operator:wikidata":"Q2178795","power":"substation","ref:FR:RTE":"ORBEC","ref:FR:RTE_nom":"ORBEC","source":"data.gouv.fr:RTE - 04/2017","voltage":"90000","osm":"way/172453222"}},{"type":"Feature","geometry":{"type":"Point","coordinates":[1.21544,48.7741]},"properties":{"operator":"RTE","power":"substation","ref:FR:RTE":"NONAN","ref:FR:RTE_nom":"NONANCOURT","source":"data.gouv.fr:RTE - 04/2017","voltage":"90000","osm":"way/172453228"}},{"type":"Feature","geometry":{"type":"Point","coordinates":[1.07678,48.85961]},"properties":{"operator":"RTE","operator:wikidata":"Q2178795","power":"substation","ref:FR:RTE":"DAMVI","ref:FR:RTE_nom":"DAMVILLE","source":"data.gouv.fr:RTE - 04/2017","voltage":"90000","osm":"way/172453230"}},{"type":"Feature","geometry":{"type":"Point","coordinates":[1.44921,48.41369]},"properties":{"barrier":"wall","location":"outdoor","name":"Poste électrique de Chaunay","operator":"RTE","operator:wikidata":"Q2178795","power":"substation","ref:FR:RTE":"CXNAY","ref:FR:RTE_nom":"CHAUNAY","source":"data.gouv.fr:RTE - 04/2017","substation":"transmission","voltage":"225000;90000","osm":"way/173265188"}},{"type":"Feature","geometry":{"type":"Point","coordinates":[-3.83324,47.91051]},"properties":{"barrier":"fence","location":"outdoor","name":"Poste électrique de Melgven","operator":"RTE","operator:wikidata":"Q2178795","power":"substation","ref:FR:RTE":"MELGV","ref:FR:RTE_nom":"MELGVEN","voltage":"63000;20000","osm":"way/176206199"}},{"type":"Feature","geometry":{"type":"Point","coordinates":[-1.27128,49.29592]},"properties":{"barrier":"fence","frequency":"50","name":"Poste électrique d'Alerie","operator":"RTE","operator:wikidata":"Q2178795","operator:wikipedia":"fr:RTE (entreprise)","power":"substation","ref:FR:RTE":"ALERI","ref:FR:RTE_nom":"ALERIE","source":"data.gouv.fr:RTE - 04/2017","substation":"distribution","voltage":"90000;20000","osm":"way/177761822"}},{"type":"Feature","geometry":{"type":"Point","coordinates":[-1.10047,49.31562]},"properties":{"barrier":"fence","frequency":"50","name":"Poste Électrique d'Isigny","operator":"RTE","operator:wikidata":"Q2178795","power":"substation","ref:FR:RTE":"ISIGN","ref:FR:RTE_nom":"ISIGNY","source":"data.gouv.fr:RTE - 04/2017","substation":"distribution","voltage":"90000;20000","osm":"way/177761823"}},{"type":"Feature","geometry":{"type":"Point","coordinates":[0.5917,48.85737]},"properties":{"name":"Poste Électrique de Ferrière","operator":"RTE","power":"substation","ref:FR:RTE":"FERR5","ref:FR:RTE_nom":"FERRIERE","source":"data.gouv.fr:RTE - 04/2017","voltage":"90000","osm":"way/177761825"}},{"type":"Feature","geometry":{"type":"Point","coordinates":[0.1525,49.01092]},"properties":{"name":"Poste Électrique de Livarot","operator":"RTE","operator:wikidata":"Q2178795","power":"substation","ref:FR:RTE":"LIVAR","ref:FR:RTE_nom":"LIVAROT","source":"data.gouv.fr:RTE - 04/2017","voltage":"90000","osm":"way/177761826"}},{"type":"Feature","geometry":{"type":"Point","coordinates":[-1.44639,49.03415]},"properties":{"barrier":"fence","frequency":"50","name":"Poste électrique de Coutances","operator":"RTE","operator:wikidata":"Q2178795","power":"substation","ref:FR:RTE":"COUTA","ref:FR:RTE_nom":"COUTANCES","source":"cadastre-dgi-fr source : Direction Générale des Impôts - Cadastre. Mise à jour : 2009","substation":"distribution","voltage":"90000;20000","osm":"way/177912871"}},{"type":"Feature","geometry":{"type":"Point","coordinates":[-0.64139,47.65126]},"properties":{"operator":"RTE","power":"substation","ref:FR:RTE":"THORI","ref:FR:RTE_nom":"THORIGNE","source":"data.gouv.fr:RTE - 04/2017","voltage":"90000","osm":"way/177915931"}},{"type":"Feature","geometry":{"type":"Point","coordinates":[-1.31499,48.67543]},"properties":{"barrier":"wall","frequency":"50","location":"outdoor","name":"Poste électrique d’Avranches","operator":"RTE","operator:wikidata":"Q2178795","power":"substation","ref:FR:RTE":"AVRAN","ref:FR:RTE_nom":"AVRANCHES","source":"data.gouv.fr:RTE - 04/2017","substation":"distribution","voltage":"90000;20000","osm":"way/177964765"}},{"type":"Feature","geometry":{"type":"Point","coordinates":[-1.48101,48.55263]},"properties":{"name":"Poste Électrique de Boucey","operator":"RTE","power":"substation","ref:FR:RTE":"BOUCE","ref:FR:RTE_nom":"BOUCEY","source":"data.gouv.fr:RTE - 04/2017","voltage":"90000","osm":"way/177964766"}},{"type":"Feature","geometry":{"type":"Point","coordinates":[-1.64007,47.94015]},"properties":{"barrier":"fence","location":"outdoor","name":"Poste électrique de Morihan","operator":"RTE","operator:wikidata":"Q2178795","power":"substation","ref:FR:RTE":"MORIH","ref:FR:RTE_nom":"MORIHAN","source":"data.gouv.fr:RTE - 04/2017","substation":"transmission","voltage":"225000","osm":"way/177964767"}},{"type":"Feature","geometry":{"type":"Point","coordinates":[-1.387,48.41744]},"properties":{"name":"Poste électrique de Saint-Brice","operator":"RTE","power":"substation","ref:FR:RTE":"SSBR6","ref:FR:RTE_nom":"ST-BRICE-EN-COGLES","source":"data.gouv.fr:RTE - 12/2018","voltage":"90000","osm":"way/177964768"}},{"type":"Feature","geometry":{"type":"Point","coordinates":[-1.65135,48.13888]},"properties":{"barrier":"wall","frequency":"50","name":"Poste électrique de Saint-Laurent","name:br":"Post tredan Sant-Laorañs","name:fr":"Poste électrique de Saint-Laurent","operator":"RTE","operator:wikidata":"Q2178795","power":"substation","ref:FR:RTE":"SSLAU","ref:FR:RTE_nom":"ST-LAURENT","source":"data.gouv.fr:RTE - 04/2017","source:name:br":"proper translation","substation":"transmission","voltage":"225000;90000;20000","osm":"way/177964771"}},{"type":"Feature","geometry":{"type":"Point","coordinates":[-1.24298,48.84163]},"properties":{"name":"Poste Électrique de Villeudieu","operator":"RTE","power":"substation","ref:FR:RTE":"VLEDI","ref:FR:RTE_nom":"VILLEDIEU","source":"data.gouv.fr:RTE - 04/2017","voltage":"90000","osm":"way/177964772"}},{"type":"Feature","geometry":{"type":"Point","coordinates":[0.58197,47.74492]},"properties":{"operator":"RTE","operator:wikidata":"Q2178795","power":"substation","ref:FR:RTE":"FOURA","ref:FR:RTE_nom":"FOURAUDERIE","source":"data.gouv.fr:RTE - 04/2017","voltage":"90000","osm":"way/178012104"}},{"type":"Feature","geometry":{"type":"Point","coordinates":[-1.43386,49.49987]},"properties":{"barrier":"wall","frequency":"50","name":"Poste Électrique d'Huberville","operator":"RTE","operator:wikidata":"Q2178795","operator:wikipedia":"fr:RTE (entreprise)","power":"substation","ref:FR:RTE":"HUBER","ref:FR:RTE_nom":"HUBERVILLE","source":"data.gouv.fr:RTE - 04/2017","substation":"distribution","voltage":"90000;20000","osm":"way/178068393"}},{"type":"Feature","geometry":{"type":"Point","coordinates":[-1.34098,49.6491]},"properties":{"barrier":"fence","frequency":"50","name":"Poste électrique de Valcanville","operator":"Enedis","operator:wikidata":"Q3587594","power":"substation","ref:FR:RTE":"VALCA","ref:FR:RTE_nom":"VALCANVILLE","source":"data.gouv.fr:RTE - 04/2017","substation":"distribution","voltage":"90000;20000","osm":"way/178068395"}},{"type":"Feature","geometry":{"type":"Point","coordinates":[-1.66,48.07965]},"properties":{"barrier":"fence","frequency":"50","name":"Poste électrique de Noyal","operator":"RTE","operator:wikidata":"Q2178795","power":"substation","ref:FR:RTE":"NOYA5","ref:FR:RTE_nom":"NOYAL","source":"data.gouv.fr:RTE - 04/2017","substation":"distribution","voltage":"90000;20000","osm":"way/178656801"}},{"type":"Feature","geometry":{"type":"Point","coordinates":[0.85358,48.38688]},"properties":{"barrier":"fence","location":"outdoor","name":"Sous-station SNCF Réseau de Condé-sur-Huisne","operator":"SNCF Réseau","operator:wikidata":"Q21605526","owner":"SNCF Réseau","power":"substation","railway:position":"140.395","ref:FR:RTE":"C.HUI","ref:FR:RTE_nom":"CONDE-SUR-HUISNE","source":"data.gouv.fr:RTE - 04/2017","substation":"traction","voltage":"90000;1500","osm":"way/178762386"}},{"type":"Feature","geometry":{"type":"Point","coordinates":[-3.18848,48.56534]},"properties":{"barrier":"fence","name":"Poste électrique de Guingamp","operator":"RTE","operator:wikidata":"Q2178795","power":"substation","ref:FR:RTE":"GUING","ref:FR:RTE_nom":"GUINGAMP","source":"data.gouv.fr:RTE - 04/2017","substation":"distribution","voltage":"63000","osm":"way/179978380"}},{"type":"Feature","geometry":{"type":"Point","coordinates":[-2.75466,48.0232]},"properties":{"name":"Poste électrique de Crédin","operator":"RTE","power":"substation","ref:FR:RTE":"CREDI","ref:FR:RTE_nom":"CREDIN","source":"data.gouv.fr:RTE - 04/2017","voltage":"63000","osm":"way/180306880"}},{"type":"Feature","geometry":{"type":"Point","coordinates":[-4.4255,48.24725]},"properties":{"barrier":"fence","frequency":"50","location":"outdoor","name":"Poste électrique de Crozon","operator":"Enedis","power":"substation","ref:FR:RTE":"CROZO","ref:FR:RTE_nom":"CROZON","source":"data.gouv.fr:RTE - 04/2017","substation":"distribution","voltage":"63000;20000","osm":"way/180645185"}},{"type":"Feature","geometry":{"type":"Point","coordinates":[-2.28598,47.72737]},"properties":{"operator":"RTE","power":"substation","ref:FR:RTE":"SSGRA","ref:FR:RTE_nom":"ST-GRAVE","source":"data.gouv.fr:RTE - 04/2017","voltage":"63000","osm":"way/181056781"}},{"type":"Feature","geometry":{"type":"Point","coordinates":[-1.78681,47.82955]},"properties":{"operator":"RTE","power":"substation","ref:FR:RTE":"MESSA","ref:FR:RTE_nom":"MESSAC","source":"data.gouv.fr:RTE - 04/2017","voltage":"90000","osm":"way/181056782"}},{"type":"Feature","geometry":{"type":"Point","coordinates":[0.99555,48.46937]},"properties":{"barrier":"wall","location":"outdoor","name":"Sous-station RFF de La Loupe","operator":"SNCF Réseau","owner":"SNCF Réseau","power":"substation","railway:position":"124.818","ref:FR:RTE":"LOUPE","ref:FR:RTE_nom":"LOUPE (LA)","source":"data.gouv.fr:RTE - 04/2017","substation":"traction","voltage":"90000;1500","osm":"way/181454100"}},{"type":"Feature","geometry":{"type":"Point","coordinates":[1.38212,48.74522]},"properties":{"name":"Dreux","operator":"RTE","operator:wikidata":"Q2178795","operator:wikipedia":"fr:RTE (entreprise)","power":"substation","ref:FR:RTE":"DREUX","ref:FR:RTE_nom":"DREUX","voltage":"90000","osm":"way/181567918"}},{"type":"Feature","geometry":{"type":"Point","coordinates":[-3.32393,48.24694]},"properties":{"operator":"RTE","operator:wikidata":"Q2178795","power":"substation","ref:FR:RTE":"ROSTR","ref:FR:RTE_nom":"ROSTRENEN","substation":"transmission","voltage":"63000","osm":"way/182082488"}},{"type":"Feature","geometry":{"type":"Point","coordinates":[-3.55555,48.28463]},"properties":{"barrier":"fence","name":"Poste électrique de Carhaix","operator":"RTE","power":"substation","ref:FR:RTE":"CARHA","ref:FR:RTE_nom":"CARHAIX","source":"data.gouv.fr:RTE - 04/2017","substation":"distribution","voltage":"63000","osm":"way/182082491"}},{"type":"Feature","geometry":{"type":"Point","coordinates":[-1.71146,48.05387]},"properties":{"barrier":"fence","name":"Poste électrique La Janais","operator":"RTE","operator:wikidata":"Q2178795","power":"substation","ref:FR:RTE":"JANAI","ref:FR:RTE_nom":"JANAIS (LA)","source":"data.gouv.fr:RTE - 04/2017","substation":"industrial","voltage":"90000","osm":"way/182891598"}},{"type":"Feature","geometry":{"type":"Point","coordinates":[-1.54463,48.8407]},"properties":{"barrier":"fence","fence_type":"chain_link","frequency":"50","landuse":"industrial","name":"Poste électrique d'Yquelon","operator":"RTE","operator:wikidata":"Q2178795","operator:wikipedia":"fr:RTE (entreprise)","power":"substation","ref:FR:RTE":"YQUEL","ref:FR:RTE_nom":"YQUELON","source":"data.gouv.fr:RTE - 04/2017","substation":"distribution","voltage":"90000;20000","osm":"way/182898111"}},{"type":"Feature","geometry":{"type":"Point","coordinates":[-4.25165,47.84885]},"properties":{"operator":"Enedis","operator:wikidata":"Q3587594","power":"substation","ref:FR:RTE":"P.ABB","ref:FR:RTE_nom":"PONT-L ABBE","source":"Bing","substation":"distribution","voltage":"63000","osm":"way/183625599"}},{"type":"Feature","geometry":{"type":"Point","coordinates":[1.34751,48.06752]},"properties":{"operator":"RTE","operator:wikidata":"Q2178795","power":"substation","ref:FR:RTE":"CTAUD","ref:FR:RTE_nom":"CHATEAUDUN","source":"data.gouv.fr:RTE - 04/2017","voltage":"90000","osm":"way/183855480"}},{"type":"Feature","geometry":{"type":"Point","coordinates":[-1.46977,48.13341]},"properties":{"barrier":"fence","name":"Poste électrique de Servon","operator":"Enedis","power":"substation","ref:FR:RTE":"SERV6","ref:FR:RTE_nom":"SERVON","source":"data.gouv.fr:RTE - 04/2017","substation":"distribution","voltage":"90000","osm":"way/184158612"}},{"type":"Feature","geometry":{"type":"Point","coordinates":[1.76975,48.62543]},"properties":{"barrier":"fence","distance":"52.885","location":"outdoor","name":"Sous-station RFF de Gazeran","operator":"SNCF Réseau","operator:wikidata":"Q21605526","owner":"SNCF Réseau","power":"substation","ref:FR:RTE":"GAZER","ref:FR:RTE_nom":"GAZERAN","substation":"traction","voltage":"90000;63000;1500","osm":"way/185368617"}},{"type":"Feature","geometry":{"type":"Point","coordinates":[1.93228,48.83302]},"properties":{"barrier":"fence","distance":"33","location":"outdoor","name":"Sous-station de Plaisir","operator":"SNCF Réseau","owner":"SNCF Réseau","power":"substation","ref:FR:RTE":"PLAI5","ref:FR:RTE_nom":"PLAISIR","substation":"traction","voltage":"63000;25000","osm":"way/185368619"}},{"type":"Feature","geometry":{"type":"Point","coordinates":[1.68535,48.59179]},"properties":{"name":"Poste électrique d’Épernon","operator":"RTE","operator:wikidata":"Q2178795","power":"substation","ref:FR:RTE":"EPER5","ref:FR:RTE_nom":"EPERNON","source":"data.gouv.fr:RTE - 04/2017","substation":"transmission","voltage":"90000","osm":"way/185368620"}},{"type":"Feature","geometry":{"type":"Point","coordinates":[1.84717,48.64394]},"properties":{"barrier":"fence","name":"Poste électrique de Rambouillet","operator":"RTE","operator:wikidata":"Q2178795","power":"substation","ref:FR:RTE":"RAMBO","ref:FR:RTE_nom":"RAMBOUILLET","source":"data.gouv.fr:RTE - 04/2017","voltage":"90000","osm":"way/185368621"}},{"type":"Feature","geometry":{"type":"Point","coordinates":[1.97017,47.8103]},"properties":{"name":"Poste Électrique de Saussaye","operator":"RTE","operator:wikidata":"Q2178795","power":"substation","ref:FR:RTE":"SAUS6","ref:FR:RTE_nom":"SAUSSAYE","source":"data.gouv.fr:RTE - 04/2017","substation":"transmission","voltage":"90000","osm":"way/185708723"}},{"type":"Feature","geometry":{"type":"Point","coordinates":[-3.15453,48.06219]},"properties":{"name":"Poste électrique de Locmalo","operator":"RTE","power":"substation","ref:FR:RTE":"LOCMA","ref:FR:RTE_nom":"LOCMALO","source":"data.gouv.fr:RTE - 04/2017","substation":"distribution","voltage":"63000","osm":"way/186825063"}},{"type":"Feature","geometry":{"type":"Point","coordinates":[-3.44805,48.39494]},"properties":{"barrier":"fence","name":"Poste électrique de Plusquellec","name:br":"Post-tredan Pluskelleg","name:fr":"Poste électrique de Plusquellec","operator":"RTE","power":"substation","ref:FR:RTE":"PLUSQ","ref:FR:RTE_nom":"PLUSQUELLEC","source":"data.gouv.fr:RTE - 04/2017","substation":"transmission","voltage":"63000","osm":"way/186845504"}},{"type":"Feature","geometry":{"type":"Point","coordinates":[1.23689,48.45208]},"properties":{"barrier":"fence","location":"outdoor","name":"Sous-station RFF de Courville","operator":"SNCF Réseau","owner":"SNCF Réseau","power":"substation","railway:position":"105.711","ref:FR:RTE":"CZVIL","ref:FR:RTE_nom":"COURVILLE","source":"Bing","substation":"traction","voltage":"90000;1500","osm":"way/187190347"}},{"type":"Feature","geometry":{"type":"Point","coordinates":[1.26019,48.57159]},"properties":{"name":"Poste électrique de Thimert","operator":"RTE","power":"substation","ref:FR:RTE":"THIME","ref:FR:RTE_nom":"THIMERT","source":"data.gouv.fr:RTE - 04/2017","voltage":"90000","osm":"way/187409020"}},{"type":"Feature","geometry":{"type":"Point","coordinates":[-3.13423,48.31198]},"properties":{"name":"Poste électrique de Saint-Nicolas","operator":"RTE","power":"substation","ref:FR:RTE":"SSNI6","ref:FR:RTE_nom":"ST-NICOLAS","source":"data.gouv.fr:RTE - 04/2017","substation":"distribution","voltage":"63000","osm":"way/187923151"}},{"type":"Feature","geometry":{"type":"Point","coordinates":[0.40931,47.70094]},"properties":{"operator":"RTE","power":"substation","ref:FR:RTE":"C.LO5","ref:FR:RTE_nom":"CHATEAU-DU-LOIR","source":"data.gouv.fr:RTE - 04/2017","voltage":"90000","osm":"way/188148599"}},{"type":"Feature","geometry":{"type":"Point","coordinates":[-1.3828,48.03811]},"properties":{"operator":"RTE","power":"substation","ref:FR:RTE":"DOUAI","ref:FR:RTE_nom":"DOUAIRES","source":"data.gouv.fr:RTE - 04/2017","voltage":"90000","osm":"way/188180524"}},{"type":"Feature","geometry":{"type":"Point","coordinates":[-1.23914,48.12815]},"properties":{"operator":"RTE","power":"substation","ref:FR:RTE":"VITRE","ref:FR:RTE_nom":"VITRE","source":"data.gouv.fr:RTE - 04/2017","voltage":"90000","osm":"way/188216180"}},{"type":"Feature","geometry":{"type":"Point","coordinates":[-3.84117,48.58912]},"properties":{"barrier":"fence","name":"Poste électrique de Morlaix","operator":"RTE","operator:wikidata":"Q2178795","power":"substation","ref:FR:RTE":"MORLA","ref:FR:RTE_nom":"MORLAIX","source":"data.gouv.fr:RTE - 04/2017","substation":"distribution","voltage":"63000","osm":"way/188675309"}},{"type":"Feature","geometry":{"type":"Point","coordinates":[-2.73385,47.67191]},"properties":{"barrier":"fence","frequency":"50","location":"outdoor","name":"Sous-station SNCF de Saint-Avé","operator":"SNCF Réseau","operator:wikidata":"Q21605526","owner":"SNCF Réseau","power":"substation","ref:FR:RTE":"SSAV7","ref:FR:RTE_nom":"ST-AVE","source":"data.gouv.fr:RTE - 04/2017","substation":"traction","voltage":"63000;25000","osm":"way/189577450"}},{"type":"Feature","geometry":{"type":"Point","coordinates":[-2.74368,47.74918]},"properties":{"barrier":"fence","operator":"Enedis","power":"substation","ref:FR:RTE":"LOCQU","ref:FR:RTE_nom":"LOCQUELTAS","source":"data.gouv.fr:RTE - 04/2017","substation":"distribution","voltage":"63000","osm":"way/191694776"}},{"type":"Feature","geometry":{"type":"Point","coordinates":[1.39104,48.74217]},"properties":{"barrier":"wall","location":"outdoor","name":"Sous-station RFF de Dreux","operator":"SNCF Réseau","operator:wikidata":"Q21605526","operator:wikipedia":"fr:Société nationale des chemins de fer français","owner":"SNCF Réseau","power":"substation","ref":"Foulonval","ref:FR:RTE":"FOULO","ref:FR:RTE_nom":"FOULONVAL","source":"Bing","substation":"traction","voltage":"90000;25000","osm":"way/193209948"}},{"type":"Feature","geometry":{"type":"Point","coordinates":[-2.02615,49.21212]},"properties":{"access":"private","building":"service","check_date":"2021-09-15","emergency:phone":"+44 1534 505050","fixme:geometry":"Building has since been extended.","frequency":"50","hazard":"electrocution","location":"indoor","name":"Archirondel","note:source":"Tagging this way is intentional, having given it serious thought. Trawling through changeset history while out surveying is impractical. History metadata isn't readily available in surveying editors, yet.","official_name":"ARCHIRONDEL","operator":"Jersey Electricity Company","operator:website":"http://www.jec.co.uk/","power":"substation","ref":"555","source:access":"survey; sign","source:emergency:phone":"survey; sign","source:fixme:geometry":"survey","source:hazard":"survey; sign","source:location":"survey","source:official_name":"survey; sign","source:operator":"survey; sign","source:ref":"survey; sign","source:surveillance":"survey; sign","source:voltage":"survey; sign","surveillance":"outdoor","surveillance:type":"camera","surveillance:zone":"building","survey:date":"2021-09-15","voltage":"90000","osm":"way/193318177"}},{"type":"Feature","geometry":{"type":"Point","coordinates":[0.20058,47.9801]},"properties":{"description":"90KV/20 kV","operator":"RTE","operator:wikidata":"Q2178795","operator:wikipedia":"fr:RTE (entreprise)","power":"substation","ref":"FOUCA","ref:FR:RTE":"FOUCA","ref:FR:RTE_nom":"LA FOUCAUDIERE","source":"Bing","substation":"transmission","voltage":"90000","osm":"way/193838141"}},{"type":"Feature","geometry":{"type":"Point","coordinates":[-1.6219,48.10987]},"properties":{"barrier":"wall","frequency":"50","location":"outdoor","name":"Sous-station SNCF de Cesson-Sévigné","operator":"SNCF Réseau","operator:wikidata":"Q21605526","owner":"SNCF Réseau","power":"substation","ref:FR:RTE":"CESSO","ref:FR:RTE_nom":"CESSON","source":"data.gouv.fr:RTE - 04/2017","substation":"traction","voltage":"90000;25000","osm":"way/194329110"}},{"type":"Feature","geometry":{"type":"Point","coordinates":[-1.61072,48.06075]},"properties":{"barrier":"wall","frequency":"50","name":"Poste électrique de Vern","operator":"RTE","operator:wikidata":"Q2178795","power":"substation","ref:FR:RTE":"VERN","ref:FR:RTE_nom":"VERN","source":"data.gouv.fr:RTE - 04/2017","substation":"distribution","voltage":"90000;20000","osm":"way/194639031"}},{"type":"Feature","geometry":{"type":"Point","coordinates":[0.69579,48.26716]},"properties":{"barrier":"fence","location":"outdoor","name":"Sous-station RFF du Theil","operator":"SNCF Réseau","owner":"SNCF Réseau","power":"substation","railway:position":"158.870","ref:FR:RTE":"THEIL","ref:FR:RTE_nom":"THEIL (LE)","source":"data.gouv.fr:RTE - 04/2017","substation":"traction","voltage":"90000;1500","osm":"way/194706972"}},{"type":"Feature","geometry":{"type":"Point","coordinates":[0.6796,48.25659]},"properties":{"operator":"RTE","power":"substation","ref:FR:RTE":"COUDR","ref:FR:RTE_nom":"COUDRAIE","source":"data.gouv.fr:RTE - 04/2017","voltage":"90000","osm":"way/194774260"}},{"type":"Feature","geometry":{"type":"Point","coordinates":[0.63884,48.19753]},"properties":{"operator":"RTE","power":"substation","ref:FR:RTE":"F.BER","ref:FR:RTE_nom":"FERTE-BERNARD (LA)","source":"data.gouv.fr:RTE - 04/2017","voltage":"90000","osm":"way/194779588"}},{"type":"Feature","geometry":{"type":"Point","coordinates":[0.5036,49.35711]},"properties":{"name":"Poste électrique de Risle","operator":"RTE","power":"substation","ref:FR:RTE":"RISLE","ref:FR:RTE_nom":"RISLE","source":"data.gouv.fr:RTE - 04/2017","voltage":"90000","osm":"way/194907625"}},{"type":"Feature","geometry":{"type":"Point","coordinates":[-1.77359,48.00999]},"properties":{"barrier":"fence","frequency":"50","name":"Poste électrique de Bruz","operator":"Enedis","operator:wikidata":"Q3587594","power":"substation","ref:FR:RTE":"BRUZ","ref:FR:RTE_nom":"BRUZ","source":"data.gouv.fr:RTE - 04/2017","substation":"distribution","voltage":"90000;20000","osm":"way/195268549"}},{"type":"Feature","geometry":{"type":"Point","coordinates":[1.77474,48.23607]},"properties":{"barrier":"fence","location":"outdoor","name":"Poste électrique d'Espiers","operator":"RTE","operator:wikidata":"Q2178795","power":"substation","ref:FR:RTE":"ESPI5","ref:FR:RTE_nom":"ESPIERS (LES)","source":"Bing","substation":"industrial","voltage":"225000","osm":"way/197040234"}},{"type":"Feature","geometry":{"type":"Point","coordinates":[1.02227,49.41932]},"properties":{"barrier":"wall","name":"Poste électrique du Grand-Quevilly","operator":"RTE","operator:wikidata":"Q2178795","power":"substation","ref:FR:RTE":"G.QUE","ref:FR:RTE_nom":"GRAND-QUEVILLY","source":"data.gouv.fr:RTE - 04/2017","substation":"transmission","voltage":"225000","osm":"way/197263262"}},{"type":"Feature","geometry":{"type":"Point","coordinates":[-4.29486,48.57357]},"properties":{"barrier":"wall","location":"outdoor","name":"Poste électrique de Lesneven","operator":"RTE","power":"substation","ref:FR:RTE":"LESNE","ref:FR:RTE_nom":"LESNEVEN","source":"data.gouv.fr:RTE - 04/2017","substation":"transmission","voltage":"63000;20000","osm":"way/198688345"}},{"type":"Feature","geometry":{"type":"Point","coordinates":[-1.28341,47.50783]},"properties":{"operator":"RTE","power":"substation","ref:FR:RTE":"RIAIL","ref:FR:RTE_nom":"RIAILLE","source":"data.gouv.fr:RTE - 04-2017","voltage":"90000","osm":"way/199407779"}},{"type":"Feature","geometry":{"type":"Point","coordinates":[-0.00943,48.74304]},"properties":{"operator":"RTE","operator:wikidata":"Q2178795","power":"substation","ref:FR:RTE":"ARGE8","ref:FR:RTE_nom":"ARGENTAN","source":"data.gouv.fr:RTE - 04/2017","voltage":"90000","osm":"way/200210985"}},{"type":"Feature","geometry":{"type":"Point","coordinates":[0.33017,47.55263]},"properties":{"operator":"RTE","power":"substation","ref:FR:RTE":"COUE5","ref:FR:RTE_nom":"COUESMES","source":"data.gouv.fr:RTE - 04/2017","voltage":"90000","osm":"way/200226792"}},{"type":"Feature","geometry":{"type":"Point","coordinates":[-1.36146,47.71444]},"properties":{"operator":"RTE","power":"substation","ref:FR:RTE":"CTAUB","ref:FR:RTE_nom":"CHATEAUBRIANT","source":"data.gouv.fr:RTE - 04-2017","voltage":"90000","osm":"way/200334085"}},{"type":"Feature","geometry":{"type":"Point","coordinates":[-2.90549,48.49019]},"properties":{"name":"Poste électrique de Plouvara","operator":"RTE","power":"substation","ref:FR:RTE":"PLOUV","ref:FR:RTE_nom":"PLOUVARA","source":"data.gouv.fr:RTE - 04/2017","substation":"distribution","voltage":"63000","osm":"way/201285029"}},{"type":"Feature","geometry":{"type":"Point","coordinates":[-2.82399,48.51316]},"properties":{"name":"Poste électrique de Ploufragan","operator":"RTE","power":"substation","ref:FR:RTE":"PLOUF","ref:FR:RTE_nom":"PLOUFRAGAN","source":"data.gouv.fr:RTE - 04/2017","voltage":"63000","osm":"way/201652542"}},{"type":"Feature","geometry":{"type":"Point","coordinates":[-1.21207,48.22598]},"properties":{"operator":"RTE","power":"substation","ref:FR:RTE":"BUTTE","ref:FR:RTE_nom":"BUTTE","source":"data.gouv.fr:RTE - 04/2017","voltage":"90000","osm":"way/201766923"}},{"type":"Feature","geometry":{"type":"Point","coordinates":[-2.74836,48.1681]},"properties":{"operator":"RTE","power":"substation","ref:FR:RTE":"LOUDE","ref:FR:RTE_nom":"LOUDEAC","source":"data.gouv.fr:RTE - 04/2017","substation":"distribution","voltage":"63000","osm":"way/201768697"}},{"type":"Feature","geometry":{"type":"Point","coordinates":[-2.62669,48.16822]},"properties":{"name":"Poste électrique de Sauveur","operator":"RTE","power":"substation","ref:FR:RTE":"SAUV5","ref:FR:RTE_nom":"SAUVEUR","source":"Bing","substation":"distribution","voltage":"63000","osm":"way/201768702"}},{"type":"Feature","geometry":{"type":"Point","coordinates":[1.72056,50.80682]},"properties":{"barrier":"wall","fixme":"name","operator":"RTE","operator:wikidata":"Q2178795","operator:wikipedia":"fr:RTE (entreprise)","power":"substation","ref:FR:RTE":"MQISE","ref:FR:RTE_nom":"MARQUISE","source":"data.gouv.fr:RTE - 04/2017","substation":"transmission","voltage":"90000","osm":"way/202159502"}},{"type":"Feature","geometry":{"type":"Point","coordinates":[1.67126,48.14237]},"properties":{"operator":"RTE","power":"substation","ref:FR:RTE":"ORGER","ref:FR:RTE_nom":"ORGERES","source":"data.gouv.fr:RTE - 04/2017","voltage":"90000","osm":"way/203122341"}},{"type":"Feature","geometry":{"type":"Point","coordinates":[1.77627,48.44306]},"properties":{"name":"Poste électrique d'Auneau","operator":"RTE","power":"substation","ref:FR:RTE":"AUNEA","ref:FR:RTE_nom":"AUNEAU","source":"Bing","voltage":"90000","wikidata":"Q111143149","osm":"way/203479026"}},{"type":"Feature","geometry":{"type":"Point","coordinates":[1.63947,48.27322]},"properties":{"operator":"RTE","power":"substation","ref:FR:RTE":"VOVES","ref:FR:RTE_nom":"VOVES","source":"Bing","voltage":"90000","osm":"way/203479864"}},{"type":"Feature","geometry":{"type":"Point","coordinates":[1.59507,48.57673]},"properties":{"barrier":"fence","name":"Poste électrique de Maintenon","operator":"RTE","operator:wikidata":"Q2178795","power":"substation","ref:FR:RTE":"MAINT","ref:FR:RTE_nom":"MAINTENON","substation":"distribution","voltage":"90000","osm":"way/203481515"}},{"type":"Feature","geometry":{"type":"Point","coordinates":[0.29844,48.7816]},"properties":{"operator":"RTE","power":"substation","ref:FR:RTE":"GACE","ref:FR:RTE_nom":"GACE","source":"data.gouv.fr:RTE - 04/2017","voltage":"90000","osm":"way/203525571"}},{"type":"Feature","geometry":{"type":"Point","coordinates":[-0.41468,48.15764]},"properties":{"operator":"RTE","power":"substation","ref:FR:RTE":"EVRO2","ref:FR:RTE_nom":"EVRON 2","source":"data.gouv.fr:RTE - 04/2017","voltage":"90000","osm":"way/203921486"}},{"type":"Feature","geometry":{"type":"Point","coordinates":[1.05042,48.56093]},"properties":{"operator":"RTE","operator:wikidata":"Q2178795","operator:wikipedia":"fr:RTE (entreprise)","power":"substation","ref:FR:RTE":"SENON","ref:FR:RTE_nom":"SENONCHES","source":"data.gouv.fr:RTE - 04/2017","voltage":"90000","osm":"way/203921491"}},{"type":"Feature","geometry":{"type":"Point","coordinates":[-0.38219,48.14444]},"properties":{"barrier":"fence","location":"outdoor","name":"Sous-station SNCF Réseau d'Évron","operator":"SNCF Réseau","operator:wikidata":"Q21605526","owner":"SNCF Réseau","power":"substation","railway:position":"267.704","ref:FR:RTE":"EVRO1","ref:FR:RTE_nom":"EVRON 1","source":"data.gouv.fr:RTE - 04/2017","substation":"traction","voltage":"90000;25000","osm":"way/203921492"}},{"type":"Feature","geometry":{"type":"Point","coordinates":[-0.28048,48.339]},"properties":{"operator":"RTE","power":"substation","ref:FR:RTE":"V.JUH","ref:FR:RTE_nom":"VILLAINES-LA-JUHEL","source":"data.gouv.fr:RTE - 04/2017","voltage":"90000","osm":"way/203921509"}},{"type":"Feature","geometry":{"type":"Point","coordinates":[-1.46325,48.23938]},"properties":{"operator":"RTE","operator:wikidata":"Q2178795","power":"substation","ref:FR:RTE":"GOSNE","ref:FR:RTE_nom":"GOSNE","source":"data.gouv.fr:RTE - 04/2017","voltage":"90000","osm":"way/203939538"}},{"type":"Feature","geometry":{"type":"Point","coordinates":[1.59445,48.57567]},"properties":{"barrier":"fence","distance":"69.159","location":"outdoor","name":"Sous-station RFF de Maintenon","operator":"SNCF Réseau","operator:wikidata":"Q13646","owner":"SNCF Réseau","power":"substation","ref:FR:RTE":"MAINT","ref:FR:RTE_nom":"MAINTENON","substation":"traction","voltage":"90000;1500","osm":"way/203939541"}},{"type":"Feature","geometry":{"type":"Point","coordinates":[0.90816,47.98551]},"properties":{"operator":"RTE","operator:wikidata":"Q2178795","power":"substation","ref:FR:RTE":"MONDO","ref:FR:RTE_nom":"MONDOUBLEAU","source":"data.gouv.fr:RTE - 04/2017","voltage":"90000","osm":"way/203939542"}},{"type":"Feature","geometry":{"type":"Point","coordinates":[1.52515,48.42813]},"properties":{"barrier":"fence","operator":"Synelva","power":"substation","ref:FR:RTE":"GELLA","ref:FR:RTE_nom":"GELLAINVILLE","source":"data.gouv.fr:RTE - 04/2017","substation":"distribution","voltage":"90000","osm":"way/204045828"}},{"type":"Feature","geometry":{"type":"Point","coordinates":[1.51956,48.44061]},"properties":{"barrier":"fence","operator":"Enedis","power":"substation","ref:FR:RTE":"MALAG","ref:FR:RTE_nom":"MALAGUAY","source":"data.gouv.fr:RTE - 04/2017","substation":"distribution","voltage":"90000","osm":"way/204045829"}},{"type":"Feature","geometry":{"type":"Point","coordinates":[1.92147,48.16187]},"properties":{"barrier":"fence","location":"outdoor","operator":"RTE","power":"substation","ref:FR:RTE":"TIVER","ref:FR:RTE_nom":"TIVERNON","source":"RTE - 6 juin 2020","substation":"transmission","voltage":"225000","osm":"way/204048491"}},{"type":"Feature","geometry":{"type":"Point","coordinates":[0.72796,48.06742]},"properties":{"barrier":"fence","operator":"RTE","operator:wikidata":"Q2178795","power":"substation","ref:FR:RTE":"VIBRA","ref:FR:RTE_nom":"VIBRAYE","source":"data.gouv.fr:RTE - 04/2017","voltage":"90000","osm":"way/204127165"}},{"type":"Feature","geometry":{"type":"Point","coordinates":[-1.05502,47.5551]},"properties":{"operator":"RTE","power":"substation","ref:FR:RTE":"FREIG","ref:FR:RTE_nom":"FREIGNE","source":"Bing","voltage":"90000","osm":"way/204133595"}},{"type":"Feature","geometry":{"type":"Point","coordinates":[1.35296,47.61942]},"properties":{"name":"Poisard","operator":"RTE","power":"substation","ref:FR:RTE":"POISA","ref:FR:RTE_nom":"POISARD","source":"data.gouv.fr:RTE - 04/2017","voltage":"90000","osm":"way/204172811"}},{"type":"Feature","geometry":{"type":"Point","coordinates":[-0.09987,47.53145]},"properties":{"barrier":"fence","operator":"RTE","power":"substation","ref:FR:RTE":"BAUGE","ref:FR:RTE_nom":"BAUGE","source":"Bing","substation":"transmission","voltage":"90000","osm":"way/204256578"}},{"type":"Feature","geometry":{"type":"Point","coordinates":[-4.06229,48.17541]},"properties":{"barrier":"fence","name":"Poste électrique de Saint-Coulitz","operator":"RTE","operator:wikidata":"Q2178795","power":"substation","ref:FR:RTE":"SSCO6","ref:FR:RTE_nom":"ST-COULITZ","source":"Bing","substation":"transmission","voltage":"63000","osm":"way/204398463"}},{"type":"Feature","geometry":{"type":"Point","coordinates":[-2.65023,48.32292]},"properties":{"name":"Poste électrique de Plémy","operator":"RTE","power":"substation","ref:FR:RTE":"PLEMY","ref:FR:RTE_nom":"PLEMY","source":"Bing","voltage":"63000","osm":"way/204456135"}},{"type":"Feature","geometry":{"type":"Point","coordinates":[-2.3323,48.31412]},"properties":{"name":"Poste électrique de Sévignac","operator":"RTE","power":"substation","ref:FR:RTE":"SEVIG","ref:FR:RTE_nom":"SEVIGNAC","source":"Bing","voltage":"63000","osm":"way/204467577"}},{"type":"Feature","geometry":{"type":"Point","coordinates":[-2.06081,48.32044]},"properties":{"name":"Poste électrique de Rophémel","operator":"RTE","power":"substation","ref:FR:RTE":"ROPHE","ref:FR:RTE_nom":"ROPHEMEL","source":"Bing","voltage":"63000","osm":"way/204541788"}},{"type":"Feature","geometry":{"type":"Point","coordinates":[-2.06741,48.44428]},"properties":{"operator":"RTE","power":"substation","ref:FR:RTE":"DINAN","ref:FR:RTE_nom":"DINAN","source":"E-mégalis Bretagne et collectivités territoriales bretonnes - 2012","voltage":"63000","osm":"way/204541795"}},{"type":"Feature","geometry":{"type":"Point","coordinates":[-2.10414,47.9056]},"properties":{"barrier":"fence","operator":"RTE","power":"substation","ref:FR:RTE":"GUER","ref:FR:RTE_nom":"GUER","source":"Bing","substation":"transmission","voltage":"90000","osm":"way/204545501"}},{"type":"Feature","geometry":{"type":"Point","coordinates":[-4.34151,47.96146]},"properties":{"barrier":"fence","location":"outdoor","operator":"Enedis","operator:wikidata":"Q3587594","power":"substation","ref:FR:RTE":"POULD","ref:FR:RTE_nom":"POULDREUZIC","substation":"distribution","voltage":"63000;20000","osm":"way/206503911"}},{"type":"Feature","geometry":{"type":"Point","coordinates":[-3.30313,47.88066]},"properties":{"barrier":"wall","location":"outdoor","name":"Poste électrique de Calan","operator":"RTE","power":"substation","ref:FR:RTE":"CALA5","ref:FR:RTE_nom":"CALAN","source":"data.gouv.fr:RTE - 04/2017","substation":"transmission","voltage":"400000;225000","osm":"way/210389707"}},{"type":"Feature","geometry":{"type":"Point","coordinates":[1.88756,48.09404]},"properties":{"barrier":"fence","operator":"RTE","power":"substation","ref:FR:RTE":"ARTEN","ref:FR:RTE_nom":"ARTENAY","source":"data.gouv.fr:RTE - 04/2017","voltage":"90000","osm":"way/210492021"}},{"type":"Feature","geometry":{"type":"Point","coordinates":[-2.07974,49.18244]},"properties":{"building":"yes","name":"Rue des Pres Substation","operator":"Jersey Electricity Company","operator:wikidata":"Q6184843","power":"substation","substation":"distribution","voltage":"90000","osm":"way/211937000"}},{"type":"Feature","geometry":{"type":"Point","coordinates":[-1.6278,49.5392]},"properties":{"frequency":"50","name":"Sous-station SNCF de Carpentier","operator":"SNCF Réseau","operator:wikidata":"Q21605526","power":"substation","ref:FR:RTE":"CARP5","ref:FR:RTE_nom":"CARPENTIER","source":"data.gouv.fr:RTE - 04/2017","substation":"traction","voltage":"90000;25000","osm":"way/217996834"}},{"type":"Feature","geometry":{"type":"Point","coordinates":[1.63382,50.71647]},"properties":{"barrier":"wall","frequency":"50","name":"Ostrohove","operator":"RTE","operator:wikidata":"Q2178795","operator:wikipedia":"fr:RTE (entreprise)","power":"substation","ref:FR:RTE":"OSTRO","ref:FR:RTE_nom":"OSTROHOVE","source":"data.gouv.fr:RTE - 04/2017","substation":"transmission","voltage":"90000","osm":"way/219246254"}},{"type":"Feature","geometry":{"type":"Point","coordinates":[1.96784,50.23633]},"properties":{"barrier":"fence","location":"outdoor","name":"Poste électrique de Brailly-Cornehotte","operator":"RTE","operator:wikidata":"Q2178795","operator:wikipedia":"fr:RTE (entreprise)","power":"substation","ref:FR:RTE":"B.CO6","ref:FR:RTE_nom":"BRAILLY-CORNEHOTTE","source":"data.gouv.fr:RTE - 04/2017","substation":"transmission","voltage":"225000","osm":"way/219639224"}},{"type":"Feature","geometry":{"type":"Point","coordinates":[0.32905,47.58599]},"properties":{"operator":"RTE","power":"substation","ref:FR:RTE":"V.BOU","ref:FR:RTE_nom":"VILLIERS-AU-BOUIN","source":"data.gouv.fr:RTE - 04/2017","substation":"industrial","voltage":"90000","osm":"way/219754238"}},{"type":"Feature","geometry":{"type":"Point","coordinates":[-1.3613,49.20292]},"properties":{"barrier":"wall","frequency":"50","location":"outdoor","name":"Poste électrique de Taute","operator":"RTE","operator:wikidata":"Q2178795","operator:wikipedia":"fr:RTE (entreprise)","power":"substation","ref:FR:RTE":"TAUTE","ref:FR:RTE_nom":"TAUTE","start_date":"2012-08","substation":"transmission","voltage":"400000;90000","osm":"way/222188543"}},{"type":"Feature","geometry":{"type":"Point","coordinates":[1.58081,50.08647]},"properties":{"operator":"RTE","power":"substation","ref:FR:RTE":"SAUCO","ref:FR:RTE_nom":"SAUCOURT","source":"data.gouv.fr:RTE - 04/2017","substation":"transmission","voltage":"90000","osm":"way/225992878"}},{"type":"Feature","geometry":{"type":"Point","coordinates":[-1.75147,49.65361]},"properties":{"frequency":"50","name":"Poste électrique de Bacchus","operator":"Enedis","operator:wikidata":"Q3587594","power":"substation","ref:FR:RTE":"BACCH","ref:FR:RTE_nom":"BACCHUS (ENEDIS)","source":"data.gouv.fr:RTE - 12/2018","substation":"distribution","voltage":"90000;20000","osm":"way/231530917"}},{"type":"Feature","geometry":{"type":"Point","coordinates":[0.46076,47.88128]},"properties":{"operator":"RTE","power":"substation","ref:FR:RTE":"G.LUC","ref:FR:RTE_nom":"GRAND LUCE","source":"data.gouv.fr:RTE - 04/2017","voltage":"90000","osm":"way/232028491"}},{"type":"Feature","geometry":{"type":"Point","coordinates":[-2.21548,48.15096]},"properties":{"operator":"RTE","power":"substation","ref:FR:RTE":"GAEL","ref:FR:RTE_nom":"GAEL","source":"Bing","voltage":"90000","osm":"way/233171301"}},{"type":"Feature","geometry":{"type":"Point","coordinates":[-4.54545,48.54392]},"properties":{"barrier":"wall","location":"outdoor","name":"Poste électrique de Lannilis","name:br":"Post tredan Lanniliz","name:fr":"Poste électrique de Lannilis","operator":"RTE","operator:wikidata":"Q2178795","power":"substation","ref:FR:RTE":"LANN6","ref:FR:RTE_nom":"LANNILIS","ref:RTE:codnat":"LANN6","source:name:br":"proper translation","substation":"distribution","voltage":"63000;20000","osm":"way/237272102"}},{"type":"Feature","geometry":{"type":"Point","coordinates":[-4.14342,48.30362]},"properties":{"barrier":"fence","location":"outdoor","name":"Poste électrique de Rumengol","name:br":"Post-tredan Remengol","name:fr":"Poste électrique de Rumengol","operator":"RTE","power":"substation","ref:FR:RTE":"RUMEN","ref:FR:RTE_nom":"RUMENGOL","source":"data.gouv.fr:RTE - 04/2017","source:name:br":"proper translation","substation":"transmission","voltage":"63000;20000","osm":"way/237314072"}},{"type":"Feature","geometry":{"type":"Point","coordinates":[-4.26128,48.38952]},"properties":{"barrier":"fence","location":"outdoor","name":"Poste électrique de Dirinon","operator":"Enedis","power":"substation","ref:FR:RTE":"DIRIN","ref:FR:RTE_nom":"DIRINON","substation":"transmission","voltage":"225000","osm":"way/237314095"}},{"type":"Feature","geometry":{"type":"Point","coordinates":[-4.35061,48.37662]},"properties":{"barrier":"fence","location":"outdoor","name":"Poste électrique de Plougastel","operator":"Enedis","power":"substation","ref:FR:RTE":"PLOUG","ref:FR:RTE_nom":"PLOUGASTEL","source":"data.gouv.fr:RTE - 04/2017","substation":"distribution","voltage":"63000;20000","osm":"way/237314103"}},{"type":"Feature","geometry":{"type":"Point","coordinates":[-0.59805,47.51995]},"properties":{"operator":"Enedis","operator:wikidata":"Q3587594","power":"substation","ref:FR:RTE":"AVRIL","ref:FR:RTE_nom":"AVRILLE","source":"data.gouv.fr:RTE - 04/2017","substation":"distribution","voltage":"90000","osm":"way/238468968"}},{"type":"Feature","geometry":{"type":"Point","coordinates":[-4.05167,48.5133]},"properties":{"barrier":"fence","location":"outdoor","name":"Poste électrique de Landivisiau","name:br":"Post-tredan Landivizio","name:fr":"Poste électrique de Landivisiau","operator":"RTE","operator:wikidata":"Q2178795","power":"substation","ref:FR:RTE":"LANDI","ref:FR:RTE_nom":"LANDIVISIAU","source":"data.gouv.fr:RTE - 04/2017","source:name:br":"proper translation","substation":"transmission","voltage":"63000;20000","osm":"way/240643000"}},{"type":"Feature","geometry":{"type":"Point","coordinates":[-3.82152,48.56071]},"properties":{"barrier":"wall","location":"outdoor","name":"Poste électrique de Saint-Fiacre","operator":"Enedis","power":"substation","ref:FR:RTE":"SSFIA","ref:FR:RTE_nom":"ST-FIACRE","source":"data.gouv.fr:RTE - 04/2017","substation":"distribution","voltage":"63000;20000","osm":"way/240736174"}},{"type":"Feature","geometry":{"type":"Point","coordinates":[-3.31256,47.82443]},"properties":{"barrier":"fence","location":"outdoor","name":"Poste source de Poteau-Rouge","operator":"Enedis","power":"substation","ref:FR:RTE":"SSSU5","ref:FR:RTE_nom":"ST-SULAN","source":"data.gouv.fr:RTE - 04/2017","substation":"distribution","voltage":"63000;20000","osm":"way/242540373"}},{"type":"Feature","geometry":{"type":"Point","coordinates":[-1.94443,48.62255]},"properties":{"barrier":"fence","frequency":"50","name":"Sous-station SNCF de Château-Malo","operator":"SNCF Réseau","operator:wikidata":"Q21605526","power":"substation","ref:FR:RTE":"CTMAL","ref:FR:RTE_nom":"CHATEAU-MALO","source":"data.gouv.fr:RTE - 04/2017","substation":"traction","voltage":"63000;25000","osm":"way/242581302"}},{"type":"Feature","geometry":{"type":"Point","coordinates":[-1.94586,48.62104]},"properties":{"barrier":"fence","frequency":"50","name":"Poste électrique de Saint-Servan","operator":"RTE","operator:wikidata":"Q2178795","power":"substation","ref:FR:RTE":"SSSE5","ref:FR:RTE_nom":"ST-SERVAN","source":"data.gouv.fr:RTE - 04/2017","substation":"distribution","voltage":"63000;20000","osm":"way/242581303"}},{"type":"Feature","geometry":{"type":"Point","coordinates":[-0.35323,47.83747]},"properties":{"barrier":"wall","operator":"RTE","power":"substation","ref:FR:RTE":"SABLE","ref:FR:RTE_nom":"SABLE","source":"data.gouv.fr:RTE - 04/2017","substation":"distribution","voltage":"90000","osm":"way/243310872"}},{"type":"Feature","geometry":{"type":"Point","coordinates":[-2.77797,48.5082]},"properties":{"barrier":"wall","frequency":"50","location":"outdoor","name":"Sous-station SNCF de Saint-Brieuc - Berno","operator":"SNCF Réseau","operator:wikidata":"Q21605526","owner":"SNCF Réseau","power":"substation","railway:position":"475.540","ref:FR:RTE":"BERNO","ref:FR:RTE_nom":"BERNO","source":"data.gouv.fr:RTE - 04/2017","substation":"traction","voltage":"90000;25000","osm":"way/245032597"}},{"type":"Feature","geometry":{"type":"Point","coordinates":[0.55117,49.48225]},"properties":{"barrier":"fence","location":"outdoor","name":"Poste électrique de Port-Jérôme","operator":"RTE","operator:wikidata":"Q2178795","power":"substation","ref:FR:RTE":"P.JER","ref:FR:RTE_nom":"PORT-JEROME","substation":"transmission","voltage":"225000","osm":"way/247427865"}},{"type":"Feature","geometry":{"type":"Point","coordinates":[-0.8258,48.40368]},"properties":{"operator":"RTE","power":"substation","ref:FR:RTE":"GORRO","ref:FR:RTE_nom":"GORRON","source":"data.gouv.fr:RTE - 04/2017","voltage":"90000","osm":"way/250800065"}},{"type":"Feature","geometry":{"type":"Point","coordinates":[1.828,50.09392]},"properties":{"operator":"RTE","operator:wikidata":"Q2178795","operator:wikipedia":"fr:RTE (entreprise)","power":"substation","ref:FR:RTE":"ABBEV","ref:FR:RTE_nom":"ABBEVILLE","source":"data.gouv.fr:RTE - 04/2017","voltage":"90000;20000","osm":"way/251032793"}},{"type":"Feature","geometry":{"type":"Point","coordinates":[1.68506,50.27696]},"properties":{"operator":"RTE","operator:wikidata":"Q2178795","power":"substation","ref:FR:RTE":"RUE","ref:FR:RTE_nom":"RUE","source":"data.gouv.fr:RTE - 04/2017","voltage":"90000","osm":"way/251222797"}},{"type":"Feature","geometry":{"type":"Point","coordinates":[-3.49123,48.09412]},"properties":{"location":"overground","operator":"RTE","power":"substation","ref:FR:RTE":"LANG5","ref:FR:RTE_nom":"LANGONNET","source":"data.gouv.fr:RTE - 04/2017","voltage":"63000","osm":"way/255316240"}},{"type":"Feature","geometry":{"type":"Point","coordinates":[1.60306,50.40194]},"properties":{"operator":"RTE","operator:wikidata":"Q2178795","operator:wikipedia":"fr:RTE (entreprise)","power":"substation","ref:FR:RTE":"CAUDI","ref:FR:RTE_nom":"CAUDIERE","source":"data.gouv.fr:RTE - 04/2017","voltage":"90000","osm":"way/255405044"}},{"type":"Feature","geometry":{"type":"Point","coordinates":[-2.41335,47.92598]},"properties":{"operator":"RTE","power":"substation","ref:FR:RTE":"PLOER","ref:FR:RTE_nom":"PLOERMEL","source":"data.gouv.fr:RTE - 04/2017","voltage":"63000","osm":"way/257148399"}},{"type":"Feature","geometry":{"type":"Point","coordinates":[1.21708,49.38162]},"properties":{"operator":"RTE","operator:wikidata":"Q2178795","power":"substation","ref:FR:RTE":"BOOS","ref:FR:RTE_nom":"BOOS","source":"data.gouv.fr:RTE - 04/2017","voltage":"90000","osm":"way/257665798"}},{"type":"Feature","geometry":{"type":"Point","coordinates":[-4.07159,47.99321]},"properties":{"barrier":"fence","location":"outdoor","name":"Poste électrique de Quimper","name:br":"Post-tredan Kemper","name:fr":"Poste électrique de Quimper","operator":"RTE","operator:wikidata":"Q2178795","power":"substation","ref:FR:RTE":"QUIMP","ref:FR:RTE_nom":"QUIMPER","source:name:br":"proper translation","substation":"distribution","voltage":"63000;20000","osm":"way/258794385"}},{"type":"Feature","geometry":{"type":"Point","coordinates":[-4.06067,47.9912]},"properties":{"barrier":"fence","frequency":"50","location":"outdoor","name":"Sous-station SNCF de Kerangall","operator":"SNCF Réseau","operator:wikidata":"Q21605526","power":"substation","ref:FR:RTE":"KERAN","ref:FR:RTE_nom":"KERANGALL","source":"data.gouv.fr:RTE - 04/2017","substation":"traction","voltage":"63000;25000","osm":"way/258794412"}},{"type":"Feature","geometry":{"type":"Point","coordinates":[-3.45404,48.71833]},"properties":{"barrier":"fence","name":"Poste électrique de Lannion","name:br":"Post-tredan Lannuon","name:fr":"Poste électrique de Lannion","operator":"RTE","operator:wikidata":"Q2178795","power":"substation","ref:FR:RTE":"LANNI","ref:FR:RTE_nom":"LANNION","source":"data.gouv.fr:RTE - 04/2017","source:name:br":"proper translation","substation":"transmission","voltage":"63000","osm":"way/259329158"}},{"type":"Feature","geometry":{"type":"Point","coordinates":[-3.24937,48.76621]},"properties":{"name":"Poste électrique de Minhy","operator":"RTE","power":"substation","ref:FR:RTE":"MINIH","ref:FR:RTE_nom":"MINIHY","source":"data.gouv.fr:RTE - 04/2017","voltage":"63000","osm":"way/259329160"}},{"type":"Feature","geometry":{"type":"Point","coordinates":[-3.14309,48.70797]},"properties":{"name":"Poste électrique de Guézennec","operator":"RTE","power":"substation","ref:FR:RTE":"GUEZE","ref:FR:RTE_nom":"GUEZENNEC","source":"data.gouv.fr:RTE - 04/2017","voltage":"63000","osm":"way/259329183"}},{"type":"Feature","geometry":{"type":"Point","coordinates":[-3.59244,48.53506]},"properties":{"barrier":"fence","name":"Poste électrique de Guerlesquin","operator":"RTE","operator:wikidata":"Q2178795","operator:wikipedia":"fr:RTE (entreprise)","power":"substation","ref:FR:RTE":"GUER5","ref:FR:RTE_nom":"GUERLESQUIN","source":"data.gouv.fr:RTE - 04/2017","substation":"transmission","voltage":"63000","osm":"way/259329189"}},{"type":"Feature","geometry":{"type":"Point","coordinates":[-3.69526,48.65613]},"properties":{"barrier":"fence","location":"outdoor","name":"Poste électrique de Lanmeur","operator":"RTE","power":"substation","ref:FR:RTE":"LANME","ref:FR:RTE_nom":"LANMEUR","source":"data.gouv.fr:RTE - 04/2017","substation":"distribution","voltage":"63000;20000","osm":"way/259329190"}},{"type":"Feature","geometry":{"type":"Point","coordinates":[-3.2835,47.93272]},"properties":{"barrier":"fence","location":"outdoor","name":"Poste électrique de Plouay","operator":"RTE","power":"substation","ref:FR:RTE":"PLOUA","ref:FR:RTE_nom":"PLOUAY","source":"data.gouv.fr:RTE - 04/2017","substation":"transmission","voltage":"63000","osm":"way/260374609"}},{"type":"Feature","geometry":{"type":"Point","coordinates":[-3.35562,47.7562]},"properties":{"name":"Poste électrique de Lorient","name:br":"Post tredan an Oriant","operator":"RTE","operator:wikidata":"Q2178795","power":"substation","ref:FR:RTE":"LORIE","ref:FR:RTE_nom":"LORIENT","source:name:br":"proper translation","substation":"transmission","voltage":"63000;20000","osm":"way/262376538"}},{"type":"Feature","geometry":{"type":"Point","coordinates":[-2.95331,48.05667]},"properties":{"barrier":"fence","name":"Poste électrique de Pontivy","operator":"RTE","operator:wikidata":"Q2178795","power":"substation","ref:FR:RTE":"PTIVY","ref:FR:RTE_nom":"PONTIVY","source":"data.gouv.fr:RTE - 04/2017","substation":"distribution","voltage":"63000","osm":"way/262532176"}},{"type":"Feature","geometry":{"type":"Point","coordinates":[-1.47561,47.88583]},"properties":{"operator":"RTE","power":"substation","ref:FR:RTE":"PAS","ref:FR:RTE_nom":"PAS (LE)","source":"data.gouv.fr:RTE - 04/2017","voltage":"90000","osm":"way/263967967"}},{"type":"Feature","geometry":{"type":"Point","coordinates":[0.94753,50.91454]},"properties":{"name":"Dungeness Substation","power":"substation","substation":"transmission","voltage":"400000;275000","osm":"way/264102298"}},{"type":"Feature","geometry":{"type":"Point","coordinates":[0.94049,51.3382]},"properties":{"name":"Cleve Hill 400kV Substation","operator":"National Grid","power":"substation","substation":"transmission","voltage":"400000","osm":"way/264104518"}},{"type":"Feature","geometry":{"type":"Point","coordinates":[0.25579,47.82528]},"properties":{"operator":"RTE","power":"substation","ref:FR:RTE":"ECOMM","ref:FR:RTE_nom":"ECOMMOY","source":"data.gouv.fr:RTE - 04/2017","voltage":"90000","osm":"way/264116830"}},{"type":"Feature","geometry":{"type":"Point","coordinates":[0.39264,51.45395]},"properties":{"barrier":"fence","power":"substation","substation":"transition","voltage":"400000","osm":"way/264214748"}},{"type":"Feature","geometry":{"type":"Point","coordinates":[1.98389,47.64896]},"properties":{"barrier":"fence","location":"outdoor","name":"Sous-station RFF de Vouzon","operator":"SNCF Réseau","owner":"SNCF Réseau","power":"substation","railway:position":"153.074","ref:FR:RTE":"VOUZO","ref:FR:RTE_nom":"VOUZON","substation":"traction","voltage":"90000","osm":"way/276262116"}},{"type":"Feature","geometry":{"type":"Point","coordinates":[1.97045,48.2525]},"properties":{"barrier":"fence","distance":"81.3","location":"outdoor","name":"Sous-station RFF d'Amonville","operator":"SNCF Réseau","owner":"SNCF Réseau","power":"substation","ref:FR:RTE":"ARMON","ref:FR:RTE_nom":"ARMONVILLE","substation":"traction","voltage":"90000;1500","osm":"way/276463371"}},{"type":"Feature","geometry":{"type":"Point","coordinates":[1.87837,48.07023]},"properties":{"barrier":"wall","description":"Ce n'est pas qu'une sous station ferroviaire, il y a aussi une source Enedis","location":"outdoor","name":"Poste d'Auvilliers","operator":"RTE","operator:wikidata":"Q2178795","owner":"RTE","power":"substation","railway:position":"102.9","ref:FR:RTE":"AUVIL","ref:FR:RTE_nom":"AUVILLIERS","substation":"traction","voltage":"90000;25000","osm":"way/276463904"}},{"type":"Feature","geometry":{"type":"Point","coordinates":[1.46674,48.44345]},"properties":{"barrier":"fence","location":"outdoor","name":"Sous-station SNCF Réseau de Chartres","operator":"SNCF","owner":"SNCF Réseau","power":"substation","ref:FR:RTE":"LUCE","ref:FR:RTE_nom":"RSEIPC (SIEGE SOCIAL)","substation":"traction","voltage":"90000;25000","osm":"way/276558092"}},{"type":"Feature","geometry":{"type":"Point","coordinates":[1.52329,48.24247]},"properties":{"barrier":"fence","distance":"94.731","location":"outdoor","name":"Sous-station du Gault-Saint-Denis","operator":"SNCF Réseau","owner":"SNCF Réseau","power":"substation","ref:FR:RTE":"G.DEN","ref:FR:RTE_nom":"GAULT-SAINT-DENIS","substation":"traction","voltage":"225000;25000","osm":"way/276770173"}},{"type":"Feature","geometry":{"type":"Point","coordinates":[1.93816,47.76935]},"properties":{"building":"yes","operator":"RTE","power":"substation","ref:FR:RTE":"RELAI","ref:FR:RTE_nom":"RELAIS (LES)","source":"data.gouv.fr:RTE - 2022-01","voltage":"90000","osm":"way/277109115"}},{"type":"Feature","geometry":{"type":"Point","coordinates":[1.89023,47.93665]},"properties":{"frequency":"50","location":"outdoor","name":"AYDES (LES)","operator":"RTE","operator:wikidata":"Q2178795","power":"substation","ref:FR:RTE":"AYDES","ref:FR:RTE_nom":"AYDES (LES)","source":"data.gouv.fr:RTE - 04/2017","substation":"distribution","voltage":"90000","osm":"way/277397454"}},{"type":"Feature","geometry":{"type":"Point","coordinates":[-1.74978,48.55372]},"properties":{"operator":"RTE","operator:wikidata":"Q2178795","power":"substation","ref:FR:RTE":"DOL","ref:FR:RTE_nom":"DOL (-DE-BRETAGNE)","source":"data.gouv.fr:RTE - 12/2018","voltage":"90000","osm":"way/284626047"}},{"type":"Feature","geometry":{"type":"Point","coordinates":[-2.05866,48.61582]},"properties":{"barrier":"fence","frequency":"50","name":"Poste électrique de Dinard","name:br":"Post-tredan Dinarzh","name:fr":"Poste électrique de Dinard","operator":"RTE","operator:wikidata":"Q2178795","power":"substation","ref:FR:RTE":"DINAR","ref:FR:RTE_nom":"DINARD","source":"E-mégalis Bretagne et collectivités territoriales bretonnes - 2012","source:name:br":"proper translation","substation":"distribution","voltage":"63000","osm":"way/286435258"}},{"type":"Feature","geometry":{"type":"Point","coordinates":[-3.12766,51.20678]},"properties":{"barrier":"fence","frequency":"50","location":"outdoor","name":"Hinkley Point B Substation","power":"substation","substation":"transmission","voltage":"400000","osm":"way/292372019"}},{"type":"Feature","geometry":{"type":"Point","coordinates":[1.5139,48.63317]},"properties":{"name":"Poirier","operator":"RTE","operator:wikidata":"Q2178795","power":"substation","ref:FR:RTE":"POIRI","ref:FR:RTE_nom":"POIRIER","source":"data.gouv.fr:RTE - 04/2017","voltage":"90000","osm":"way/292426707"}},{"type":"Feature","geometry":{"type":"Point","coordinates":[-1.99603,48.64931]},"properties":{"barrier":"fence","frequency":"50","name":"Poste électrique de Saint-Malo","operator":"Enedis","operator:wikidata":"Q3587594","power":"substation","ref:FR:RTE":"SSMAL","ref:FR:RTE_nom":"ST-MALO","source":"cadastre-dgi-fr source : Direction Générale des Impôts - Cadastre. Mise à jour : 2014","substation":"distribution","voltage":"63000;20000","osm":"way/293571636"}},{"type":"Feature","geometry":{"type":"Point","coordinates":[-1.70554,48.10598]},"properties":{"barrier":"wall","frequency":"50","name":"Poste électrique de Rennes","name:br":"Post tredan Roazhon","name:fr":"Poste électrique de Rennes","operator":"Enedis","operator:wikidata":"Q3587594","power":"substation","ref:FR:RTE":"RENNE","ref:FR:RTE_nom":"RENNES","source":"data.gouv.fr:RTE - 04/2017","source:name:br":"proper translation","substation":"transmission","voltage":"225000;90000;20000","osm":"way/294828635"}},{"type":"Feature","geometry":{"type":"Point","coordinates":[1.99132,49.78377]},"properties":{"barrier":"fence","operator":"Enedis","operator:wikidata":"Q2178795","power":"substation","ref:FR:RTE":"CROI5","ref:FR:RTE_nom":"CROIXRAULT","source":"data.gouv.fr:RTE - 04/2017","substation":"distribution","voltage":"90000","osm":"way/295403631"}},{"type":"Feature","geometry":{"type":"Point","coordinates":[1.94312,47.84587]},"properties":{"barrier":"wall","name":"SOURCE","operator":"RTE","operator:wikidata":"Q2178795","power":"substation","ref:FR:RTE":"SOUR5","ref:FR:RTE_nom":"SOURCE","source":"data.gouv.fr:RTE - 04/2017","substation":"distribution","voltage":"90000","osm":"way/298492483"}},{"type":"Feature","geometry":{"type":"Point","coordinates":[0.63301,49.85918]},"properties":{"building":"yes","location":"indoor","operator":"Électricité de France","operator:wikidata":"Q274591","operator:wikipedia":"fr:Électricité de France","power":"substation","ref:FR:RTE":"PALUE","ref:FR:RTE_nom":"PALUEL","source":"cadastre-dgi-fr source : Direction Générale des Finances Publiques - Cadastre. Mise à jour : 2014","substation":"transmission","voltage":"400000","osm":"way/299341285"}},{"type":"Feature","geometry":{"type":"Point","coordinates":[0.63721,49.85887]},"properties":{"building":"yes","location":"indoor","operator":"Électricité de France","operator:wikidata":"Q274591","operator:wikipedia":"fr:Électricité de France","power":"substation","ref:FR:RTE":"PALUE","ref:FR:RTE_nom":"PALUEL","source":"cadastre-dgi-fr source : Direction Générale des Finances Publiques - Cadastre. Mise à jour : 2014","substation":"transmission","voltage":"400000","osm":"way/299343590"}},{"type":"Feature","geometry":{"type":"Point","coordinates":[0.63511,49.85902]},"properties":{"building":"yes","location":"indoor","operator":"Électricité de France","operator:wikidata":"Q274591","operator:wikipedia":"fr:Électricité de France","power":"substation","ref:FR:RTE":"PALUE","ref:FR:RTE_nom":"PALUEL","source":"cadastre-dgi-fr source : Direction Générale des Finances Publiques - Cadastre. Mise à jour : 2014","substation":"transmission","voltage":"400000","osm":"way/299343591"}},{"type":"Feature","geometry":{"type":"Point","coordinates":[0.6393,49.85871]},"properties":{"building":"yes","location":"indoor","operator":"Électricité de France","operator:wikidata":"Q274591","operator:wikipedia":"fr:Électricité de France","power":"substation","ref:FR:RTE":"PALUE","ref:FR:RTE_nom":"PALUEL","source":"cadastre-dgi-fr source : Direction Générale des Finances Publiques - Cadastre. Mise à jour : 2014","substation":"transmission","voltage":"400000","osm":"way/299343592"}},{"type":"Feature","geometry":{"type":"Point","coordinates":[-2.50502,48.30437]},"properties":{"name":"Poste électrique de Le Gouray","operator":"RTE","power":"substation","ref:FR:RTE":"GOURA","ref:FR:RTE_nom":"GOURAY (LE)","source":"data.gouv.fr:RTE - 04/2017","voltage":"63000","osm":"way/305917708"}},{"type":"Feature","geometry":{"type":"Point","coordinates":[-3.08052,48.55564]},"properties":{"name":"Poste électrique de Saint-Agathon","operator":"RTE","operator:wikidata":"Q2178795","power":"substation","ref:FR:RTE":"SSAG5","ref:FR:RTE_nom":"ST-AGATHON","source":"data.gouv.fr:RTE - 04/2017","substation":"distribution","voltage":"63000","osm":"way/307776278"}},{"type":"Feature","geometry":{"type":"Point","coordinates":[-1.8855,48.47605]},"properties":{"name":"Tressé","operator":"RTE","operator:wikidata":"Q2178795","power":"substation","ref:FR:RTE":"TRES5","ref:FR:RTE_nom":"TRESSE","source":"cadastre-dgi-fr source : Direction Générale des Impôts - Cadastre. Mise à jour : 2014","substation":"transmission","voltage":"90000","osm":"way/310168321"}},{"type":"Feature","geometry":{"type":"Point","coordinates":[-0.89613,47.69108]},"properties":{"operator":"RTE","power":"substation","ref:FR:RTE":"SEGRE","ref:FR:RTE_nom":"SEGRE","source":"data.gouv.fr:RTE - 04/2017","voltage":"90000","osm":"way/310248973"}},{"type":"Feature","geometry":{"type":"Point","coordinates":[0.01448,47.87362]},"properties":{"barrier":"fence","fixme":"name","operator":"RTE","power":"substation","ref:FR:RTE":"SUZE","ref:FR:RTE_nom":"LA SUZE","source":"Bing","substation":"distribution","voltage":"90000","osm":"way/313842253"}},{"type":"Feature","geometry":{"type":"Point","coordinates":[-2.0575,48.49049]},"properties":{"name":"Poste électrique de Taden","operator":"RTE","power":"substation","ref:FR:RTE":"TADEN","ref:FR:RTE_nom":"TADEN","source":"data.gouv.fr:RTE - 04/2017","voltage":"63000","osm":"way/316565289"}},{"type":"Feature","geometry":{"type":"Point","coordinates":[-1.18112,48.36857]},"properties":{"name":"Poste électrique de Fougères","operator":"RTE","operator:wikidata":"Q2178795","operator:wikipedia":"fr:RTE (entreprise)","power":"substation","ref:FR:RTE":"FOUGE","ref:FR:RTE_nom":"FOUGERES","source":"data.gouv.fr:RTE - 04/2017","voltage":"90000","osm":"way/316700186"}},{"type":"Feature","geometry":{"type":"Point","coordinates":[-1.81953,48.12011]},"properties":{"barrier":"fence","operator":"RTE","power":"substation","ref:FR:RTE":"HERM5","ref:FR:RTE_nom":"HERMITAGE","source":"data.gouv.fr:RTE - 04/2017","voltage":"90000","osm":"way/316702492"}},{"type":"Feature","geometry":{"type":"Point","coordinates":[-2.79227,47.8753]},"properties":{"operator":"RTE","power":"substation","ref:FR:RTE":"BIGNA","ref:FR:RTE_nom":"BIGNAN","source":"data.gouv.fr:RTE - 04/2017","voltage":"63000","osm":"way/316857796"}},{"type":"Feature","geometry":{"type":"Point","coordinates":[-2.21687,47.65115]},"properties":{"barrier":"fence","operator":"RTE","power":"substation","ref:FR:RTE":"ALLAI","ref:FR:RTE_nom":"ALLAIRE","source":"data.gouv.fr:RTE - 04/2017","substation":"transmission","voltage":"63000","osm":"way/317408071"}},{"type":"Feature","geometry":{"type":"Point","coordinates":[-2.23247,48.5265]},"properties":{"name":"Poste électrique de Plancoët","operator":"RTE","power":"substation","ref:FR:RTE":"PLAN6","ref:FR:RTE_nom":"PLANCOET","source":"E-mégalis Bretagne et collectivités territoriales bretonnes - 2012","voltage":"63000","osm":"way/318011804"}},{"type":"Feature","geometry":{"type":"Point","coordinates":[1.95121,48.77444]},"properties":{"barrier":"wall","location":"outdoor","name":"Poste électrique d’Élancourt","operator":"RTE","operator:wikidata":"Q2178795","power":"substation","ref:FR:RTE":"ELANC","ref:FR:RTE_nom":"ELANCOURT","substation":"transmission","voltage":"225000;63000","osm":"way/318195497"}},{"type":"Feature","geometry":{"type":"Point","coordinates":[-2.76184,47.51894]},"properties":{"barrier":"fence","operator":"Enedis","power":"substation","ref:FR:RTE":"SARZE","ref:FR:RTE_nom":"SARZEAU","source":"data.gouv.fr:RTE - 04/2017","substation":"distribution","voltage":"63000","osm":"way/318261508"}},{"type":"Feature","geometry":{"type":"Point","coordinates":[-2.82841,47.65544]},"properties":{"barrier":"fence","operator":"Enedis","power":"substation","ref:FR:RTE":"PLOE5","ref:FR:RTE_nom":"PLOEREN","source":"data.gouv.fr:RTE - 04/2017","substation":"distribution","voltage":"63000","osm":"way/319005822"}},{"type":"Feature","geometry":{"type":"Point","coordinates":[1.84149,47.94297]},"properties":{"name":"POLE 45","operator":"RTE","operator:wikidata":"Q2178795","power":"substation","ref:FR:RTE":"POL45","ref:FR:RTE_nom":"POLE 45","source":"data.gouv.fr:RTE - 04/2017","substation":"transmission","voltage":"90000","osm":"way/321043258"}},{"type":"Feature","geometry":{"type":"Point","coordinates":[-2.45212,48.60023]},"properties":{"name":"Poste électrique d'Erquy","operator":"RTE","operator:wikidata":"Q2178795","power":"substation","ref:FR:RTE":"ERQUY","ref:FR:RTE_nom":"ERQUY","source":"data.gouv.fr:RTE - 04/2017","voltage":"63000","osm":"way/322935613"}},{"type":"Feature","geometry":{"type":"Point","coordinates":[-2.28421,48.4449]},"properties":{"name":"Poste électrique de Bourseul","operator":"RTE","power":"substation","ref:FR:RTE":"BZSEU","ref:FR:RTE_nom":"BOURSEUL","source":"E-mégalis Bretagne et collectivités territoriales bretonnes - 2012","voltage":"63000","osm":"way/322935619"}},{"type":"Feature","geometry":{"type":"Point","coordinates":[-2.7014,48.48086]},"properties":{"name":"Poste électrique de Croix Gibat","operator":"RTE","power":"substation","ref:FR:RTE":"C.GIB","ref:FR:RTE_nom":"CROIX GIBAT (LA)","source":"data.gouv.fr:RTE - 04/2017","substation":"distribution","voltage":"63000","osm":"way/322967327"}},{"type":"Feature","geometry":{"type":"Point","coordinates":[-2.52989,48.48055]},"properties":{"barrier":"fence","name":"Poste électrique de Lamballe","operator":"RTE","power":"substation","ref:FR:RTE":"LAMBA","ref:FR:RTE_nom":"LAMBALLE","source":"data.gouv.fr:RTE - 04/2017","substation":"transmission","voltage":"63000","osm":"way/323095343"}},{"type":"Feature","geometry":{"type":"Point","coordinates":[-2.41764,48.1851]},"properties":{"operator":"RTE","power":"substation","ref:FR:RTE":"MERDR","ref:FR:RTE_nom":"MERDRIGNAC","source":"data.gouv.fr:RTE - 04/2017","voltage":"63000","osm":"way/323137173"}},{"type":"Feature","geometry":{"type":"Point","coordinates":[-2.85564,48.06791]},"properties":{"barrier":"fence","name":"Poste électrique de Kerboquet","operator":"RTE","power":"substation","ref:FR:RTE":"KERBO","ref:FR:RTE_nom":"KERBOQUET","source":"data.gouv.fr:RTE - 04/2017","substation":"distribution","voltage":"63000","osm":"way/323145838"}},{"type":"Feature","geometry":{"type":"Point","coordinates":[-1.46405,47.62658]},"properties":{"barrier":"fence","power":"substation","ref:FR:RTE":"ISSE","ref:FR:RTE_nom":"ISSE","source":"data.gouv.fr:RTE - 04-2017","voltage":"90000","osm":"way/325256942"}},{"type":"Feature","geometry":{"type":"Point","coordinates":[0.12773,49.49252]},"properties":{"name":"Poste électrique Charles Laffitte","operator":"RTE","operator:wikidata":"Q2178795","operator:wikipedia":"fr:RTE (entreprise)","power":"substation","ref:FR:RTE":"C.LAF","ref:FR:RTE_nom":"CHARLES-LAFFITTE","voltage":"90000","osm":"way/334823502"}},{"type":"Feature","geometry":{"type":"Point","coordinates":[0.22481,49.48168]},"properties":{"barrier":"fence","name":"Poste électrique de Gabion","operator":"RTE","operator:wikidata":"Q2178795","operator:wikipedia":"fr:RTE (entreprise)","power":"substation","ref:FR:RTE":"GABIO","ref:FR:RTE_nom":"GABION","substation":"transmission","voltage":"225000","osm":"way/335753915"}},{"type":"Feature","geometry":{"type":"Point","coordinates":[-3.04237,48.76398]},"properties":{"name":"Poste électrique de Paimpol","operator":"RTE","operator:wikidata":"Q2178795","power":"substation","ref:FR:RTE":"PAIMP","ref:FR:RTE_nom":"PAIMPOL","source":"data.gouv.fr:RTE - 04/2017","substation":"distribution","voltage":"63000","osm":"way/337248637"}},{"type":"Feature","geometry":{"type":"Point","coordinates":[-3.45716,48.78251]},"properties":{"barrier":"wall","name":"Poste électrique de Perros","name:br":"Post-tredan Perroz","name:fr":"Poste électrique de Perros","operator":"Enedis","power":"substation","ref:FR:RTE":"PERR6","ref:FR:RTE_nom":"PERROS","source":"data.gouv.fr:RTE - 04/2017","source:name:br":"proper translation","substation":"distribution","voltage":"63000","osm":"way/337248642"}},{"type":"Feature","geometry":{"type":"Point","coordinates":[-2.84863,48.27573]},"properties":{"name":"Poste électrique d'Uzel","operator":"RTE","operator:wikidata":"Q2178795","operator:wikipedia":"fr:RTE (entreprise)","power":"substation","ref:FR:RTE":"UZEL","ref:FR:RTE_nom":"UZEL","source":"data.gouv.fr:RTE - 04/2017","substation":"distribution","voltage":"63000","osm":"way/337457698"}},{"type":"Feature","geometry":{"type":"Point","coordinates":[-3.63625,48.13195]},"properties":{"operator":"RTE","power":"substation","ref:FR:RTE":"GOURI","ref:FR:RTE_nom":"GOURIN","source":"data.gouv.fr:RTE - 04/2017","voltage":"63000","osm":"way/337460223"}},{"type":"Feature","geometry":{"type":"Point","coordinates":[-2.92135,48.3682]},"properties":{"operator":"RTE","power":"substation","ref:FR:RTE":"LANFA","ref:FR:RTE_nom":"LANFAINS","source":"data.gouv.fr:RTE - 04/2017","substation":"distribution","voltage":"63000","osm":"way/337460224"}},{"type":"Feature","geometry":{"type":"Point","coordinates":[-3.72334,48.04641]},"properties":{"operator":"RTE","power":"substation","ref:FR:RTE":"SCAER","ref:FR:RTE_nom":"SCAER","source":"data.gouv.fr:RTE - 04/2017","voltage":"63000","osm":"way/337471768"}},{"type":"Feature","geometry":{"type":"Point","coordinates":[-3.68129,48.00142]},"properties":{"name":"Poste Électrique de Cascadec","operator":"Glatfelter","operator:wikidata":"Q726654","power":"substation","ref:FR:RTE":"CASCA","ref:FR:RTE_nom":"CASCADEC","source":"data.gouv.fr:RTE - 04/2017","substation":"industrial","voltage":"63000","osm":"way/337471769"}},{"type":"Feature","geometry":{"type":"Point","coordinates":[-3.84701,48.18175]},"properties":{"barrier":"fence","operator":"RTE","operator:wikidata":"Q2178795","power":"substation","ref:FR:RTE":"KERBI","ref:FR:RTE_nom":"KERBILIGUET","source":"data.gouv.fr:RTE - 04/2017","substation":"distribution","voltage":"63000","osm":"way/337473974"}},{"type":"Feature","geometry":{"type":"Point","coordinates":[-3.33347,48.63856]},"properties":{"name":"Poste électrique de Pluzunet","operator":"RTE","power":"substation","ref:FR:RTE":"PLUZU","ref:FR:RTE_nom":"PLUZUNET","source":"data.gouv.fr:RTE - 04/2017","voltage":"63000","osm":"way/337665969"}},{"type":"Feature","geometry":{"type":"Point","coordinates":[-4.13346,48.64472]},"properties":{"barrier":"fence","name":"Poste Électrique de Cléder","operator":"RTE","operator:wikidata":"Q2178795","power":"substation","ref":"CLEDE","ref:FR:RTE":"CLEDE","ref:FR:RTE_nom":"CLEDER","source":"data.gouv.fr:RTE - 04/2017;local knowledge","substation":"distribution","voltage":"63000","osm":"way/337665972"}},{"type":"Feature","geometry":{"type":"Point","coordinates":[-2.8771,48.1722]},"properties":{"operator":"RTE","operator:wikidata":"Q2178795","power":"substation","ref:FR:RTE":"REDET","ref:FR:RTE_nom":"REDET (LE)","source":"data.gouv.fr:RTE - 04/2017","substation":"distribution","voltage":"63000","osm":"way/337671540"}},{"type":"Feature","geometry":{"type":"Point","coordinates":[-3.03722,47.87774]},"properties":{"operator":"RTE","power":"substation","ref:FR:RTE":"BAUD","ref:FR:RTE_nom":"BAUD","source":"data.gouv.fr:RTE - 04/2017","substation":"distribution","voltage":"63000","osm":"way/337671541"}},{"type":"Feature","geometry":{"type":"Point","coordinates":[-3.5843,47.85191]},"properties":{"frequency":"50","location":"outdoor","name":"Poste électrique de Lisloch","operator":"RTE","power":"substation","ref:FR:RTE":"LISLO","ref:FR:RTE_nom":"LISLOCH","source":"data.gouv.fr:RTE - 04/2017","substation":"distribution","voltage":"63000","osm":"way/337672993"}},{"type":"Feature","geometry":{"type":"Point","coordinates":[-3.16555,47.77743]},"properties":{"operator":"RTE","power":"substation","ref:FR:RTE":"KERLI","ref:FR:RTE_nom":"KERLIVIO","source":"data.gouv.fr:RTE - 04/2017","substation":"distribution","voltage":"63000","osm":"way/337675043"}},{"type":"Feature","geometry":{"type":"Point","coordinates":[-2.99931,47.68791]},"properties":{"barrier":"fence","operator":"RTE","power":"substation","ref:FR:RTE":"AURAY","ref:FR:RTE_nom":"AURAY","source":"data.gouv.fr:RTE - 04/2017","substation":"transmission","voltage":"63000","osm":"way/337675045"}},{"type":"Feature","geometry":{"type":"Point","coordinates":[-1.71115,48.13921]},"properties":{"barrier":"fence","name":"Poste électrique des Talus","operator":"RTE","operator:wikidata":"Q2178795","power":"substation","ref:FR:RTE":"TALUS","ref:FR:RTE_nom":"TALUS (LES)","source":"data.gouv.fr:RTE - 04/2017","voltage":"90000","osm":"way/339982444"}},{"type":"Feature","geometry":{"type":"Point","coordinates":[-2.52186,47.54543]},"properties":{"operator":"Enedis","power":"substation","ref:FR:RTE":"AMBON","ref:FR:RTE_nom":"AMBON","source":"data.gouv.fr:RTE - 04/2017","voltage":"63000","osm":"way/341977091"}},{"type":"Feature","geometry":{"type":"Point","coordinates":[-2.32761,47.53184]},"properties":{"operator":"RTE","power":"substation","ref:FR:RTE":"MARZA","ref:FR:RTE_nom":"MARZAN","source":"data.gouv.fr:RTE - 04/2017","voltage":"63000","osm":"way/341977094"}},{"type":"Feature","geometry":{"type":"Point","coordinates":[-2.0831,47.99684]},"properties":{"operator":"RTE","power":"substation","ref:FR:RTE":"PLELA","ref:FR:RTE_nom":"PLELAN","source":"data.gouv.fr:RTE - 04/2017","voltage":"90000","osm":"way/342045446"}},{"type":"Feature","geometry":{"type":"Point","coordinates":[-1.26233,47.89105]},"properties":{"operator":"RTE","power":"substation","ref:FR:RTE":"DROUG","ref:FR:RTE_nom":"DROUGES","source":"data.gouv.fr:RTE - 04/2017","voltage":"90000","osm":"way/342045447"}},{"type":"Feature","geometry":{"type":"Point","coordinates":[-0.96868,48.46221]},"properties":{"operator":"RTE","power":"substation","ref:FR:RTE":"EPIN6","ref:FR:RTE_nom":"EPINAY","source":"data.gouv.fr:RTE - 04/2017","voltage":"90000","osm":"way/342048993"}},{"type":"Feature","geometry":{"type":"Point","coordinates":[1.39865,48.20151]},"properties":{"barrier":"fence","operator":"RTE","operator:wikidata":"Q2178795","power":"substation","ref:FR:RTE":"BONN7","ref:FR:RTE_nom":"BONNEVAL","source":"data.gouv.fr:RTE - 04/2017","substation":"traction","voltage":"90000","osm":"way/371956684"}},{"type":"Feature","geometry":{"type":"Point","coordinates":[-0.39195,47.57672]},"properties":{"barrier":"fence","fixme":"name","operator":"RTE","power":"substation","ref:FR:RTE":"MTREU","ref:FR:RTE_nom":"MONTREUIL (-SUR-LOIR)","source":"data.gouv.fr:RTE - 04/2017","substation":"distribution","voltage":"90000","osm":"way/372024075"}},{"type":"Feature","geometry":{"type":"Point","coordinates":[1.88288,50.96272]},"properties":{"barrier":"wall","frequency":"50","name":"Poste électrique de Garennes","operator":"RTE","operator:wikidata":"Q2178795","operator:wikipedia":"fr:RTE (entreprise)","power":"substation","ref:FR:RTE":"GAREN","ref:FR:RTE_nom":"GARENNES","source":"data.gouv.fr:RTE - 04/2017","substation":"distribution","voltage":"90000;20000","osm":"way/373563396"}},{"type":"Feature","geometry":{"type":"Point","coordinates":[1.89176,50.96894]},"properties":{"barrier":"fence","frequency":"50","operator":"RTE","operator:wikidata":"Q2178795","operator:wikipedia":"fr:RTE (entreprise)","power":"substation","ref:FR:RTE":"RIDEN","ref:FR:RTE_nom":"RIDEN","source":"data.gouv.fr:RTE - 04/2017","substation":"industrial","voltage":"90000","osm":"way/373614526"}},{"type":"Feature","geometry":{"type":"Point","coordinates":[-4.01229,48.66167]},"properties":{"barrier":"wall","operator":"RTE","operator:wikidata":"Q2178795","power":"substation","ref:FR:RTE":"SSLEO","ref:FR:RTE_nom":"ST-POL-DE-LEON","source":"data.gouv.fr:RTE - 04/2017","substation":"distribution","voltage":"63000","osm":"way/380368587"}},{"type":"Feature","geometry":{"type":"Point","coordinates":[-4.38511,48.64013]},"properties":{"barrier":"wall","name":"Poste électrique de Kerlouan","operator":"Enedis","operator:wikidata":"Q3587594","power":"substation","ref:FR:RTE":"KERLO","ref:FR:RTE_nom":"KERLOUAN","source":"data.gouv.fr:RTE - 04/2017","substation":"distribution","voltage":"63000;20000","osm":"way/380371262"}},{"type":"Feature","geometry":{"type":"Point","coordinates":[1.74,50.60998]},"properties":{"barrier":"fence","frequency":"50","operator":"RTE","operator:wikidata":"Q2178795","operator:wikipedia":"fr:RTE (entreprise)","power":"substation","ref:FR:RTE":"SAMER","ref:FR:RTE_nom":"SAMER","source":"data.gouv.fr:RTE - 04/2017","substation":"transmission","voltage":"90000","osm":"way/381127684"}},{"type":"Feature","geometry":{"type":"Point","coordinates":[0.88277,47.75762]},"properties":{"name":"Poste de Distribution de Tertre","operator":"RTE","operator:wikidata":"Q2178795","power":"substation","ref:FR:RTE":"TERTR","ref:FR:RTE_nom":"TERTRE","source":"data.gouv.fr:RTE - 04/2017","voltage":"90000","osm":"way/383083406"}},{"type":"Feature","geometry":{"type":"Point","coordinates":[1.95079,48.19554]},"properties":{"barrier":"fence","frequency":"50","location":"outdoor","operator":"RTE","operator:wikidata":"Q2178795","power":"substation","ref:FR:RTE":"TOURY","ref:FR:RTE_nom":"TOURY","source":"Bing","substation":"distribution","voltage":"90000","osm":"way/383581681"}},{"type":"Feature","geometry":{"type":"Point","coordinates":[-4.50354,48.38057]},"properties":{"building":"service","name":"Poste électrique de Caffarelli","name:br":"Post tredan Cafarelli","name:fr":"Poste électrique de Caffarelli","operator":"RTE","operator:wikidata":"Q2178795","power":"substation","ref:FR:RTE":"CAFFA","ref:FR:RTE_nom":"CAFFARELLI","source":"data.gouv.fr:RTE - 04/2017","source:name:br":"proper translation","substation":"transmission","voltage":"63000","osm":"way/394819163"}},{"type":"Feature","geometry":{"type":"Point","coordinates":[-4.52061,48.36983]},"properties":{"building":"service","name":"Poste électrique de Caffarelli","name:br":"Post tredan Cafarelli","name:fr":"Poste électrique de Caffarelli","operator":"RTE","operator:wikidata":"Q2178795","power":"substation","ref:FR:RTE":"CAFFA","ref:FR:RTE_nom":"CAFFARELLI","source":"data.gouv.fr:RTE - 04/2017","source:name:br":"proper translation","voltage":"63000","osm":"way/394832017"}},{"type":"Feature","geometry":{"type":"Point","coordinates":[-0.68962,47.84845]},"properties":{"barrier":"fence","operator":"RTE","operator:wikidata":"Q2178795","power":"substation","ref:FR:RTE":"C.GON","ref:FR:RTE_nom":"CHATEAU-GONTIER","source":"data.gouv.fr:RTE - 04/2017","substation":"transmission","voltage":"90000","osm":"way/396804850"}},{"type":"Feature","geometry":{"type":"Point","coordinates":[-3.80103,48.33136]},"properties":{"barrier":"fence","name":"Poste électrique de Saint-Herbot","name:br":"Post-tredan Sant-Herbod","name:fr":"Poste électrique de Saint-Herbot","operator":"Enedis","operator:wikidata":"Q3587594","operator:wikipedia":"fr:Enedis","power":"substation","ref:FR:RTE":"SSHER","ref:FR:RTE_nom":"ST-HERBOT","source":"data.gouv.fr:RTE - 04/2017","substation":"distribution","voltage":"63000","osm":"way/423501047"}},{"type":"Feature","geometry":{"type":"Point","coordinates":[1.92916,47.9467]},"properties":{"operator":"RTE","operator:wikidata":"Q2178795","operator:wikipedia":"fr:RTE (entreprise)","power":"substation","ref:FR:RTE":"F.AUB","ref:FR:RTE_nom":"FLEURY-LES-AUBRAIS","source":"Bing","voltage":"90000","osm":"way/429258862"}},{"type":"Feature","geometry":{"type":"Point","coordinates":[-1.00872,47.98604]},"properties":{"barrier":"wall","location":"outdoor","name":"Poste électrique d’Oudon","operator":"RTE","operator:wikidata":"Q2178795","power":"substation","ref:FR:RTE":"OUDON","ref:FR:RTE_nom":"OUDON","source":"data.gouv.fr:RTE - 04/2017","start_date":"2014","substation":"transmission","voltage":"400000;225000","osm":"way/432466512"}},{"type":"Feature","geometry":{"type":"Point","coordinates":[-1.8829,49.53865]},"properties":{"name":"Poste électrique de Flamanville-3 (EPR)","operator":"Électricité de France","operator:short":"EDF","operator:wikidata":"Q274591","power":"substation","ref:FR:RTE":"FLAMA","substation":"generation","voltage":"400000","osm":"way/437091956"}},{"type":"Feature","geometry":{"type":"Point","coordinates":[-1.88021,49.54125]},"properties":{"barrier":"fence","name":"Poste électrique de Flamanville","operator":"Électricité de France","operator:short":"EDF","operator:wikidata":"Q274591","power":"substation","ref:FR:RTE":"FLAMA","ref:FR:RTE_nom":"FLAMANVILLE","source":"data.gouv.fr:RTE - 04/2017","substation":"transition","voltage":"400000","osm":"way/437091959"}},{"type":"Feature","geometry":{"type":"Point","coordinates":[-1.88331,49.53787]},"properties":{"name":"Poste électrique de Flamanville-2","operator":"Électricité de France","operator:short":"EDF","operator:wikidata":"Q274591","power":"substation","ref:FR:RTE":"FLAMA","ref:FR:RTE_nom":"FLAMANVILLE","source":"data.gouv.fr:RTE - 04/2017","substation":"generation","voltage":"400000","osm":"way/437091984"}},{"type":"Feature","geometry":{"type":"Point","coordinates":[-1.88387,49.53658]},"properties":{"name":"Poste électrique de Flamanville-1","operator":"Électricité de France","operator:short":"EDF","operator:wikidata":"Q274591","power":"substation","ref:FR:RTE":"FLAMA","ref:FR:RTE_nom":"FLAMANVILLE","source":"data.gouv.fr:RTE - 04/2017","substation":"generation","voltage":"400000","osm":"way/437091985"}},{"type":"Feature","geometry":{"type":"Point","coordinates":[1.95664,47.73363]},"properties":{"operator":"RTE","operator:wikidata":"Q2178795","power":"substation","ref:FR:RTE":"ANGEL","ref:FR:RTE_nom":"ANGELIQUE","source":"data.gouv.fr:RTE - 04/2017","voltage":"90000","osm":"way/442563873"}},{"type":"Feature","geometry":{"type":"Point","coordinates":[-0.05906,51.48377]},"properties":{"name":"New Cross Substation","operator":"National Grid","operator:wikidata":"Q1465461","power":"substation","substation":"distribution","voltage":"400000","osm":"way/447297184"}},{"type":"Feature","geometry":{"type":"Point","coordinates":[-0.30727,47.87414]},"properties":{"barrier":"fence","location":"outdoor","name":"Sous station SNCF","operator":"SNCF Réseau","power":"substation","substation":"traction","voltage":"400000","osm":"way/448204203"}},{"type":"Feature","geometry":{"type":"Point","coordinates":[-3.87016,48.35713]},"properties":{"barrier":"fence","location":"outdoor","operator":"Électricité de France","operator:wikidata":"Q274591","power":"substation","substation":"transmission","voltage":"225000","osm":"way/449748848"}},{"type":"Feature","geometry":{"type":"Point","coordinates":[-3.87018,48.35678]},"properties":{"barrier":"fence","location":"outdoor","operator":"Électricité de France","operator:wikidata":"Q274591","power":"substation","substation":"transmission","voltage":"225000","osm":"way/449748850"}},{"type":"Feature","geometry":{"type":"Point","coordinates":[-1.66133,49.29715]},"properties":{"barrier":"fence","branch":"RTE","frequency":"50","gas_insulated":"yes","landuse":"industrial","name":"Poste Électrique de St-Rémy-des-Landes","operator":"RTE","operator:wikidata":"Q2178795","power":"substation","ref:FR:RTE":"SSRLA","ref:FR:RTE_nom":"ST-REMY-DES-LANDES","substation":"transmission","voltage":"90000","osm":"way/457209546"}},{"type":"Feature","geometry":{"type":"Point","coordinates":[1.86386,47.91021]},"properties":{"barrier":"fence","operator":"RTE","operator:wikidata":"Q2178795","power":"substation","ref:FR:RTE":"MARCH","ref:FR:RTE_nom":"MARCHAIS","source":"Bing","voltage":"90000","osm":"way/457224019"}},{"type":"Feature","geometry":{"type":"Point","coordinates":[-0.54924,47.94314]},"properties":{"operator":"RTE","operator:wikidata":"Q2178795","power":"substation","ref:FR:RTE":"MESLA","ref:FR:RTE_nom":"MESLAY","source":"data.gouv.fr:RTE - 04/2017","voltage":"90000","osm":"way/466127861"}},{"type":"Feature","geometry":{"type":"Point","coordinates":[1.83336,50.66225]},"properties":{"operator":"RTE","operator:wikidata":"Q2178795","operator:wikipedia":"fr:RTE (entreprise)","power":"substation","ref:FR:RTE":"DESVR","ref:FR:RTE_nom":"DESVRES","source":"data.gouv.fr:RTE - 04/2017","voltage":"90000","osm":"way/472945953"}},{"type":"Feature","geometry":{"type":"Point","coordinates":[1.61739,48.81152]},"properties":{"barrier":"fence","operator":"RTE","operator:wikidata":"Q2178795","power":"substation","ref:FR:RTE":"RICH5","ref:FR:RTE_nom":"RICHEBOURG","source":"data.gouv.fr:RTE - 04/2017","substation":"distribution","voltage":"225000","osm":"way/476639961"}},{"type":"Feature","geometry":{"type":"Point","coordinates":[1.55705,49.61322]},"properties":{"barrier":"fence","frequency":"50","location":"outdoor","name":"Poste électrique de Forges-les-Eaux","operator":"RTE","operator:wikidata":"Q2178795","power":"substation","ref:FR:RTE":"F.EAU","ref:FR:RTE_nom":"FORGES-LES-EAUX","source":"data.gouv.fr:RTE - 04/2017","voltage":"90000","osm":"way/481361213"}},{"type":"Feature","geometry":{"type":"Point","coordinates":[1.46981,48.42791]},"properties":{"operator":"RTE","power":"substation","ref:FR:RTE":"LUISA","ref:FR:RTE_nom":"LUISANT","source":"data.gouv.fr:RTE - 04/2017","voltage":"90000","osm":"way/488103447"}},{"type":"Feature","geometry":{"type":"Point","coordinates":[1.75979,49.35783]},"properties":{"operator":"RTE","power":"substation","ref:FR:RTE":"SERIF","ref:FR:RTE_nom":"SERIFONTAINE","source":"data.gouv.fr:RTE - 04/2017","voltage":"63000","osm":"way/488683329"}},{"type":"Feature","geometry":{"type":"Point","coordinates":[1.75189,48.90408]},"properties":{"name":"Poste électrique d’Hargeville","operator":"RTE","operator:wikidata":"Q2178795","power":"substation","ref:FR:RTE":"HARGE","ref:FR:RTE_nom":"HARGEVILLE","source":"data.gouv.fr:RTE - 04/2017","substation":"industrial","voltage":"63000","osm":"way/488813506"}},{"type":"Feature","geometry":{"type":"Point","coordinates":[1.38129,48.74506]},"properties":{"name":"Les Fontaines","operator":"RTE","operator:wikidata":"Q2178795","operator:wikipedia":"fr:RTE (entreprise)","power":"substation","ref:FR:RTE":"FTAI8","ref:FR:RTE_nom":"FONTAINES(LES)","source":"data.gouv.fr:RTE - 04/2017","voltage":"90000","osm":"way/488883395"}},{"type":"Feature","geometry":{"type":"Point","coordinates":[0.98942,49.35112]},"properties":{"name":"Maritime","operator":"SNCF Réseau","operator:wikidata":"Q21605526","power":"substation","ref:FR:RTE":"MARIT","ref:FR:RTE_nom":"MARITIME","source":"data.gouv.fr:RTE - 04/2017","substation":"traction","voltage":"90000","osm":"way/488898563"}},{"type":"Feature","geometry":{"type":"Point","coordinates":[-0.15163,48.17468]},"properties":{"operator":"RTE","power":"substation","ref:FR:RTE":"S.GUI","ref:FR:RTE_nom":"SILLE-LE-GUILLAUME","source":"data.gouv.fr:RTE - 04/2017","voltage":"90000","osm":"way/490402898"}},{"type":"Feature","geometry":{"type":"Point","coordinates":[1.91982,48.7372]},"properties":{"name":"Poste électrique de Coignères","operator":"RTE","operator:wikidata":"Q2178795","power":"substation","ref:FR:RTE":"COIG5","ref:FR:RTE_nom":"COIGNIERES","source":"data.gouv.fr:RTE - 04/2017","voltage":"63000","osm":"way/490431316"}},{"type":"Feature","geometry":{"type":"Point","coordinates":[0.78213,47.52419]},"properties":{"barrier":"fence","operator":"RTE","operator:wikidata":"Q2178795","operator:wikipedia":"fr:RTE (entreprise)","power":"substation","ref:FR:RTE":"MONNA","ref:FR:RTE_nom":"MONNAIE","source":"data.gouv.fr:RTE - 04/2017","voltage":"90000","osm":"way/492142041"}},{"type":"Feature","geometry":{"type":"Point","coordinates":[0.90943,47.60907]},"properties":{"barrier":"fence","operator":"RTE","power":"substation","ref:FR:RTE":"C.REN","ref:FR:RTE_nom":"CHATEAU-RENAULT","source":"data.gouv.fr:RTE - 04/2017","voltage":"90000","osm":"way/492148050"}},{"type":"Feature","geometry":{"type":"Point","coordinates":[1.94324,47.9165]},"properties":{"barrier":"fence","operator":"RTE","operator:wikidata":"Q2178795","power":"substation","ref:FR:RTE":"BELNE","ref:FR:RTE_nom":"BELNEUF","source":"data.gouv.fr:RTE - 04/2017","voltage":"90000","osm":"way/492602946"}},{"type":"Feature","geometry":{"type":"Point","coordinates":[0.28441,51.49169]},"properties":{"name":"Chafford West 400kV Sealing End Compound","operator":"UK Power Networks","operator:wikidata":"Q7864927","power":"substation","substation":"transition","voltage":"400000","osm":"way/494951596"}},{"type":"Feature","geometry":{"type":"Point","coordinates":[0.28646,51.49196]},"properties":{"name":"Chafford East 400kV Sealing End Compound","operator":"UK Power Networks","operator:wikidata":"Q7864927","power":"substation","substation":"transition","voltage":"400000","osm":"way/494951597"}},{"type":"Feature","geometry":{"type":"Point","coordinates":[-0.2994,47.82108]},"properties":{"barrier":"fence","operator":"RTE","operator:wikidata":"Q2178795","power":"substation","ref:FR:RTE":"VION","ref:FR:RTE_nom":"VION","source":"data.gouv.fr:RTE - 04/2017","substation":"distribution","voltage":"90000","osm":"way/509074266"}},{"type":"Feature","geometry":{"type":"Point","coordinates":[-4.50307,48.0264]},"properties":{"location":"outdoor","operator":"Enedis","operator:wikidata":"Q3587594","power":"substation","ref:FR:RTE":"AUDIE","ref:FR:RTE_nom":"AUDIERNE","source":"data.gouv.fr:RTE - 04/2017","substation":"distribution","voltage":"63000;20000","osm":"way/510884308"}},{"type":"Feature","geometry":{"type":"Point","coordinates":[-1.66993,47.65145]},"properties":{"barrier":"fence","operator":"Enedis","power":"substation","ref:FR:RTE":"DERVA","ref:FR:RTE_nom":"DERVAL","source":"data.gouv.fr:RTE - 04-2017","substation":"distribution","voltage":"90000","osm":"way/537436753"}},{"type":"Feature","geometry":{"type":"Point","coordinates":[-2.71097,47.65729]},"properties":{"barrier":"fence","name":"Poste électrique du Prat","operator:type":"private","power":"substation","ref:FR:RTE":"PRAT","ref:FR:RTE_nom":"LE PRAT","source":"data.gouv.fr:RTE - 04/2017","substation":"industrial","voltage":"63000","osm":"way/544666319"}},{"type":"Feature","geometry":{"type":"Point","coordinates":[-3.32277,47.78059]},"properties":{"operator":"RTE","power":"substation","ref:FR:RTE":"MANEG","ref:FR:RTE_nom":"MANEGUEN","source":"data.gouv.fr:RTE - 04/2017","voltage":"63000","osm":"way/545127831"}},{"type":"Feature","geometry":{"type":"Point","coordinates":[-3.48635,47.76748]},"properties":{"operator":"RTE","operator:wikidata":"Q2178795","power":"substation","ref:FR:RTE":"GUIDE","ref:FR:RTE_nom":"GUIDEL","source":"data.gouv.fr:RTE - 04/2017","voltage":"63000","osm":"way/545640335"}},{"type":"Feature","geometry":{"type":"Point","coordinates":[-2.46235,47.68283]},"properties":{"operator":"RTE","power":"substation","ref:FR:RTE":"QUEST","ref:FR:RTE_nom":"QUESTEMBERT","source":"data.gouv.fr:RTE - 04/2017","voltage":"63000","osm":"way/546451449"}},{"type":"Feature","geometry":{"type":"Point","coordinates":[-3.01944,48.19312]},"properties":{"operator":"RTE","power":"substation","ref:FR:RTE":"GUERL","ref:FR:RTE_nom":"GUERLEDAN","source":"data.gouv.fr:RTE - 04/2017","voltage":"63000","osm":"way/546932969"}},{"type":"Feature","geometry":{"type":"Point","coordinates":[-3.54565,47.88706]},"properties":{"name":"Poste électrique de Mauduit","operator":"RTE","power":"substation","ref:FR:RTE":"MAUDU","ref:FR:RTE_nom":"MAUDUIT","source":"data.gouv.fr:RTE - 04/2017","voltage":"63000","osm":"way/546939060"}},{"type":"Feature","geometry":{"type":"Point","coordinates":[-3.54997,47.88368]},"properties":{"name":"Poste électrique de Quimperlé","operator":"RTE","power":"substation","ref:FR:RTE":"QUIM5","ref:FR:RTE_nom":"QUIMPERLE","source":"data.gouv.fr:RTE - 04/2017","voltage":"63000","osm":"way/546939062"}},{"type":"Feature","geometry":{"type":"Point","coordinates":[-2.36967,47.80875]},"properties":{"name":"Poste électrique de Malestroit","operator":"RTE","power":"substation","ref:FR:RTE":"MALE5","ref:FR:RTE_nom":"MALESTROIT","source":"data.gouv.fr:RTE - 04/2017","voltage":"63000","osm":"way/546939065"}},{"type":"Feature","geometry":{"type":"Point","coordinates":[-0.48199,47.50669]},"properties":{"barrier":"fence","operator":"Enedis","operator:wikidata":"Q3587594","power":"substation","ref:FR:RTE":"SSANJ","ref:FR:RTE_nom":"ST-SYLVAIN-D'ANJOU","source":"data.gouv.fr:RTE - 04/2017","substation":"distribution","voltage":"90000","osm":"way/547200593"}},{"type":"Feature","geometry":{"type":"Point","coordinates":[-0.61437,47.52661]},"properties":{"operator":"RTE","operator:wikidata":"Q2178795","power":"substation","ref:FR:RTE":"BELFR","ref:FR:RTE_nom":"BELFROY","source":"data.gouv.fr:RTE - 04/2017","substation":"industrial","voltage":"90000","osm":"way/547200900"}},{"type":"Feature","geometry":{"type":"Point","coordinates":[-4.02122,48.02528]},"properties":{"name":"Poste électrique d’Odet","name:br":"Post-tredan Oded","name:fr":"Poste électrique d’Odet","operator":"RTE","power":"substation","ref:FR:RTE":"ODET","ref:FR:RTE_nom":"ODET","source":"data.gouv.fr:RTE - 04/2017","source:name:br":"proper translation","voltage":"63000","osm":"way/548832741"}},{"type":"Feature","geometry":{"type":"Point","coordinates":[-1.16483,47.75001]},"properties":{"operator":"RTE","power":"substation","ref:FR:RTE":"POUAN","ref:FR:RTE_nom":"POUANCE","source":"data.gouv.fr:RTE - 04/2017","voltage":"90000","osm":"way/548938239"}},{"type":"Feature","geometry":{"type":"Point","coordinates":[0.55523,47.52241]},"properties":{"name":"Poste électrique de Semblancay","operator":"RTE","power":"substation","ref:FR:RTE":"SEMBL","ref:FR:RTE_nom":"SEMBLANCAY","source":"data.gouv.fr:RTE - 04/2017","voltage":"90000","osm":"way/548938276"}},{"type":"Feature","geometry":{"type":"Point","coordinates":[-4.02634,48.09899]},"properties":{"operator":"RTE","power":"substation","ref:FR:RTE":"BRIEC","ref:FR:RTE_nom":"BRIEC","source":"data.gouv.fr:RTE - 04/2017","voltage":"63000","osm":"way/549033628"}},{"type":"Feature","geometry":{"type":"Point","coordinates":[-4.6402,48.43467]},"properties":{"barrier":"wall","name":"Poste électrique de Saint-Renan","operator":"RTE","operator:wikidata":"Q2178795","power":"substation","ref:FR:RTE":"SSREN","ref:FR:RTE_nom":"ST-RENAN","source":"data.gouv.fr:RTE - 04/2017","substation":"distribution","voltage":"63000;20000","osm":"way/549311102"}},{"type":"Feature","geometry":{"type":"Point","coordinates":[-4.22791,48.46182]},"properties":{"barrier":"wall","frequency":"50","name":"Sous-station SNCF de Pencran","operator":"SNCF Réseau","operator:wikidata":"Q21605526","power":"substation","ref:FR:RTE":"PENCR","ref:FR:RTE_nom":"PENCRAN","source":"data.gouv.fr:RTE - 04/2017","substation":"traction","voltage":"63000;25000","osm":"way/549311990"}},{"type":"Feature","geometry":{"type":"Point","coordinates":[1.85547,48.69106]},"properties":{"name":"Sous-station de Marguand","operator":"RTE","operator:wikidata":"Q2178795","operator:wikipedia":"fr:RTE (entreprise)","power":"substation","ref:FR:RTE":"MARGU","ref:FR:RTE_nom":"MARGUAND","source":"data.gouv.fr:RTE - 04/2017","voltage":"63000","osm":"way/549587917"}},{"type":"Feature","geometry":{"type":"Point","coordinates":[-0.79266,48.05212]},"properties":{"barrier":"fence","frequency":"50","name":"Poste électrique de Laval","operator":"Enedis","operator:wikidata":"Q3587594","power":"substation","ref:FR:RTE":"LAVAL","ref:FR:RTE_nom":"LAVAL","source":"data.gouv.fr:RTE - 04/2017","substation":"distribution","voltage":"90000;20000","osm":"way/552445657"}},{"type":"Feature","geometry":{"type":"Point","coordinates":[0.12057,50.94116]},"properties":{"landuse":"industrial","name":"Little Horsted Substation","note":"Still waiting for aerial imagery for exact location","operator":"National Grid Electricity Transmission","power":"substation","substation":"transmission","voltage":"400000;132000","website":"https://www.nationalgrid.com/electricity-transmission/network-and-infrastructure/little-horsted","osm":"way/555563722"}},{"type":"Feature","geometry":{"type":"Point","coordinates":[-1.03885,48.10843]},"properties":{"operator":"RTE","operator:wikidata":"Q2178795","power":"substation","ref:FR:RTE":"BREAL","ref:FR:RTE_nom":"BREAL","source":"data.gouv.fr:RTE - 04/2017","voltage":"90000","osm":"way/570434492"}},{"type":"Feature","geometry":{"type":"Point","coordinates":[-1.07198,48.44065]},"properties":{"name":"Poste électrique de Pontmain","operator":"RTE","power":"substation","ref:FR:RTE":"PTMAI","ref:FR:RTE_nom":"PONTMAIN","source":"data.gouv.fr:RTE - 04/2017","substation":"industrial","voltage":"90000","osm":"way/570717767"}},{"type":"Feature","geometry":{"type":"Point","coordinates":[-0.70634,48.31976]},"properties":{"barrier":"fence","location":"outdoor","operator":"RTE","power":"substation","ref:FR:RTE":"BUTTA","ref:FR:RTE_nom":"BUTTAVENT","source":"data.gouv.fr:RTE - 04/2017","substation":"transmission","voltage":"225000","osm":"way/571067152"}},{"type":"Feature","geometry":{"type":"Point","coordinates":[-2.75712,48.52302]},"properties":{"operator":"RTE","power":"substation","ref:FR:RTE":"SSBRI","ref:FR:RTE_nom":"ST-BRIEUC","source":"data.gouv.fr:RTE - 04/2017","voltage":"63000","osm":"way/572146330"}},{"type":"Feature","geometry":{"type":"Point","coordinates":[-2.77449,48.50237]},"properties":{"operator":"RTE","power":"substation","ref:FR:RTE":"CARPO","ref:FR:RTE_nom":"CARPONT","source":"data.gouv.fr:RTE - 04/2017","voltage":"63000","osm":"way/572146333"}},{"type":"Feature","geometry":{"type":"Point","coordinates":[-3.38318,48.55836]},"properties":{"name":"Poste électrique de Nénez","operator":"RTE","power":"substation","ref:FR:RTE":"NENEZ","ref:FR:RTE_nom":"NENEZ","source":"data.gouv.fr:RTE - 04/2017","voltage":"63000","osm":"way/572431016"}},{"type":"Feature","geometry":{"type":"Point","coordinates":[-0.74954,48.0961]},"properties":{"name":"Poste électrique de Changé","operator":"RTE","power":"substation","ref:FR:RTE":"CHANG","ref:FR:RTE_nom":"CHANGE","source":"data.gouv.fr:RTE - 04/2017","voltage":"90000","osm":"way/574963420"}},{"type":"Feature","geometry":{"type":"Point","coordinates":[-0.72822,48.04118]},"properties":{"barrier":"fence","operator":"RTE","power":"substation","ref:FR:RTE":"THEVA","ref:FR:RTE_nom":"THEVALLES","source":"data.gouv.fr:RTE - 04/2017","voltage":"90000","osm":"way/574963421"}},{"type":"Feature","geometry":{"type":"Point","coordinates":[-0.13311,47.99165]},"properties":{"barrier":"fence","operator":"RTE","power":"substation","ref:FR:RTE":"LOUE","ref:FR:RTE_nom":"LOUE","source":"data.gouv.fr:RTE - 04/2017","voltage":"90000","osm":"way/575078452"}},{"type":"Feature","geometry":{"type":"Point","coordinates":[-0.22128,48.46189]},"properties":{"barrier":"fence","name":"Poste électrique de Pré-en-Pail","operator":"RTE","operator:wikidata":"Q2178795","power":"substation","ref:FR:RTE":"P.PAI","ref:FR:RTE_nom":"PRE-EN-PAIL","source":"data.gouv.fr:RTE - 04/2017","voltage":"90000","osm":"way/575078453"}},{"type":"Feature","geometry":{"type":"Point","coordinates":[0.56292,48.74702]},"properties":{"name":"Poste électrique de Boisthorel","operator":"RTE","power":"substation","ref:FR:RTE":"BOIST","ref:FR:RTE_nom":"BOISTHOREL","source":"data.gouv.fr:RTE - 04/2017","voltage":"90000","osm":"way/576027442"}},{"type":"Feature","geometry":{"type":"Point","coordinates":[1.37089,47.5754]},"properties":{"name":"Vineuil","operator":"RTE","operator:wikidata":"Q2178795","operator:wikipedia":"fr:RTE (entreprise)","power":"substation","ref:FR:RTE":"VINEU","ref:FR:RTE_nom":"VINEUIL","source":"data.gouv.fr:RTE - 04/2017","voltage":"90000","osm":"way/576833995"}},{"type":"Feature","geometry":{"type":"Point","coordinates":[0.74623,47.8255]},"properties":{"operator":"RTE","power":"substation","ref:FR:RTE":"ARJOM","ref:FR:RTE_nom":"ARJOMARI","source":"data.gouv.fr:RTE - 04/2017","voltage":"90000","osm":"way/576834003"}},{"type":"Feature","geometry":{"type":"Point","coordinates":[0.7475,47.82515]},"properties":{"operator":"RTE","power":"substation","ref:FR:RTE":"BONN4","ref:FR:RTE_nom":"BONNEVEAU","source":"data.gouv.fr:RTE - 04/2017","voltage":"90000","osm":"way/576834007"}},{"type":"Feature","geometry":{"type":"Point","coordinates":[0.17192,47.93657]},"properties":{"barrier":"fence","operator":"RTE","power":"substation","ref:FR:RTE":"SPAY","ref:FR:RTE_nom":"SPAY","source":"data.gouv.fr:RTE - 04/2017","substation":"industrial","voltage":"90000","osm":"way/577461710"}},{"type":"Feature","geometry":{"type":"Point","coordinates":[0.6424,48.13732]},"properties":{"frequency":"50","operator":"RTE","power":"substation","ref:FR:RTE":"CHERR","ref:FR:RTE_nom":"CHERRE","source":"data.gouv.fr:RTE - 04/2017","voltage":"90000","osm":"way/577461726"}},{"type":"Feature","geometry":{"type":"Point","coordinates":[1.8284,50.01111]},"properties":{"barrier":"wall","name":"Poste électrique de Limeux","operator":"RTE","operator:wikidata":"Q2178795","power":"substation","ref:FR:RTE":"LIMEU","ref:FR:RTE_nom":"LIMEUX (400 KV)","source":"data.gouv.fr:RTE - 04/2017","start_date":"2016-06-25","substation":"transmission","voltage":"400000;225000","osm":"way/580568888"}},{"type":"Feature","geometry":{"type":"Point","coordinates":[1.57935,47.71891]},"properties":{"operator":"RTE","operator:wikidata":"Q2178795","power":"substation","ref:FR:RTE":"SSEA2","ref:FR:RTE_nom":"ST-LAURENT-DES-EAUX B","source":"data.gouv.fr:RTE - 04/2017","voltage":"400000","osm":"way/580927266"}},{"type":"Feature","geometry":{"type":"Point","coordinates":[1.57829,47.71862]},"properties":{"operator":"RTE","operator:wikidata":"Q2178795","power":"substation","ref:FR:RTE":"SSEA2","ref:FR:RTE_nom":"ST-LAURENT-DES-EAUX B","source":"data.gouv.fr:RTE - 04/2017","voltage":"400000","osm":"way/580927270"}},{"type":"Feature","geometry":{"type":"Point","coordinates":[1.92838,47.79254]},"properties":{"barrier":"fence","name":"MERIE","operator":"Enedis","operator:wikidata":"Q3587594","operator:wikipedia":"fr:Enedis","power":"substation","ref:FR:RTE":"MERIE","ref:FR:RTE_nom":"MERIE","source":"data.gouv.fr:RTE - 04/2017","substation":"distribution","voltage":"90000","osm":"way/589696020"}},{"type":"Feature","geometry":{"type":"Point","coordinates":[1.92878,47.79376]},"properties":{"barrier":"fence","location":"outdoor","name":"ST-CYR-EN-VAL","operator":"RTE","operator:wikidata":"Q2178795","power":"substation","ref:FR:RTE":"SSVA6","ref:FR:RTE_nom":"ST-CYR-EN-VAL","source":"data.gouv.fr:RTE - 04/2017","substation":"transmission","voltage":"225000;90000","osm":"way/589696021"}},{"type":"Feature","geometry":{"type":"Point","coordinates":[1.26126,48.57237]},"properties":{"name":"Poste électrique de Thimert-Gâtelles (prod. Crucey)","operator":"RTE","power":"substation","ref:FR:RTE":"T.GAT","ref:FR:RTE_nom":"THIMERT-GATELLES (PROD. CRUCEY)","source":"data.gouv.fr:RTE - 04/2017","voltage":"90000","osm":"way/589696022"}},{"type":"Feature","geometry":{"type":"Point","coordinates":[1.19239,49.26221]},"properties":{"name":"Poste électrique de Val-de-Reuil","operator":"RTE","operator:wikidata":"Q2178795","power":"substation","ref:FR:RTE":"V.REU","ref:FR:RTE_nom":"VAL-DE-REUIL","source":"data.gouv.fr:RTE - 04/2017","voltage":"90000","osm":"way/589696023"}},{"type":"Feature","geometry":{"type":"Point","coordinates":[1.18893,49.26072]},"properties":{"name":"Poste électrique de la Coulinière","operator":"RTE","operator:wikidata":"Q2178795","power":"substation","ref:FR:RTE":"COULI","ref:FR:RTE_nom":"COULINIERE (LA)","source":"data.gouv.fr:RTE - 04/2017","voltage":"90000","osm":"way/589696024"}},{"type":"Feature","geometry":{"type":"Point","coordinates":[1.00356,49.30813]},"properties":{"operator":"RTE","power":"substation","ref:FR:RTE":"SSELB","ref:FR:RTE_nom":"ST-AUBIN-LES-ELBEUF","source":"data.gouv.fr:RTE - 04/2017","voltage":"90000","osm":"way/589696025"}},{"type":"Feature","geometry":{"type":"Point","coordinates":[0.52566,49.3471]},"properties":{"name":"Poste électrique de Pont-Audemer","operator":"RTE","power":"substation","ref:FR:RTE":"P.AU5","ref:FR:RTE_nom":"PONT-AUDEMER","source":"data.gouv.fr:RTE - 04/2017","voltage":"90000","osm":"way/589696026"}},{"type":"Feature","geometry":{"type":"Point","coordinates":[0.53528,49.49247]},"properties":{"name":"Poste électrique des Compas","operator":"RTE","operator:wikidata":"Q2178795","power":"substation","ref:FR:RTE":"COMPA","ref:FR:RTE_nom":"COMPAS (LES)","source":"data.gouv.fr:RTE - 04/2017","voltage":"90000","osm":"way/589696027"}},{"type":"Feature","geometry":{"type":"Point","coordinates":[0.28775,49.47296]},"properties":{"operator":"RTE","operator:wikidata":"Q2178795","power":"substation","ref:FR:RTE":"CZLIS","ref:FR:RTE_nom":"COURLIS","source":"data.gouv.fr:RTE - 04/2017","voltage":"90000","osm":"way/589696028"}},{"type":"Feature","geometry":{"type":"Point","coordinates":[1.22449,49.97626]},"properties":{"operator":"RTE","operator:wikidata":"Q2178795","power":"substation","ref:FR:RTE":"CAMIL","ref:FR:RTE_nom":"CAMILLE (EX-CHANTIERS DE PENLY)","source":"data.gouv.fr:RTE - 04/2017","substation":"industrial","voltage":"90000","osm":"way/589696030"}},{"type":"Feature","geometry":{"type":"Point","coordinates":[1.39595,50.06115]},"properties":{"operator":"RTE","operator:wikidata":"Q2178795","operator:wikipedia":"fr:RTE (entreprise)","power":"substation","ref:FR:RTE":"MERS","ref:FR:RTE_nom":"MERS","source":"data.gouv.fr:RTE - 2021-04","voltage":"90000","osm":"way/589696031"}},{"type":"Feature","geometry":{"type":"Point","coordinates":[1.87945,50.96704]},"properties":{"barrier":"fence","frequency":"50","name":"Poste électrique des Guerlettes","operator":"RTE","operator:wikidata":"Q2178795","operator:wikipedia":"fr:RTE (entreprise)","power":"substation","ref:FR:RTE":"GUER6","ref:FR:RTE_nom":"GUERLETTES (LES)","source":"data.gouv.fr:RTE - 04/2017","substation":"industrial","voltage":"90000","osm":"way/589696036"}},{"type":"Feature","geometry":{"type":"Point","coordinates":[1.60025,50.70561]},"properties":{"operator":"RTE","operator:wikidata":"Q2178795","operator:wikipedia":"fr:RTE (entreprise)","power":"substation","ref:FR:RTE":"V.VOI","ref:FR:RTE_nom":"VERTE-VOIE","source":"data.gouv.fr:RTE - 04/2017","voltage":"90000","osm":"way/589696039"}},{"type":"Feature","geometry":{"type":"Point","coordinates":[1.60306,50.6923]},"properties":{"frequency":"50","location":"outdoor","name":"Outreau","operator":"RTE","operator:wikidata":"Q2178795","operator:wikipedia":"fr:RTE (entreprise)","power":"substation","ref:FR:RTE":"OUTRE","ref:FR:RTE_nom":"OUTREAU","source":"data.gouv.fr:RTE - 04/2017","voltage":"90000","osm":"way/589696040"}},{"type":"Feature","geometry":{"type":"Point","coordinates":[1.62443,50.68338]},"properties":{"frequency":"50","name":"Poste électrique du Pont de Briques","operator":"RTE","operator:wikidata":"Q2178795","operator:wikipedia":"fr:RTE (entreprise)","power":"substation","ref:FR:RTE":"P.BRI","ref:FR:RTE_nom":"PONT DE BRIQUES","source":"data.gouv.fr:RTE - 04/2017","voltage":"90000","osm":"way/589696041"}},{"type":"Feature","geometry":{"type":"Point","coordinates":[-1.03683,48.01413]},"properties":{"barrier":"fence","frequency":"50","location":"outdoor","name":"Sous-station SNCF du Pertre","operator":"SNCF Réseau","operator:wikidata":"Q21605526","power":"substation","ref:FR:RTE":"PERTR","ref:FR:RTE_nom":"PERTRE (LE)","substation":"traction","voltage":"225000","osm":"way/598419179"}},{"type":"Feature","geometry":{"type":"Point","coordinates":[1.96715,50.2361]},"properties":{"barrier":"fence","location":"outdoor","operator":"private","power":"substation","ref:FR:RTE":"B.CO5","ref:FR:RTE_nom":"BRAILLY-CORNEHOTTE (CLIENT)","source":"data.gouv.fr:RTE - 04/2017","substation":"industrial","voltage":"225000","osm":"way/614599310"}},{"type":"Feature","geometry":{"type":"Point","coordinates":[1.61211,47.78536]},"properties":{"operator":"Enedis","operator:wikidata":"Q3587594","power":"substation","ref:FR:RTE_nom":"BEAUGENCY","substation":"distribution","voltage":"90000","osm":"way/622913574"}},{"type":"Feature","geometry":{"type":"Point","coordinates":[1.6595,48.32391]},"properties":{"barrier":"fence","location":"outdoor","name":"Poste électrique de Justice","power":"substation","ref:FR:RTE":"JUSTI","ref:FR:RTE_nom":"JUSTICE","substation":"generation","voltage":"225000","osm":"way/627450679"}},{"type":"Feature","geometry":{"type":"Point","coordinates":[1.44991,48.4148]},"properties":{"barrier":"wall","location":"outdoor","name":"Poste électrique de Chartres-sud","operator":"Synelva","power":"substation","ref:FR:RTE":"CHA.S","ref:FR:RTE_nom":"CHARTRES-SUD","source":"data.gouv.fr:RTE - 04/2017","substation":"distribution","voltage":"225000;20000","osm":"way/627450758"}},{"type":"Feature","geometry":{"type":"Point","coordinates":[1.95267,48.77411]},"properties":{"barrier":"wall","name":"Poste source","operator":"Enedis","operator:wikidata":"Q3587594","power":"substation","substation":"distribution","voltage":"63000","osm":"way/631641267"}},{"type":"Feature","geometry":{"type":"Point","coordinates":[-0.22786,50.97482]},"properties":{"addr:city":"Haywards Heath","addr:housename":"Twineham 400kv Substation","addr:postcode":"RH17 5NH","addr:street":"Bob Lane","addr:village":"Bolney","barrier":"fence","name":"Rampion Wind Farm Onshore Substation","power":"substation","substation":"transmission","voltage":"400000;150000","osm":"way/635744120"}},{"type":"Feature","geometry":{"type":"Point","coordinates":[-1.28503,50.83564]},"properties":{"landuse":"industrial","name":"Chilling Lane Substation","note":"Part of IFA2 Interconnector project; Completion winter 2019","operator":"National Grid","power":"substation","substation":"transmission","voltage":"400000","osm":"way/636630371"}},{"type":"Feature","geometry":{"type":"Point","coordinates":[-0.30702,47.87481]},"properties":{"barrier":"fence","location":"outdoor","name":"Poste électrique de Moliere","operator":"RTE","power":"substation","ref:FR:RTE":"MOLIE","ref:FR:RTE_nom":"MOLIERE","source":"data.gouv.fr:RTE - 04/2017","substation":"transmission","voltage":"400000;90000","osm":"way/659343518"}},{"type":"Feature","geometry":{"type":"Point","coordinates":[0.60158,51.42444]},"properties":{"location":"outdoor","name":"Damhead Creek Substation","operator":"National Grid","power":"substation","voltage":"400000","osm":"way/662706551"}},{"type":"Feature","geometry":{"type":"Point","coordinates":[1.06362,49.43662]},"properties":{"description":"Poste source ERDF 90 kV \"BOURBAKI\"","name":"Poste électrique de Bourbaki","operator":"RTE","operator:wikidata":"Q2178795","power":"substation","ref:FR:RTE":"BZBAK","ref:FR:RTE_nom":"BOURBAKI","source":"data.gouv.fr:RTE - 04/2017","voltage":"90000","osm":"way/677456884"}},{"type":"Feature","geometry":{"type":"Point","coordinates":[-4.01275,50.38905]},"properties":{"name":"Langage Substation","power":"substation","substation":"transmission","voltage":"400000","osm":"way/677845115"}},{"type":"Feature","geometry":{"type":"Point","coordinates":[1.55613,48.98509]},"properties":{"landuse":"industrial","name":"Poste électrique de Saint-Illiers-la-Ville","operator":"RTE","power":"substation","ref:FR:RTE":"SSVIL","ref:FR:RTE_nom":"ST-ILLIERS-LA-VILLE","voltage":"90000","osm":"way/681312542"}},{"type":"Feature","geometry":{"type":"Point","coordinates":[-1.4402,50.89835]},"properties":{"barrier":"fence","power":"substation","substation":"transmission","voltage":"400000","osm":"way/681875115"}},{"type":"Feature","geometry":{"type":"Point","coordinates":[1.04108,49.31639]},"properties":{"barrier":"fence","location":"outdoor","operator":"RTE","operator:wikidata":"Q2178795","power":"substation","ref:FR:RTE":"MARET","ref:FR:RTE_nom":"MARETTE (LA)","source":"data.gouv.fr:RTE - 2024-12","substation":"industrial","voltage":"225000","osm":"way/704996189"}},{"type":"Feature","geometry":{"type":"Point","coordinates":[1.90945,47.84857]},"properties":{"operator":"RTE","operator:wikidata":"Q2178795","power":"substation","ref:FR:RTE":"CARME","ref:FR:RTE_nom":"CARMES (LES)","source":"data.gouv.fr:RTE - 2022-02","voltage":"90000","osm":"way/744315538"}},{"type":"Feature","geometry":{"type":"Point","coordinates":[-0.26218,49.11078]},"properties":{"name":"Station de Conversion Tourbe","name:en":"Tourbe Converter Station","power":"substation","start_date":"2021-01","substation":"converter","voltage":"320000;400000","wikidata":"Q122970397","osm":"way/753113423"}},{"type":"Feature","geometry":{"type":"Point","coordinates":[1.78328,49.77138]},"properties":{"barrier":"fence","location":"outdoor","operator":"Enedis","operator:wikidata":"Q3587594","power":"substation","ref:FR:RTE":"GAUVI","ref:FR:RTE_nom":"GAUVILLE","source":"RTE 2022","substation":"distribution","voltage":"225000","osm":"way/757982264"}},{"type":"Feature","geometry":{"type":"Point","coordinates":[1.92814,47.79262]},"properties":{"building":"yes","operator":"RTE","operator:wikidata":"Q2178795","operator:wikipedia":"fr:RTE (entreprise)","power":"substation","ref:FR:RTE":"MERIE","ref:FR:RTE_nom":"MERIE","source":"data.gouv.fr:RTE - 2022-01","voltage":"90000","osm":"way/763495195"}},{"type":"Feature","geometry":{"type":"Point","coordinates":[1.34398,51.31131]},"properties":{"barrier":"fence","name":"Richborough 400kV Substation","operator":"National Grid","power":"substation","substation":"transmission","voltage":"400000","osm":"way/771093002"}},{"type":"Feature","geometry":{"type":"Point","coordinates":[1.14473,51.09836]},"properties":{"frequency":"0","name":"Folkestone Converter Station","note":"May be acting as a STATCOM before the actual cable is commissioned","operator":"ElecLink","power":"substation","start_date":"2019","substation":"converter","voltage":"400000;380000","wikidata":"Q122975912","osm":"way/775577829"}},{"type":"Feature","geometry":{"type":"Point","coordinates":[1.73732,48.93241]},"properties":{"barrier":"wall","location":"outdoor","operator":"Enedis","operator:wikidata":"Q3587594","power":"substation","ref:FR:RTE":"B.MAN","ref:FR:RTE_nom":"BOINVILLE-EN-MANTOIS","substation":"distribution","voltage":"225000","osm":"way/788298548"}},{"type":"Feature","geometry":{"type":"Point","coordinates":[1.93503,47.86699]},"properties":{"building":"yes","operator":"RTE","operator:wikidata":"Q2178795","operator:wikipedia":"fr:RTE (entreprise)","power":"substation","ref:FR:RTE":"CARME","ref:FR:RTE_nom":"CARMES (LES)","source":"data.gouv.fr:RTE - 2022-02","voltage":"90000","osm":"way/797837393"}},{"type":"Feature","geometry":{"type":"Point","coordinates":[1.93506,47.86694]},"properties":{"name":"CARMES(LES)","operator":"SNCF Réseau","operator:wikidata":"Q21605526","power":"substation","ref:FR:RTE":"CARME","ref:FR:RTE_nom":"CARMES (LES)","source":"data.gouv.fr:RTE - 12/2018","substation":"traction","voltage":"90000","osm":"way/797912879"}},{"type":"Feature","geometry":{"type":"Point","coordinates":[-1.8739,49.68067]},"properties":{"barrier":"fence","frequency":"50","name":"Poste électrique de La Hague (P90)","operator":"RTE","operator:wikidata":"Q2178795","operator:wikipedia":"fr:RTE (entreprise)","power":"substation","ref:FR:RTE":"HAGUE","ref:FR:RTE_nom":"HAGUE (LA)","substation":"industrial","voltage":"90000;20000;15000","osm":"way/813663226"}},{"type":"Feature","geometry":{"type":"Point","coordinates":[0.59854,51.41857]},"properties":{"barrier":"fence","name":"Kingsnorth Substation","power":"substation","voltage":"400000;132000","osm":"way/814351697"}},{"type":"Feature","geometry":{"type":"Point","coordinates":[1.92246,48.16163]},"properties":{"barrier":"fence","distance":"92.1","location":"outdoor","name":"Sous-station RFF de Tivernon","operator":"SNCF Réseau","owner":"SNCF Réseau","power":"substation","ref:FR:RTE":"R.JAN","ref:FR:RTE_nom":"TIVERNON SNCF (ROUTE DE JANVILLE)","source":"RTE - 6 juin 2020","substation":"traction","voltage":"90000;1500","osm":"way/818615583"}},{"type":"Feature","geometry":{"type":"Point","coordinates":[1.8102,48.78241]},"properties":{"operator":"RTE","power":"substation","ref:FR:RTE":"MTFOR","ref:FR:RTE_nom":"MONTFORT (-L AMAURY)","source":"RTE - 6 juin 2020","voltage":"63000","osm":"way/818615607"}},{"type":"Feature","geometry":{"type":"Point","coordinates":[1.22902,48.4502]},"properties":{"barrier":"fence","operator":"Synelva","power":"substation","ref:FR:RTE":"PHELI","ref:FR:RTE_nom":"PHELIBON","source":"RTE - 6 juin 2020","substation":"distribution","voltage":"90000","osm":"way/818615611"}},{"type":"Feature","geometry":{"type":"Point","coordinates":[-4.504,48.38067]},"properties":{"operator":"RTE","operator:wikidata":"Q2178795","power":"substation","ref:FR:RTE":"LANIN","ref:FR:RTE_nom":"LANINON","source":"RTE - 6 juin 2020","voltage":"63000","osm":"way/818615627"}},{"type":"Feature","geometry":{"type":"Point","coordinates":[-1.18288,48.12352]},"properties":{"operator":"RTE","power":"substation","ref:FR:RTE":"G.HAY","ref:FR:RTE_nom":"GRANDE-HAYE (LA)","source":"RTE - 6 juin 2020","voltage":"90000","osm":"way/823662695"}},{"type":"Feature","geometry":{"type":"Point","coordinates":[1.4583,48.45699]},"properties":{"operator":"RTE","power":"substation","ref:FR:RTE":"MAINV","ref:FR:RTE_nom":"MAINVILLIERS","source":"RTE - 6 juin 2020","voltage":"90000","osm":"way/823662707"}},{"type":"Feature","geometry":{"type":"Point","coordinates":[-0.79675,48.68907]},"properties":{"barrier":"fence","operator":"RTE","operator:wikidata":"Q2178795","power":"substation","ref:FR:RTE":"GERR5","ref:FR:RTE_nom":"GER","source":"RTE - 6 juin 2020","voltage":"90000","osm":"way/823872735"}},{"type":"Feature","geometry":{"type":"Point","coordinates":[0.48444,49.49392]},"properties":{"operator":"RTE","operator:wikidata":"Q2178795","power":"substation","ref:FR:RTE":"RADIC","ref:FR:RTE_nom":"RADICATEL","source":"RTE - 6 juin 2020","voltage":"90000","osm":"way/823872736"}},{"type":"Feature","geometry":{"type":"Point","coordinates":[1.62809,50.50476]},"properties":{"landuse":"industrial","name":"Poste électrique de Tringue","operator":"RTE;Enedis","power":"substation","ref:FR:RTE":"TRING","ref:FR:RTE_nom":"TRINGUE","source":"data.gouv.fr:RTE - 04/2017","voltage":"90000","osm":"way/951243468"}},{"type":"Feature","geometry":{"type":"Point","coordinates":[1.78958,48.97069]},"properties":{"name":"Poste électrique d'Issou","power":"substation","ref:FR:RTE":"ISSOU","ref:FR:RTE_nom":"ISSOU","source":"RTE 2021","substation":"industrial","voltage":"63000","osm":"way/986796721"}},{"type":"Feature","geometry":{"type":"Point","coordinates":[-0.45932,49.13818]},"properties":{"barrier":"fence","name":"Poste électrique de Fontaine-Étoupefour","operator":"Enedis","operator:wikidata":"Q3587594","power":"substation","ref:FR:RTE":"F.ETO","ref:FR:RTE_nom":"FONTAINE-ETOUPEFOUR","source":"RTE 2021","start_date":"2020","substation":"distribution","voltage":"90000;20000","osm":"way/986799293"}},{"type":"Feature","geometry":{"type":"Point","coordinates":[1.63655,48.95346]},"properties":{"name":"Poste électrique de Fontenay-Mauvoisin","power":"substation","ref:FR:RTE":"F.MAU","ref:FR:RTE_nom":"FONTENAY-MAUVOISIN","source":"RTE 2021","voltage":"90000","osm":"way/986801060"}},{"type":"Feature","geometry":{"type":"Point","coordinates":[0.99512,48.46916]},"properties":{"barrier":"fence","operator":"Enedis","power":"substation","ref:FR:RTE":"LOUPE","ref:FR:RTE_nom":"LOUPE (LA)","source":"data.gouv.fr:RTE - 04/2017","substation":"distribution","voltage":"90000","osm":"way/1005072641"}},{"type":"Feature","geometry":{"type":"Point","coordinates":[-4.07261,48.52227]},"properties":{"operator":"TotalEnergies","power":"substation","ref:FR:RTE":"PONAN","start_date":"2022","substation":"generation","voltage":"225000","osm":"way/1010338785"}},{"type":"Feature","geometry":{"type":"Point","coordinates":[-4.47144,48.38592]},"properties":{"location":"indoor","operator":"RTE","operator:wikidata":"Q2178795","power":"substation","ref:FR:RTE":"BRE.R","ref:FR:RTE_nom":"BREST RADE","source":"data.gouv.fr:RTE - 04/2017","substation":"transmission","voltage":"63000","osm":"way/1044323582"}},{"type":"Feature","geometry":{"type":"Point","coordinates":[-3.05067,47.77301]},"properties":{"barrier":"fence","operator":"RTE","operator:wikidata":"Q2178795","power":"substation","ref:FR:RTE":"PLUVI","ref:FR:RTE_nom":"PLUVIGNER","source":"RTE 2022","start_date":"2022","substation":"transmission","voltage":"225000","osm":"way/1046982647"}},{"type":"Feature","geometry":{"type":"Point","coordinates":[-2.89996,51.28654]},"properties":{"power":"substation","substation":"transition","voltage":"400000","osm":"way/1049638569"}},{"type":"Feature","geometry":{"type":"Point","coordinates":[-2.54002,48.46467]},"properties":{"barrier":"fence","power":"substation","ref:FR:RTE":"MAROU","ref:FR:RTE_nom":"MAROUE","start_date":"2017-06","substation":"industrial","voltage":"63000","osm":"way/1056285006"}},{"type":"Feature","geometry":{"type":"Point","coordinates":[1.96371,50.3683]},"properties":{"barrier":"fence","frequency":"50","operator":"RTE","power":"substation","ref:FR:RTE":"B.PLU","ref:FR:RTE_nom":"BOUIN-PLUMOISON","source":"data.gouv.fr:RTE - 2023-01","voltage":"90000","osm":"way/1076169646"}},{"type":"Feature","geometry":{"type":"Point","coordinates":[-0.53009,49.19276]},"properties":{"building":"yes","frequency":"50","name":"Poste source d'Odon","operator":"Enedis","operator:wikidata":"Q3587594","power":"substation","source":"BDTopo - imagerie - 2008","substation":"distribution","voltage":"90000;20000","osm":"way/1076683752"}},{"type":"Feature","geometry":{"type":"Point","coordinates":[-1.51779,49.09363]},"properties":{"barrier":"fence","frequency":"50","name":"Poste électrique de Gouville","operator":"Enedis","operator:wikidata":"Q3587594","power":"substation","ref:FR:RTE":"GOUV5","ref:FR:RTE_nom":"GOUVILLE","source":"RTE 2022","start_date":"2021-10-14","substation":"distribution","voltage":"90000;20000","osm":"way/1081289299"}},{"type":"Feature","geometry":{"type":"Point","coordinates":[-2.83948,51.34058]},"properties":{"barrier":"fence","name":"Sandford Substation","operator":"National Grid Electricity Transmission","operator:wikidata":"Q114453512","power":"substation","start_date":"2023","voltage":"400000;132000","osm":"way/1087785232"}},{"type":"Feature","geometry":{"type":"Point","coordinates":[-3.1382,51.20325]},"properties":{"name":"Shurton Substation","operator":"National Grid","operator:wikidata":"Q1465461","power":"substation","start_date":"2022-06","substation":"transmission","voltage":"400000","osm":"way/1096160079"}},{"type":"Feature","geometry":{"type":"Point","coordinates":[-0.18909,51.43222]},"properties":{"name":"Wimbledon Substation","operator":"National Grid","operator:wikidata":"Q1465461","power":"substation","substation":"transmission","voltage":"400000","osm":"way/1120475588"}},{"type":"Feature","geometry":{"type":"Point","coordinates":[-2.5463,48.02799]},"properties":{"power":"substation","ref:FR:RTE":"LOHAN","ref:FR:RTE_nom":"LOHAN (LE)","voltage":"63000","osm":"way/1152812812"}},{"type":"Feature","geometry":{"type":"Point","coordinates":[1.64039,48.27328]},"properties":{"barrier":"fence","name":"Poste du Bois Paillet","power":"substation","ref:FR:RTE":"B.PAI","ref:FR:RTE_nom":"BOIS PAILLET (LE)","source":"RTE","voltage":"90000","osm":"way/1152812820"}},{"type":"Feature","geometry":{"type":"Point","coordinates":[-1.22389,48.96596]},"properties":{"barrier":"fence","name":"Poste source de Guislain","operator":"Enedis","operator:wikidata":"Q3587594","power":"substation","ref:FR:RTE":"GUISL","ref:FR:RTE_nom":"GUISLAIN (LE)","substation":"distribution","voltage":"90000","osm":"way/1154016600"}},{"type":"Feature","geometry":{"type":"Point","coordinates":[1.78541,47.87838]},"properties":{"barrier":"fence","operator":"SNCF Réseau","operator:wikidata":"Q21605526","power":"substation","ref:FR:RTE":"C.RO6","ref:FR:RTE_nom":"CAS-ROUGE","substation":"traction","voltage":"90000","osm":"way/1163624593"}},{"type":"Feature","geometry":{"type":"Point","coordinates":[-1.58526,48.13983]},"properties":{"barrier":"wall","frequency":"50","name":"Poste électrique de Tizée","operator":"Enedis","operator:wikidata":"Q3587594","power":"substation","ref:FR:RTE":"TIZEE","ref:FR:RTE_nom":"TIZE","substation":"distribution","voltage":"90000;20000","osm":"way/1217606432"}},{"type":"Feature","geometry":{"type":"Point","coordinates":[1.0071,49.36919]},"properties":{"name":"Poste électrique de Darblay","power":"substation","ref:FR:RTE":"DARBL","ref:FR:RTE_nom":"DARBLAY","substation":"industrial","voltage":"225000","osm":"way/1220052058"}},{"type":"Feature","geometry":{"type":"Point","coordinates":[-2.74885,47.66748]},"properties":{"barrier":"fence","operator":"Enedis","operator:wikidata":"Q3587594","power":"substation","ref:FR:RTE":"VANNE","ref:FR:RTE_nom":"VANNES","substation":"distribution","voltage":"63000","osm":"way/1229743574"}},{"type":"Feature","geometry":{"type":"Point","coordinates":[1.73642,48.26547]},"properties":{"barrier":"fence","operator":"RTE","operator:wikidata":"Q2178795","power":"substation","ref:FR:RTE":"B.PRI","ref:FR:RTE_nom":"BOIS PRINCE (LE)","voltage":"90000","osm":"way/1234916243"}},{"type":"Feature","geometry":{"type":"Point","coordinates":[0.71281,51.4451]},"properties":{"name":"Grain Synchronous Condenser","operator":"Uniper","power":"substation","start_date":"2023-04","voltage":"400000","osm":"way/1237240945"}},{"type":"Feature","geometry":{"type":"Point","coordinates":[1.09788,51.29477]},"properties":{"barrier":"fence","frequency":"50","location":"outdoor","power":"substation","substation":"transition","voltage":"400000","osm":"way/1238104263"}},{"type":"Feature","geometry":{"type":"Point","coordinates":[1.78404,50.90224]},"properties":{"frequency":"50","location":"outdoor","name":"Poste électrique des Mandarins","operator":"RTE","operator:wikidata":"Q2178795","operator:wikipedia":"fr:RTE (entreprise)","power":"substation","ref:FR:RTE":"MANDA","ref:FR:RTE_nom":"MANDARINS","substation":"transmission","voltage":"400000","osm":"way/1271288345"}},{"type":"Feature","geometry":{"type":"Point","coordinates":[1.78468,50.90403]},"properties":{"frequency":"50","location":"indoor","name":"Poste électrique des Mandarins","operator":"RTE","operator:wikidata":"Q2178795","operator:wikipedia":"fr:RTE (entreprise)","power":"substation","ref:FR:RTE":"MANDA","ref:FR:RTE_nom":"MANDARINS","substation":"distribution","voltage":"90000","osm":"way/1271288347"}},{"type":"Feature","geometry":{"type":"Point","coordinates":[1.78693,50.90425]},"properties":{"frequency":"50","location":"outdoor","name":"Poste électrique des Mandarins","operator":"RTE","operator:wikidata":"Q2178795","operator:wikipedia":"fr:RTE (entreprise)","power":"substation","ref:FR:RTE":"MANDA","ref:FR:RTE_nom":"MANDARINS","substation":"transmission","voltage":"225000","osm":"way/1271288348"}},{"type":"Feature","geometry":{"type":"Point","coordinates":[0.97468,51.10771]},"properties":{"frequency":"50","location":"outdoor","operator":"National Grid plc","power":"substation","substation":"transition","voltage":"400000","osm":"way/1271295336"}},{"type":"Feature","geometry":{"type":"Point","coordinates":[0.97618,51.10662]},"properties":{"frequency":"50","location":"outdoor","name":"Sellindge Converter Station","operator":"National Grid plc","power":"substation","substation":"converter","voltage":"400000","osm":"way/1271295337"}},{"type":"Feature","geometry":{"type":"Point","coordinates":[0.97221,51.10571]},"properties":{"frequency":"50","gas_insulated":"yes","location":"outdoor","name":"Sellindge Substation","operator":"National Grid plc","power":"substation","substation":"transmission","voltage":"400000;132000;25000","osm":"way/1271295345"}},{"type":"Feature","geometry":{"type":"Point","coordinates":[0.23765,51.46364]},"properties":{"barrier":"fence","name":"Littlebrook Substation","operator":"National Grid Electricity Transmission","operator:wikidata":"Q114453512","power":"substation","substation":"transmission","voltage":"400000;275000","osm":"way/1275300370"}},{"type":"Feature","geometry":{"type":"Point","coordinates":[-1.62483,49.63365]},"properties":{"frequency":"50","name":"Poste électrique de Cherbourg","operator":"RTE","operator:wikidata":"Q2178795","operator:wikipedia":"fr:RTE (entreprise)","power":"substation","ref:FR:RTE":"CHERB","ref:FR:RTE_nom":"CHERBOURG","source":"data.gouv.fr:RTE - 04-2017","substation":"distribution","voltage":"90000;20000","osm":"way/1302890749"}},{"type":"Feature","geometry":{"type":"Point","coordinates":[-1.58242,49.63021]},"properties":{"frequency":"50","name":"Poste électrique de Tourlaville","operator":"Enedis","operator:wikidata":"Q3587594","power":"substation","ref:FR:RTE":"TOURL","ref:FR:RTE_nom":"TOURLAVILLE","source":"data.gouv.fr:RTE - 08/2024","substation":"distribution","voltage":"90000;20000","osm":"way/1305393354"}},{"type":"Feature","geometry":{"type":"Point","coordinates":[1.21025,49.9765]},"properties":{"building":"industrial","operator":"EDF","operator:wikidata":"Q274591","power":"substation","ref:FR:RTE":"PENLY","ref:FR:RTE_nom":"PENLY (POSTE CENTRALE)","substation":"generation","voltage":"400000","osm":"way/1328398132"}},{"type":"Feature","geometry":{"type":"Point","coordinates":[1.21173,49.97748]},"properties":{"building":"industrial","operator":"EDF","operator:wikidata":"Q274591","power":"substation","ref:FR:RTE":"PENLY","ref:FR:RTE_nom":"PENLY (POSTE CENTRALE)","substation":"generation","voltage":"400000","osm":"way/1328398136"}},{"type":"Feature","geometry":{"type":"Point","coordinates":[-0.36651,47.88072]},"properties":{"operator":"RTE","power":"substation","ref:FR:RTE":"AUVER","ref:FR:RTE_nom":"AUVERS","source":"data.gouv.fr:RTE - 04/2017","voltage":"90000","osm":"way/1328928943"}},{"type":"Feature","geometry":{"type":"Point","coordinates":[0.26425,47.66508]},"properties":{"barrier":"fence","power":"substation","ref:FR:RTE":"ALLAR","ref:FR:RTE_nom":"ALLARD","substation":"industrial","voltage":"90000","osm":"way/1330176904"}},{"type":"Feature","geometry":{"type":"Point","coordinates":[1.23402,49.96536]},"properties":{"name":"Poste électrique de Grande-Sole","operator":"RTE","operator:wikidata":"Q2178795","power":"substation","ref:FR:RTE":"G.SOL","start_date":"2025","substation":"transmission","voltage":"400000","osm":"way/1330896577"}},{"type":"Feature","geometry":{"type":"Point","coordinates":[-1.87991,49.53729]},"properties":{"barrier":"wall","frequency":"50","operator":"Électricité de France","operator:short":"EDF","operator:wikidata":"Q274591","power":"substation","substation":"transmission","voltage":"400000","osm":"way/1346912912"}},{"type":"Feature","geometry":{"type":"Point","coordinates":[-2.19284,49.20276]},"properties":{"building":"yes","name":"Western Primary Substation","operator":"Jersey Electricity Company","operator:wikidata":"Q6184843","power":"substation","ref":"WP","substation":"distribution","voltage":"90000","osm":"way/1362617714"}},{"type":"Feature","geometry":{"type":"Point","coordinates":[-2.533,49.47311]},"properties":{"building":"yes","name":"Barker's Quarry Substation","operator":"Channel Islands Electricity Grid","power":"substation","ref":"BQ","substation":"distribution","voltage":"90000","osm":"way/1363125345"}},{"type":"Feature","geometry":{"type":"Point","coordinates":[0.95167,49.52866]},"properties":{"name":"Poste Électrique des Campeaux","operator":"RTE","operator:wikidata":"Q2178795","power":"substation","ref:FR:RTE":"CAMPE","ref:FR:RTE_nom":"CAMPEAUX (LES)","source":"data.gouv.fr:RTE - 04/2017","voltage":"90000","osm":"way/1363927796"}},{"type":"Feature","geometry":{"type":"Point","coordinates":[0.71795,49.84158]},"properties":{"barrier":"fence","name":"Poste Électrique des Barrettes","operator":"RTE","operator:wikidata":"Q2178795","power":"substation","ref:FR:RTE":"BARET","ref:FR:RTE_nom":"BARETTES","source":"data.gouv.fr:RTE - 04/2017","voltage":"90000","osm":"way/1363927828"}},{"type":"Feature","geometry":{"type":"Point","coordinates":[-1.94659,51.36594]},"properties":{"construction":"power","construction:power":"substation","note":"Sealing End Compound location","operator":"NGET","power":"substation","substation":"transition","voltage":"400000","osm":"way/1377318457"}},{"type":"Feature","geometry":{"type":"Point","coordinates":[-2.97485,51.15262]},"properties":{"operator":"NGET","power":"substation","substation":"transition","voltage":"400000","osm":"way/1379653265"}},{"type":"Feature","geometry":{"type":"Point","coordinates":[-2.9698,51.15218]},"properties":{"operator":"NGET","power":"substation","substation":"transition","voltage":"400000","osm":"way/1379654298"}},{"type":"Feature","geometry":{"type":"Point","coordinates":[-2.55765,50.71989]},"properties":{"power":"substation","substation":"transition","voltage":"400000","osm":"way/1382515756"}},{"type":"Feature","geometry":{"type":"Point","coordinates":[0.94183,51.33767]},"properties":{"name":"London Array OWF substation","power":"substation","substation":"generation","voltage":"150000;400000","osm":"way/1412218972"}},{"type":"Feature","geometry":{"type":"Point","coordinates":[0.5488,49.48019]},"properties":{"operator":"RTE","operator:wikidata":"Q2178795","power":"substation","ref:FR:RTE":"DARS5","ref:FR:RTE_nom":"DARSE","source":"data.gouv.fr:RTE - 04/2017","voltage":"90000","osm":"way/1420803204"}},{"type":"Feature","geometry":{"type":"Point","coordinates":[1.88106,47.88378]},"properties":{"operator":"RTE","operator:wikidata":"Q2178795","power":"substation","ref:FR:RTE":"BIZET","ref:FR:RTE_nom":"BIZETTE","source":"data.gouv.fr:RTE - 2022-02","voltage":"90000","osm":"way/1420806381"}},{"type":"Feature","geometry":{"type":"Point","coordinates":[0.93878,51.33974]},"properties":{"barrier":"fence","name":"Cleve Hill Solar Park Substation","power":"substation","voltage":"400000","osm":"way/1436200095"}},{"type":"Feature","geometry":{"type":"Point","coordinates":[-2.51055,50.6603]},"properties":{"power":"substation","substation":"transition","voltage":"400000","osm":"way/1447938901"}},{"type":"Feature","geometry":{"type":"Point","coordinates":[0.50263,49.49659]},"properties":{"barrier":"fence","power":"substation","substation":"industrial","voltage":"225000","osm":"way/1451191743"}},{"type":"Feature","geometry":{"type":"Point","coordinates":[0.50198,49.4966]},"properties":{"barrier":"fence","power":"substation","substation":"industrial","voltage":"225000","osm":"way/1451191744"}},{"type":"Feature","geometry":{"type":"Point","coordinates":[0.50151,49.49776]},"properties":{"barrier":"fence","operator":"RTE","operator:wikidata":"Q2178795","power":"substation","ref:FR:RTE":"M.RAD","start_date":"2025","substation":"transmission","voltage":"225000","osm":"way/1451191769"}},{"type":"Feature","geometry":{"type":"Point","coordinates":[-3.13857,51.20327]},"properties":{"building":"switch_house","power":"substation","substation":"yes","voltage":"400000","osm":"way/1453741978"}},{"type":"Feature","geometry":{"type":"Point","coordinates":[-1.04238,50.91687]},"properties":{"barrier":"fence","power":"substation","substation":"transition","voltage":"400000","osm":"way/1456918183"}},{"type":"Feature","geometry":{"type":"Point","coordinates":[0.59667,51.4195]},"properties":{"barrier":"fence","power":"substation","substation":"transition","voltage":"400000","osm":"way/1464877852"}},{"type":"Feature","geometry":{"type":"Point","coordinates":[1.89528,49.83383]},"properties":{"barrier":"fence","power":"substation","ref:FR:RTE":"H.BOU","substation":"generation","voltage":"225000","osm":"way/1483521832"}},{"type":"Feature","geometry":{"type":"Point","coordinates":[-0.4844,51.35061]},"properties":{"name":"West Weybridge Substation","operator":"National Grid","power":"substation","substation":"transmission","type":"multipolygon","voltage":"400000;275000;132000","osm":"relation/7880111"}},{"type":"Feature","geometry":{"type":"Point","coordinates":[-1.32867,50.82169]},"properties":{"name":"Fawley Substation","operator":"National Grid","power":"substation","ref":"FAWL","substation":"transmission","type":"multipolygon","voltage":"400000","osm":"relation/9409219"}},{"type":"Feature","geometry":{"type":"Point","coordinates":[-4.89967,50.39493]},"properties":{"name":"Indian Queens Substation","operator":"National Grid Electricity Transmission","operator:wikidata":"Q114453512","power":"substation","substation":"transmission","type":"multipolygon","voltage":"400000;132000","osm":"relation/9572254"}},{"type":"Feature","geometry":{"type":"Point","coordinates":[1.34639,51.31004]},"properties":{"name":"NEMO Link converter station","operator":"National Grid Electricity Transmission","operator:wikidata":"Q114453512","power":"substation","substation":"converter","type":"multipolygon","voltage":"400000;132000;33000","osm":"relation/10695345"}},{"type":"Feature","geometry":{"type":"Point","coordinates":[0.14914,49.47452]},"properties":{"location":"outdoor","operator":"Électricité de France","operator:short":"EDF","operator:wikidata":"Q274591","power":"substation","ref:FR:RTE":"HAVRE","ref:FR:RTE_nom":"HAVRE (LE) (CENTRALE)","source":"RTE 2021","substation":"transmission","type":"multipolygon","voltage":"225000","osm":"relation/13260100"}},{"type":"Feature","geometry":{"type":"Point","coordinates":[0.24922,51.46057]},"properties":{"barrier":"fence","name":"Littlebrook/W Thurrock Cable Compound","operator":"National Grid","power":"substation","substation":"transition","type":"multipolygon","voltage":"400000","osm":"relation/14697319"}},{"type":"Feature","geometry":{"type":"Point","coordinates":[1.57884,47.71877]},"properties":{"name":"Saint-Laurent Nouan","operator":"RTE","operator:wikidata":"Q2178795","power":"substation","substation":"generation","type":"multipolygon","voltage":"400000","osm":"relation/14974823"}},{"type":"Feature","geometry":{"type":"Point","coordinates":[1.42454,49.7244]},"properties":{"landuse":"industrial","name":"Poste électrique de Neufchâtel","operator":"RTE","operator:wikidata":"Q2178795","power":"substation","ref:FR:RTE":"NEUF5","ref:FR:RTE_nom":"NEUFCHATEL","type":"multipolygon","voltage":"90000","osm":"relation/16335148"}},{"type":"Feature","geometry":{"type":"Point","coordinates":[1.90753,49.14831]},"properties":{"frequency":"50","location":"outdoor","name":"Poste Électrique du Vexin","operator":"RTE","power":"substation","ref:FR:RTE":"VEXIN","ref:FR:RTE_nom":"VEXIN","substation":"transmission","type":"multipolygon","voltage":"63000","osm":"relation/20592061"}},{"type":"Feature","geometry":{"type":"Point","coordinates":[2.74718,45.08297]},"properties":{"location":"indoor","name":"Arrivée 63KV Neussargues","power":"substation","substation":"distribution","voltage":"63000","osm":"node/3040888470"}},{"type":"Feature","geometry":{"type":"Point","coordinates":[2.74718,45.08317]},"properties":{"location":"indoor","operator":"Enedis","operator:wikidata":"Q3587594","power":"substation","substation":"distribution","voltage":"63000","osm":"node/3040888473"}},{"type":"Feature","geometry":{"type":"Point","coordinates":[2.74719,45.0829]},"properties":{"location":"indoor","operator":"Enedis","operator:wikidata":"Q3587594","power":"substation","substation":"distribution","voltage":"63000","osm":"node/3041709406"}},{"type":"Feature","geometry":{"type":"Point","coordinates":[4.86282,46.80566]},"properties":{"operator":"RTE","power":"substation","ref:FR:RTE":"LUMIE","ref:FR:RTE_nom":"LUMIERE","source":"data.gouv.fr:RTE - 04/2017","voltage":"63000","osm":"node/4837334349"}},{"type":"Feature","geometry":{"type":"Point","coordinates":[8.51224,47.38919]},"properties":{"frequency":"50","location":"indoor","name":"Unterwerk Herdern","operator":"EWZ","power":"substation","substation":"distribution","voltage":"150000;22000","osm":"node/4861741120"}},{"type":"Feature","geometry":{"type":"Point","coordinates":[8.53218,47.38749]},"properties":{"frequency":"50","location":"indoor","name":"Unterwerk Letten","operator":"EWZ","operator:wikidata":"Q1326645","power":"substation","substation":"distribution","voltage":"150000","osm":"node/5533971956"}},{"type":"Feature","geometry":{"type":"Point","coordinates":[2.53518,46.24125]},"properties":{"operator":"RTE","power":"substation","ref:FR:RTE":"TEIL2","ref:FR:RTE_nom":"TEILLET (-ARGENTY)","source":"data.gouv.fr:RTE - 04/2017","voltage":"63000","osm":"node/5638486495"}},{"type":"Feature","geometry":{"type":"Point","coordinates":[2.55579,46.25614]},"properties":{"operator":"RTE","power":"substation","ref:FR:RTE":"PRAT5","ref:FR:RTE_nom":"PRAT (LE)","source":"data.gouv.fr:RTE - 04/2017","voltage":"63000","osm":"node/5638486496"}},{"type":"Feature","geometry":{"type":"Point","coordinates":[2.87031,45.98042]},"properties":{"operator":"RTE","power":"substation","ref:FR:RTE":"QUEUI","ref:FR:RTE_nom":"QUEUILLE","source":"data.gouv.fr:RTE - 04/2017","voltage":"63000","osm":"node/5638486508"}},{"type":"Feature","geometry":{"type":"Point","coordinates":[5.42262,46.11188]},"properties":{"operator":"RTE","operator:wikidata":"Q2178795","power":"substation","ref:FR:RTE":"ALLEM","ref:FR:RTE_nom":"ALLEMENT","source":"data.gouv.fr:RTE - 04/2017","voltage":"63000","osm":"node/5638486516"}},{"type":"Feature","geometry":{"type":"Point","coordinates":[2.57373,44.65481]},"properties":{"operator":"RTE","power":"substation","ref:FR:RTE":"CAMBE","ref:FR:RTE_nom":"CAMBEYRAC","source":"data.gouv.fr:RTE - 12/2017","voltage":"63000","osm":"node/5721140315"}},{"type":"Feature","geometry":{"type":"Point","coordinates":[6.93364,45.4961]},"properties":{"location":"indoor","operator":"Électricité de France","operator:short":"EDF","operator:wikidata":"Q274591","power":"substation","ref:FR:RTE":"CHEVR","ref:FR:RTE_nom":"CHEVRIL (LE)","substation":"transmission","voltage":"63000","osm":"node/5793858073"}},{"type":"Feature","geometry":{"type":"Point","coordinates":[5.72261,45.19214]},"properties":{"name":"Marcel Deprez","note":"Historiquement c'était un poste 63kV, c'est encore le cas dans les données RTE, mais la topologie du réseau GreenAlp plaide plutôt pour un simple poste 20kV.","operator":"RTE","operator:wikidata":"Q2178795","power":"substation","ref:FR:GreenAlp":"MARCEL-DEPREZ","ref:FR:RTE":"M.DEP","ref:FR:RTE_nom":"MARCEL-DEPREZ","source":"data.gouv.fr:RTE - 12/2018","substation":"distribution","voltage":"63000;20000","osm":"node/7101195798"}},{"type":"Feature","geometry":{"type":"Point","coordinates":[5.73746,45.18386]},"properties":{"name":"Mistral","note":"Poste probablement désafecté, plus de signes extérieurs, aucun cable référencé.","operator":"GreenAlp","operator:wikidata":"Q115580260","power":"substation","ref:FR:RTE":"MISTR","ref:FR:RTE_nom":"MISTRAL","source":"data.gouv.fr:RTE - 12/2018","substation":"distribution","voltage":"63000","osm":"node/7628419999"}},{"type":"Feature","geometry":{"type":"Point","coordinates":[6.68435,45.44286]},"properties":{"fixme":"position","operator":"RTE","operator:wikidata":"Q2178795","power":"substation","ref:FR:RTE":"PRALO","ref:FR:RTE_nom":"PRALOGNAN","source":"RTE - 6 juin 2020","voltage":"63000","osm":"node/7692101944"}},{"type":"Feature","geometry":{"type":"Point","coordinates":[6.71964,45.87225]},"properties":{"operator":"RTE","operator:wikidata":"Q2178795","power":"substation","ref:FR:RTE":"BIONN","ref:FR:RTE_nom":"BIONNAY","source":"RTE - 6 juin 2020","substation":"transmission","voltage":"63000","osm":"node/7692101953"}},{"type":"Feature","geometry":{"type":"Point","coordinates":[5.40584,45.85288]},"properties":{"fixme":"postion","power":"substation","ref:FR:RTE":"S.BRE","ref:FR:RTE_nom":"SAULT-BRENAZ","source":"RTE - 6 juin 2020","voltage":"63000","osm":"node/7695158578"}},{"type":"Feature","geometry":{"type":"Point","coordinates":[6.46105,45.71631]},"properties":{"operator":"Électricité de France","operator:short":"EDF","operator:wikidata":"Q274591","power":"substation","ref:FR:RTE":"QUEIG","ref:FR:RTE_nom":"QUEIGE","source":"RTE - 6 juin 2020","substation":"generation","voltage":"63000","osm":"node/7695158579"}},{"type":"Feature","geometry":{"type":"Point","coordinates":[6.72089,45.21339]},"properties":{"operator":"RTE","operator:wikidata":"Q2178795","power":"substation","ref:FR:RTE":"AVRIE","ref:FR:RTE_nom":"AVRIEUX","source":"data.gouv.fr:RTE - 2022-02","voltage":"63000","osm":"node/9827633852"}},{"type":"Feature","geometry":{"type":"Point","coordinates":[6.70278,45.90371]},"properties":{"location":"indoor","operator":"EDF","power":"substation","ref:FR:RTE":"FAYET","ref:FR:RTE_nom":"FAYET (LE)","substation":"generation","voltage":"63000","osm":"node/11298824100"}},{"type":"Feature","geometry":{"type":"Point","coordinates":[5.76362,44.88265]},"properties":{"fixme":"Emplacement exact à déterminer","operator":"Enedis","operator:wikidata":"Q3587594","power":"substation","ref:FR:RTE":"PRUNI","ref:FR:RTE_nom":"PRUNIERES","substation":"distribution","voltage":"225000","osm":"node/13511948136"}},{"type":"Feature","geometry":{"type":"Point","coordinates":[8.62488,47.37875]},"properties":{"frequency":"50","location":"outdoor","name":"Unterwerk Fällanden","operator":"EWZ;Axpo;Swissgrid","power":"substation","substation":"transmission;distribution","voltage":"220000;150000;110000","wikidata":"Q52334619","osm":"way/11282314"}},{"type":"Feature","geometry":{"type":"Point","coordinates":[2.26036,47.10191]},"properties":{"barrier":"fence","landuse":"industrial","location":"outdoor","name":"Poste électrique de Marmagne","operator":"RTE","operator:wikidata":"Q2178795","power":"substation","ref:FR:RTE":"MARMA","ref:FR:RTE_nom":"MARMAGNE","source":"yahoo","substation":"transmission","voltage":"400000;225000;90000","osm":"way/23286313"}},{"type":"Feature","geometry":{"type":"Point","coordinates":[2.23773,46.98761]},"properties":{"barrier":"wall","landuse":"industrial","location":"outdoor","name":"Poste électrique Les Buis","operator":"RTE","operator:wikidata":"Q2178795","power":"substation","ref:FR:RTE":"BUIS","ref:FR:RTE_nom":"BUIS (LES)","source":"Bing 2013","substation":"transmission","voltage":"90000","osm":"way/23286693"}},{"type":"Feature","geometry":{"type":"Point","coordinates":[4.97538,45.67426]},"properties":{"barrier":"wall","location":"outdoor","name":"Poste électrique de Mions","operator":"RTE","operator:wikidata":"Q2178795","power":"substation","ref:FR:RTE":"MIONS","ref:FR:RTE_nom":"MIONS","source":"data.gouv.fr:RTE - 04/2017","substation":"transmission","voltage":"400000;225000;63000","osm":"way/24020441"}},{"type":"Feature","geometry":{"type":"Point","coordinates":[5.12279,45.66224]},"properties":{"barrier":"fence","location":"outdoor","name":"Poste électrique du Chaffard","operator":"RTE","operator:wikidata":"Q2178795","power":"substation","ref:FR:RTE":"CHAFF","ref:FR:RTE_nom":"CHAFFARD (LE)","substation":"transmission","voltage":"400000;63000","osm":"way/24020601"}},{"type":"Feature","geometry":{"type":"Point","coordinates":[5.02347,45.83832]},"properties":{"access":"no","barrier":"wall","location":"outdoor","name":"Poste électrique de La Boisse","operator":"RTE","operator:wikidata":"Q2178795","power":"substation","ref:FR:RTE":"BOISS","ref:FR:RTE_nom":"BOISSE (LA)","source":"data.gouv.fr:RTE - 04/2017","substation":"transmission","voltage":"400000;225000;63000","osm":"way/24025291"}},{"type":"Feature","geometry":{"type":"Point","coordinates":[6.05567,46.25055]},"properties":{"barrier":"fence","location":"outdoor","name":"Poste électrique de Bois-Tollot","operator":"RTE","power":"substation","ref:FR:RTE":"B.TOL","ref:FR:RTE_nom":"BOIS-TOLLOT","source":"data.gouv.fr:RTE - 04/2017","substation":"transmission","voltage":"400000;63000","wikidata":"Q111135907","osm":"way/26112209"}},{"type":"Feature","geometry":{"type":"Point","coordinates":[2.38099,47.1062]},"properties":{"barrier":"wall","location":"outdoor","name":"Poste électrique Saint-Doulchard","operator":"RTE","operator:wikidata":"Q2178795","power":"substation","ref:FR:RTE":"SSDOU","ref:FR:RTE_nom":"ST-DOULCHARD","source":"Bing 2006","substation":"transmission","voltage":"90000;20000","osm":"way/28328605"}},{"type":"Feature","geometry":{"type":"Point","coordinates":[4.85544,45.54172]},"properties":{"man_made":"power","operator":"RTE","operator:wikidata":"Q2178795","power":"substation","ref:FR:RTE":"ESTRE","ref:FR:RTE_nom":"ESTRESSIN","source":"cadastre-dgi-fr source : Direction Générale des Impôts - Cadastre. Mise à jour : 2009","voltage":"63000","osm":"way/30603259"}},{"type":"Feature","geometry":{"type":"Point","coordinates":[3.40921,46.30494]},"properties":{"barrier":"fence","operator":"RTE","operator:wikidata":"Q2178795","power":"substation","ref:FR:RTE":"V.ALL","ref:FR:RTE_nom":"VARENNES-SUR-ALLIER","source":"data.gouv.fr:RTE - 04/2017","voltage":"63000","osm":"way/33177333"}},{"type":"Feature","geometry":{"type":"Point","coordinates":[5.72223,45.18184]},"properties":{"addr:housenumber":"30","addr:street":"Rue Marceau","building":"yes","height":"15","name":"Mallifaud","operator":"GreenAlp","operator:wikidata":"Q115580260","power":"substation","ref:FR:GreenAlp":"MALLIFAUD","ref:FR:RNB":"DM33MV4AYAWR","roof:colour":"#aeb5c2","source":"cadastre-dgi-fr source : Direction Générale des Impôts - Cadastre. Mise à jour : 2009","substation":"distribution","voltage":"63000;20000","osm":"way/34573403"}},{"type":"Feature","geometry":{"type":"Point","coordinates":[8.51313,47.36456]},"properties":{"area":"yes","frequency":"50","location":"outdoor","name":"Unterwerk Binz","operator":"EWZ","operator:wikidata":"Q1326645","power":"substation","substation":"distribution","voltage":"150000;22000","osm":"way/37519057"}},{"type":"Feature","geometry":{"type":"Point","coordinates":[6.66345,47.36721]},"properties":{"barrier":"wall","location":"outdoor","name":"Poste électrique de Mambelin","operator":"RTE","operator:wikidata":"Q2178795","power":"substation","ref:FR:RTE":"MAMBE","ref:FR:RTE_nom":"MAMBELIN","source":"cadastre-dgi-fr source : Direction Générale des Impôts - Cadastre ; mise à jour : 2009","substation":"transmission","voltage":"400000;225000","osm":"way/39389229"}},{"type":"Feature","geometry":{"type":"Point","coordinates":[5.79132,47.1742]},"properties":{"barrier":"wall","operator":"RTE","operator:wikidata":"Q2178795","power":"substation","ref:FR:RTE":"SSVIT","ref:FR:RTE_nom":"ST-VIT","source":"cadastre-dgi-fr source : Direction Générale des Impôts - Cadastre;mise à jour : 2009","substation":"transmission","voltage":"63000","osm":"way/39402323"}},{"type":"Feature","geometry":{"type":"Point","coordinates":[6.35751,46.91176]},"properties":{"barrier":"wall","name":"Poste électrique de Pontarlier","operator":"RTE","operator:wikidata":"Q2178795","operator:wikipedia":"fr:RTE (entreprise)","power":"substation","ref:FR:RTE":"PTARL","ref:FR:RTE_nom":"PONTARLIER","source":"cadastre-dgi-fr source : Direction Générale des Impôts - Cadastre ; mise à jour : 2009","substation":"transmission","voltage":"225000;63000","osm":"way/39575812"}},{"type":"Feature","geometry":{"type":"Point","coordinates":[2.03185,47.22883]},"properties":{"operator":"RTE","power":"substation","ref:FR:RTE":"VERDI","ref:FR:RTE_nom":"VERDIN","source":"data.gouv.fr:RTE - 04/2017","voltage":"90000","osm":"way/40099757"}},{"type":"Feature","geometry":{"type":"Point","coordinates":[5.75396,45.15402]},"properties":{"barrier":"fence","name":"Poste électrique de Eybens","operator":"RTE","operator:wikidata":"Q2178795","power":"substation","ref:FR:RTE":"EYBEN","ref:FR:RTE_nom":"EYBENS","source":"data.gouv.fr:RTE - 04/2017","substation":"transmission","voltage":"225000;63000","osm":"way/40266681"}},{"type":"Feature","geometry":{"type":"Point","coordinates":[3.12046,45.77117]},"properties":{"barrier":"fence","frequency":"50","name":"Poste électrique de la Sarre","operator":"RTE","operator:wikidata":"Q2178795","power":"substation","ref":"Poste source de la Sarre","ref:FR:RTE":"SARR5","ref:FR:RTE_nom":"SARRE","source":"cadastre-dgi-fr source : Direction Générale des Impôts - Cadastre. Mise à jour : 2009","substation":"distribution","voltage":"225000;63000;20000","osm":"way/43852864"}},{"type":"Feature","geometry":{"type":"Point","coordinates":[6.57074,45.29865]},"properties":{"building":"industrial","location":"indoor","operator":"Enedis","operator:wikidata":"Q3587594","power":"substation","ref:FR:RTE":"V.THO","ref:FR:RTE_nom":"VAL THORENS","source":"cadastre-dgi-fr source : Direction Générale des Impôts - Cadastre ; mise à jour : 2009","substation":"distribution","utility":"power","voltage":"63000;20000","osm":"way/46792438"}},{"type":"Feature","geometry":{"type":"Point","coordinates":[6.35812,45.28417]},"properties":{"barrier":"wall","location":"outdoor","name":"Poste électrique de Longefan","operator":"RTE","operator:wikidata":"Q2178795","power":"substation","ref:FR:RTE":"LONG6","ref:FR:RTE_nom":"LONGEFAN","source":"cadastre-dgi-fr source : Direction Générale des Impôts - Cadastre;mise à jour : 2010","substation":"transmission","visited":"12-10-2013","voltage":"225000;150000;63000;45000","osm":"way/47633664"}},{"type":"Feature","geometry":{"type":"Point","coordinates":[4.61286,46.58446]},"properties":{"barrier":"fence","location":"outdoor","name":"Curtil-Burnand (SNCF)","operator":"SNCF Réseau","operator:wikidata":"Q21605526","owner":"SNCF Réseau","power":"substation","ref:FR:RTE":"CURTI","ref:FR:RTE_nom":"CURTIL","source":"data.gouv.fr:RTE - 04/2017","substation":"traction","voltage":"225000","osm":"way/47739331"}},{"type":"Feature","geometry":{"type":"Point","coordinates":[5.72801,45.16858]},"properties":{"building":"service","location":"indoor","name":"Malherbe","operator":"GreenAlp","operator:wikidata":"Q115580260","power":"substation","ref:FR:GreenAlp":"MALHERBE","ref:FR:RTE":"MALHE","ref:FR:RTE_nom":"MALHERBE","substation":"distribution","voltage":"63000;20000","osm":"way/50078628"}},{"type":"Feature","geometry":{"type":"Point","coordinates":[5.71108,45.1719]},"properties":{"building":"service","name":"Vaucanson","operator":"RTE","operator:wikidata":"Q2178795","power":"substation","ref:FR:GreenAlp":"VAUCANSON","ref:FR:RTE":"VAUCA","ref:FR:RTE_nom":"VAUCANSON","source":"v2 ; cadastre-dgi-fr source : Direction Générale des Impôts - Cadastre ; mise à jour : 2009","substation":"distribution","voltage":"63000;20000","osm":"way/50186876"}},{"type":"Feature","geometry":{"type":"Point","coordinates":[5.01893,45.836]},"properties":{"access":"no","barrier":"fence","name":"Portique électrique de Beynost","operator":"RTE","operator:wikidata":"Q2178795","power":"substation","source":"Yahoo","substation":"transition","voltage":"225000;63000","osm":"way/51178715"}},{"type":"Feature","geometry":{"type":"Point","coordinates":[8.68471,47.18697]},"properties":{"name":"Unterwerk Samstagern","power":"substation","substation":"transmission","voltage":"220000;150000","osm":"way/52738225"}},{"type":"Feature","geometry":{"type":"Point","coordinates":[5.74168,45.19608]},"properties":{"name":"Île Verte","operator":"RTE","operator:wikidata":"Q2178795","power":"substation","ref:FR:GreenAlp":"ILE-VERTE","ref:FR:RTE":"I.VER","ref:FR:RTE_nom":"ILE-VERTE","source":"cadastre-dgi-fr source : Direction Générale des Impôts - Cadastre ; mise à jour : 2010","substation":"distribution","voltage":"63000;20000","osm":"way/55652660"}},{"type":"Feature","geometry":{"type":"Point","coordinates":[5.90064,45.59028]},"properties":{"barrier":"wall","location":"outdoor","name":"Poste électrique de Bissy","operator":"RTE","operator:wikidata":"Q2178795","power":"substation","ref:FR:RTE":"BISSY","ref:FR:RTE_nom":"BISSY","substation":"transmission","voltage":"225000;63000","osm":"way/56585982"}},{"type":"Feature","geometry":{"type":"Point","coordinates":[5.90257,45.58879]},"properties":{"barrier":"fence","operator":"SNCF Réseau","operator:wikidata":"Q21605526","power":"substation","ref:FR:RTE":"CHAM6","ref:FR:RTE_nom":"CHAMOUX","source":"data.gouv.fr:RTE - 04/2017","substation":"traction","voltage":"63000","osm":"way/56610434"}},{"type":"Feature","geometry":{"type":"Point","coordinates":[5.88845,45.5993]},"properties":{"barrier":"fence","location":"outdoor","operator":"RTE","operator:wikidata":"Q2178795","power":"substation","ref:FR:RTE":"M.SER","ref:FR:RTE_nom":"MOTTE SERVOLEX (LA)","source":"data.gouv.fr:RTE - 04/2017","substation":"distribution","voltage":"63000;20000","osm":"way/56612915"}},{"type":"Feature","geometry":{"type":"Point","coordinates":[5.9072,45.581]},"properties":{"barrier":"fence","operator":"RTE","operator:wikidata":"Q2178795","power":"substation","ref:FR:RTE":"ARIET","ref:FR:RTE_nom":"ARIETAZ","source":"data.gouv.fr:RTE - 04/2017","substation":"industrial","voltage":"63000","osm":"way/56720310"}},{"type":"Feature","geometry":{"type":"Point","coordinates":[6.44339,45.6447]},"properties":{"barrier":"fence","name":"Poste électrique de La Bathie","operator":"Électricité de France","operator:short":"EDF","operator:wikidata":"Q274591","power":"substation","ref:FR:RTE":"BATHI","ref:FR:RTE_nom":"BATHIE (LA)","substation":"generation","voltage":"400000;225000","osm":"way/56997464"}},{"type":"Feature","geometry":{"type":"Point","coordinates":[6.41817,45.66189]},"properties":{"barrier":"fence","location":"outdoor","name":"Poste électrique d'Albertville","operator":"RTE","operator:wikidata":"Q2178795","power":"substation","ref:FR:RTE":"ALBER","ref:FR:RTE_nom":"ALBERTVILLE","substation":"transmission","voltage":"400000;225000;63000","osm":"way/56998024"}},{"type":"Feature","geometry":{"type":"Point","coordinates":[6.35484,47.34623]},"properties":{"barrier":"fence","name":"Baume les Dames","operator":"RTE","operator:wikidata":"Q2178795","operator:wikipedia":"fr:RTE (entreprise)","power":"substation","ref:FR:RTE":"B.DAM","ref:FR:RTE_nom":"BAUME-LES-DAMES","source":"cadastre-dgi-fr source : Direction Générale des Impôts - Cadastre. Mise à jour : 2010","substation":"distribution","voltage":"63000","osm":"way/59276310"}},{"type":"Feature","geometry":{"type":"Point","coordinates":[4.85043,45.75534]},"properties":{"building":"industrial","image":"https://commons.wikimedia.org/wiki/File:Poste_source_haute-tension_Saint_Amour_(ENEDIS)_%C3%A0_Lyon.jpg","location":"indoor","name":"Poste électrique de Saint-Amour","operator":"RTE","operator:wikidata":"Q2178795","power":"substation","ref:FR:RTE":"SSAMO","ref:FR:RTE_nom":"ST-AMOUR","ref:RTE:codnat":"SSAMO","source":"cadastre-dgi-fr source : Direction Générale des Impôts - Cadastre. Mise à jour : 2010","substation":"transmission","utility":"power","voltage":"225000;63000;20000","osm":"way/62279693"}},{"type":"Feature","geometry":{"type":"Point","coordinates":[4.85073,45.76991]},"properties":{"building":"yes","operator":"RTE","operator:wikidata":"Q2178795","power":"substation","ref:FR:RTE":"BROTT","ref:FR:RTE_nom":"BROTTEAUX","source":"data.gouv.fr:RTE - 04/2017","voltage":"63000","osm":"way/62290857"}},{"type":"Feature","geometry":{"type":"Point","coordinates":[6.10268,45.90913]},"properties":{"building":"industrial","location":"indoor","name":"Poste électrique de Tasset","operator":"RTE","operator:wikidata":"Q2178795","power":"substation","ref:FR:RTE":"TASSE","ref:FR:RTE_nom":"TASSET","source":"cadastre-dgi-fr source : Direction Générale des Impôts - Cadastre. Mise à jour : 2010","substation":"industrial","voltage":"63000","osm":"way/62652815"}},{"type":"Feature","geometry":{"type":"Point","coordinates":[6.10681,45.90488]},"properties":{"building":"industrial","location":"indoor","name":"Poste électrique de Cran","operator":"RTE","operator:wikidata":"Q2178795","power":"substation","ref:FR:RTE":"CRAN","ref:FR:RTE_nom":"CRAN","source":"cadastre-dgi-fr source : Direction Générale des Impôts - Cadastre. Mise à jour : 2010","substation":"transmission","voltage":"63000;20000","osm":"way/62653834"}},{"type":"Feature","geometry":{"type":"Point","coordinates":[3.09888,45.7911]},"properties":{"building":"yes","frequency":"50","name":"Poste électrique de Cataroux","operator":"RTE","operator:wikidata":"Q2178795","power":"substation","ref:FR:RTE":"CATAR","ref:FR:RTE_nom":"CATAROUX","source":"data.gouv.fr:RTE - 04/2017","substation":"industrial","voltage":"63000","osm":"way/67668599"}},{"type":"Feature","geometry":{"type":"Point","coordinates":[6.61345,45.85865]},"properties":{"building":"yes","layer":"1","location":"indoor","name":"Poste électrique de Mégève","operator":"RTE","operator:wikidata":"Q2178795","power":"substation","ref:FR:RTE":"MEGEV","ref:FR:RTE_nom":"MEGEVE","source":"extraction vectorielle v1 cadastre-dgi-fr source : Direction Générale des Impôts - Cadas. Mise à jour : 2010","substation":"transmission","voltage":"63000;20000","osm":"way/68157345"}},{"type":"Feature","geometry":{"type":"Point","coordinates":[6.53504,45.48202]},"properties":{"building":"yes","operator":"RTE","operator:wikidata":"Q2178795","power":"substation","ref:FR:RTE":"MOUTI","ref:FR:RTE_nom":"MOUTIERS","source":"RTE - 6 juin 2020","voltage":"63000","osm":"way/68634738"}},{"type":"Feature","geometry":{"type":"Point","coordinates":[5.70928,45.10619]},"properties":{"barrier":"fence","name":"Poste électrique de Champagnier","operator":"RTE","operator:wikidata":"Q2178795","power":"substation","ref:FR:RTE":"CPNIE","ref:FR:RTE_nom":"CHAMPAGNIER","source":"data.gouv.fr:RTE - 04/2017","substation":"transmission","voltage":"400000;225000","wikidata":"Q124962480","osm":"way/69813552"}},{"type":"Feature","geometry":{"type":"Point","coordinates":[2.64516,46.53646]},"properties":{"operator":"RTE","power":"substation","ref:FR:RTE":"VALL7","ref:FR:RTE_nom":"VALLON","source":"data.gouv.fr:RTE - 04/2017","voltage":"63000","osm":"way/70047846"}},{"type":"Feature","geometry":{"type":"Point","coordinates":[2.59058,46.38677]},"properties":{"operator":"RTE","operator:wikidata":"Q2178795","operator:wikipedia":"fr:RTE (entreprise)","power":"substation","ref:FR:RTE":"DURRE","ref:FR:RTE_nom":"DURRE (LA)","source":"Orthophotographie CRAIG/TopoGEODIS 2009","voltage":"63000","osm":"way/70452411"}},{"type":"Feature","geometry":{"type":"Point","coordinates":[2.60421,46.32023]},"properties":{"barrier":"fence","location":"outdoor","name":"Poste électrique de Montluçon","operator":"RTE","operator:wikidata":"Q2178795","operator:wikipedia":"fr:RTE (entreprise)","power":"substation","ref:FR:RTE":"MTLUC","ref:FR:RTE_nom":"MONTLUCON","source":"Orthophotographie CRAIG/TopoGEODIS 2009","substation":"transmission","voltage":"225000","osm":"way/70452467"}},{"type":"Feature","geometry":{"type":"Point","coordinates":[3.05649,45.78919]},"properties":{"barrier":"fence","frequency":"50","name":"Poste électrique de Champradet","operator":"RTE","operator:wikidata":"Q2178795","power":"substation","ref:FR:RTE":"CPRAD","ref:FR:RTE_nom":"CHAMPRADET","source":"data.gouv.fr:RTE - 04/2017","substation":"distribution","voltage":"63000;20000","osm":"way/71123944"}},{"type":"Feature","geometry":{"type":"Point","coordinates":[3.10279,45.81034]},"properties":{"barrier":"fence","frequency":"50","landuse":"industrial","name":"Poste électrique de Croix-de-Neyrat","operator":"RTE","operator:wikidata":"Q2178795","power":"substation","ref:FR:RTE":"C.NEY","ref:FR:RTE_nom":"CROIX-DE-NEYRAT","source":"data.gouv.fr:RTE - 04/2017","substation":"distribution","voltage":"63000;20000","osm":"way/71124736"}},{"type":"Feature","geometry":{"type":"Point","coordinates":[3.19549,45.80915]},"properties":{"barrier":"fence","frequency":"50","landuse":"industrial","location":"outdoor","name":"Poste électrique de Malintrat","operator":"RTE","operator:wikidata":"Q2178795","power":"substation","ref:FR:RTE":"MALIN","ref:FR:RTE_nom":"MALINTRAT","source":"data.gouv.fr:RTE - 04/2017","substation":"transmission","voltage":"225000;63000","osm":"way/71125063"}},{"type":"Feature","geometry":{"type":"Point","coordinates":[5.97415,46.16074]},"properties":{"name":"Poste électrique de Pougny","operator":"RTE","operator:wikidata":"Q2178795","power":"substation","ref:FR:RTE":"POUGN","ref:FR:RTE_nom":"POUGNY","source":"Orthophotos 2009 du SITG (Système d'Information du Territoire Genevois","voltage":"150000;63000","osm":"way/71275227"}},{"type":"Feature","geometry":{"type":"Point","coordinates":[3.23703,45.74568]},"properties":{"barrier":"fence","frequency":"50","name":"Poste électrique de Mézel","operator":"RTE","operator:wikidata":"Q2178795","power":"substation","ref:FR:RTE":"MEZEL","ref:FR:RTE_nom":"MEZEL","source":"data.gouv.fr:RTE - 04/2017","substation":"distribution","voltage":"63000;20000","osm":"way/71571863"}},{"type":"Feature","geometry":{"type":"Point","coordinates":[4.05604,46.05746]},"properties":{"building":"yes","frequency":"50","operator":"Enedis","operator:wikidata":"Q3587594","power":"substation","source":"cadastre-dgi-fr source : Direction Générale des Impôts - Cadastre. Mise à jour : 2010","substation":"distribution","voltage":"63000;20000","osm":"way/71644039"}},{"type":"Feature","geometry":{"type":"Point","coordinates":[3.27051,45.81351]},"properties":{"barrier":"fence","frequency":"50","location":"outdoor","name":"Poste électrique de Rulhat","operator":"RTE","operator:wikidata":"Q2178795","power":"substation","ref:FR:RTE":"RULHA","ref:FR:RTE_nom":"RULHAT","source":"Orthophotographie CRAIG/TopoGEODIS 2009","substation":"transmission","voltage":"400000;225000","osm":"way/71933077"}},{"type":"Feature","geometry":{"type":"Point","coordinates":[3.2948,46.27302]},"properties":{"barrier":"wall","location":"outdoor","name":"Poste électrique de Bayet","operator":"RTE","operator:wikidata":"Q2178795","power":"substation","ref:FR:RTE":"BAYET","ref:FR:RTE_nom":"BAYET","source":"Orthophotographie CRAIG/TopoGEODIS 2009","substation":"transmission","voltage":"400000;225000;63000","osm":"way/71933086"}},{"type":"Feature","geometry":{"type":"Point","coordinates":[3.35695,45.86349]},"properties":{"barrier":"fence","name":"Poste électrique de Culhat","operator":"RTE","operator:wikidata":"Q2178795","power":"substation","ref:FR:RTE":"VERN8","ref:FR:RTE_nom":"VERNELLE (LA)","source":"Orthophotographie CRAIG/TopoGEODIS 2009","voltage":"63000","osm":"way/71957186"}},{"type":"Feature","geometry":{"type":"Point","coordinates":[3.75688,45.37844]},"properties":{"addr:housenumber":"9","addr:street":"Route de Bonneval","barrier":"fence","location":"outdoor","operator":"Enedis","operator:wikidata":"Q3587594","power":"substation","ref:FR:RTE":"DORE","ref:FR:RTE_nom":"DORE","source":"data.gouv.fr:RTE - 04/2017","substation":"distribution","voltage":"63000","osm":"way/74689802"}},{"type":"Feature","geometry":{"type":"Point","coordinates":[3.74646,45.57375]},"properties":{"name":"Station d'Ambert","operator":"RTE","operator:wikidata":"Q2178795","power":"substation","ref:FR:RTE":"AMBE5","ref:FR:RTE_nom":"AMBERT","source":"data.gouv.fr:RTE - 04/2017","voltage":"63000","osm":"way/74689803"}},{"type":"Feature","geometry":{"type":"Point","coordinates":[3.2548,45.55492]},"properties":{"barrier":"fence","frequency":"50","location":"outdoor","name":"Poste électrique d'Issoire","operator":"RTE","operator:wikidata":"Q2178795","power":"substation","ref:FR:RTE":"ISSOI","ref:FR:RTE_nom":"ISSOIRE","substation":"distribution","voltage":"225000;63000;20000","osm":"way/74699439"}},{"type":"Feature","geometry":{"type":"Point","coordinates":[3.52964,45.85514]},"properties":{"barrier":"fence","operator":"RTE","operator:wikidata":"Q2178795","power":"substation","ref:FR:RTE":"THIE5","ref:FR:RTE_nom":"THIERS","source":"data.gouv.fr:RTE - 04/2017","substation":"transmission","voltage":"63000","osm":"way/74713755"}},{"type":"Feature","geometry":{"type":"Point","coordinates":[2.82626,46.14285]},"properties":{"barrier":"fence","operator":"RTE","power":"substation","ref:FR:RTE":"BOUBL","ref:FR:RTE_nom":"BOUBLE (LA)","source":"Orthophotographie CRAIG/TopoGEODIS 2009","substation":"transmission","voltage":"63000","osm":"way/75509657"}},{"type":"Feature","geometry":{"type":"Point","coordinates":[2.75619,46.28756]},"properties":{"barrier":"fence","operator":"RTE","operator:wikidata":"Q2178795","power":"substation","ref:FR:RTE":"COMME","ref:FR:RTE_nom":"COMMENTRY","source":"data.gouv.fr:RTE - 04/2017","substation":"transmission","voltage":"63000","osm":"way/75509662"}},{"type":"Feature","geometry":{"type":"Point","coordinates":[2.82112,46.30591]},"properties":{"barrier":"fence","location":"outdoor","name":"Poste électrique de Montvicq","operator":"RTE","operator:wikidata":"Q2178795","power":"substation","ref:FR:RTE":"MTVIC","ref:FR:RTE_nom":"MONTVICQ","source":"Orthophotographie CRAIG/TopoGEODIS 2009","substation":"transmission","voltage":"225000;63000","osm":"way/75509664"}},{"type":"Feature","geometry":{"type":"Point","coordinates":[4.84436,45.7065]},"properties":{"building":"yes","operator":"RTE","operator:wikidata":"Q2178795","power":"substation","ref:FR:RTE":"SSF.N","ref:FR:RTE_nom":"ST FONS NORD","source":"data.gouv.fr:RTE - 04/2017","voltage":"63000","osm":"way/79231044"}},{"type":"Feature","geometry":{"type":"Point","coordinates":[2.53484,45.79779]},"properties":{"operator":"RTE","power":"substation","ref:FR:RTE":"VOING","ref:FR:RTE_nom":"VOINGT","source":"Orthophotographie CRAIG/TopoGEODIS 2009","voltage":"63000","osm":"way/79539334"}},{"type":"Feature","geometry":{"type":"Point","coordinates":[2.22897,44.54657]},"properties":{"barrier":"fence","location":"outdoor","name":"Poste électrique du Crouzet","operator":"RTE","operator:wikidata":"Q2178795","power":"substation","ref:FR:RTE":"CROUZ","ref:FR:RTE_nom":"CROUZET (LE)","substation":"transmission","voltage":"225000;63000","osm":"way/79605900"}},{"type":"Feature","geometry":{"type":"Point","coordinates":[5.82802,45.2018]},"properties":{"barrier":"wall","operator":"Enedis","operator:wikidata":"Q3587594","power":"substation","ref:FR:RTE":"DOMEN","ref:FR:RTE_nom":"DOMENE","source":"cadastre-dgi-fr source : Direction Générale des Impôts - Cadastre ; mise à jour : 2010","substation":"distribution","voltage":"63000","osm":"way/80272421"}},{"type":"Feature","geometry":{"type":"Point","coordinates":[2.83591,45.92129]},"properties":{"barrier":"fence","location":"outdoor","operator":"RTE","operator:wikidata":"Q2178795","power":"substation","ref:FR:RTE":"ANCIZ","ref:FR:RTE_nom":"ANCIZES (LES)","source":"Orthophotographie CRAIG/TopoGEODIS 2009","substation":"transmission","voltage":"63000;20000","osm":"way/80646661"}},{"type":"Feature","geometry":{"type":"Point","coordinates":[5.75338,46.90107]},"properties":{"barrier":"wall","operator":"RTE","operator:wikidata":"Q2178795","power":"substation","ref:FR:RTE":"ARBOI","ref:FR:RTE_nom":"ARBOIS","source":"data.gouv.fr:RTE - 04/2017","substation":"distribution","voltage":"63000","osm":"way/80766714"}},{"type":"Feature","geometry":{"type":"Point","coordinates":[6.41868,45.91455]},"properties":{"building":"service","location":"indoor","name":"Poste électrique de Saint-Jean de Sixt","operator":"REThones","power":"substation","ref:FR:RTE":"SSSIX","ref:FR:RTE_nom":"ST-JEAN-DE-SIXT","source":"extraction vectorielle v1 cadastre-dgi-fr source : Direction Générale des Impôts - Cadas. Mise à jour : 2010","substation":"distribution","utility":"power","voltage":"63000;20000","osm":"way/81156430"}},{"type":"Feature","geometry":{"type":"Point","coordinates":[5.90235,45.69617]},"properties":{"building":"yes","operator":"RTE","operator:wikidata":"Q2178795","power":"substation","ref:FR:RTE":"A.BA5","ref:FR:RTE_nom":"AIX-LES-BAINS (CLIENT)","voltage":"63000","osm":"way/81757669"}},{"type":"Feature","geometry":{"type":"Point","coordinates":[2.895,46.67583]},"properties":{"barrier":"fence","frequency":"50","name":"Poste électrique de Couleuvre","operator":"Enedis","operator:wikidata":"Q3587594","power":"substation","ref:FR:RTE":"COULE","ref:FR:RTE_nom":"COULEUVRE","source":"Orthophotographie CRAIG/TopoGEODIS 2009","substation":"distribution","voltage":"63000;20000","osm":"way/81970859"}},{"type":"Feature","geometry":{"type":"Point","coordinates":[3.16673,46.45679]},"properties":{"operator":"RTE","operator:wikidata":"Q2178795","power":"substation","ref:FR:RTE":"CRESS","ref:FR:RTE_nom":"CRESSANGES","source":"data.gouv.fr:RTE - 04/2017","voltage":"63000","osm":"way/82221634"}},{"type":"Feature","geometry":{"type":"Point","coordinates":[2.87453,45.49648]},"properties":{"barrier":"fence","location":"outdoor","name":"Poste électrique de Super-Besse","operator":"Enedis","operator:wikidata":"Q3587594","power":"substation","ref:FR:RTE":"S.BES","ref:FR:RTE_nom":"SUPER-BESSE","source":"CRAIG","substation":"distribution","voltage":"90000;63000;20000","osm":"way/82298075"}},{"type":"Feature","geometry":{"type":"Point","coordinates":[2.21423,45.24639]},"properties":{"barrier":"wall","name":"Poste électrique de Le Breuil","operator":"RTE","power":"substation","ref:FR:RTE":"BREUI","ref:FR:RTE_nom":"BREUIL (LE)","source":"data.gouv.fr:RTE - 04/2017","substation":"transmission","voltage":"400000;225000","osm":"way/82306874"}},{"type":"Feature","geometry":{"type":"Point","coordinates":[4.83224,45.76054]},"properties":{"building":"service","location":"indoor","name":"Poste électrique de Port-du-Temple","operator":"RTE","operator:wikidata":"Q2178795","power":"substation","ref:FR:RTE":"P.TEM","ref:FR:RTE_nom":"PORT-DU-TEMPLE","ref:RTE:codnat":"P.TEML","source":"cadastre-dgi-fr source : Direction Générale des Impôts - Cadastre. Mise à jour : 2010","substation":"transmission","voltage":"63000;20000","osm":"way/82394512"}},{"type":"Feature","geometry":{"type":"Point","coordinates":[5.8049,46.056]},"properties":{"barrier":"wall","location":"outdoor","name":"Poste électrique de Génissiat","operator":"RTE","operator:wikidata":"Q2178795","power":"substation","ref:FR:RTE":"GEN.P","ref:FR:RTE_nom":"GENISSIAT-POSTE","source":"data.gouv.fr:RTE - 12/2018","substation":"transmission","voltage":"400000;225000;63000","osm":"way/83293593"}},{"type":"Feature","geometry":{"type":"Point","coordinates":[2.68923,44.77933]},"properties":{"barrier":"wall","landuse":"industrial","location":"outdoor","name":"Poste électrique de Rueyres","operator":"RTE","power":"substation","ref:FR:RTE":"RUEYR","ref:FR:RTE_nom":"RUEYRES","source":"cadastre-dgi-fr source : Direction Générale des Impôts - Cadastre. Mise à jour : 2010","substation":"transmission","voltage":"400000;225000;63000","osm":"way/83726363"}},{"type":"Feature","geometry":{"type":"Point","coordinates":[4.8991,45.70705]},"properties":{"building":"yes","operator":"RTE","operator:wikidata":"Q2178795","power":"substation","ref:FR:RTE":"PARIL","ref:FR:RTE_nom":"PARILLY","source":"cadastre-dgi-fr source : Direction Générale des Impôts - Cadastre. Mise à jour : 2010","voltage":"63000","osm":"way/83842414"}},{"type":"Feature","geometry":{"type":"Point","coordinates":[5.4665,45.75615]},"properties":{"barrier":"fence","location":"outdoor","name":"Poste électrique de Creys-Malville","operator":"RTE","operator:wikidata":"Q2178795","power":"substation","ref:FR:RTE":"CREYS","ref:FR:RTE_nom":"CREYS","source":"data.gouv.fr:RTE - 04/2017","substation":"transmission","voltage":"400000","osm":"way/84153220"}},{"type":"Feature","geometry":{"type":"Point","coordinates":[6.0282,45.47066]},"properties":{"barrier":"fence","location":"outdoor","name":"Poste électrique de Grande-Île","operator":"RTE","operator:wikidata":"Q2178795","power":"substation","ref:FR:RTE":"G.ILE","ref:FR:RTE_nom":"G.ILE","substation":"transmission","voltage":"400000;225000;63000","osm":"way/84182609"}},{"type":"Feature","geometry":{"type":"Point","coordinates":[4.69004,45.81889]},"properties":{"barrier":"fence","location":"outdoor","name":"Poste électrique de Charpenay","operator":"RTE","operator:wikidata":"Q2178795","power":"substation","ref:FR:RTE":"CHARP","ref:FR:RTE_nom":"CHARPENAY","source":"data.gouv.fr:RTE - 04/2017","substation":"transmission","voltage":"400000;225000;63000","osm":"way/84452130"}},{"type":"Feature","geometry":{"type":"Point","coordinates":[4.71926,45.54285]},"properties":{"barrier":"fence","location":"outdoor","name":"Poste électrique d'Échalas","operator":"RTE","operator:wikidata":"Q2178795","power":"substation","ref:FR:RTE":"ECHAL","ref:FR:RTE_nom":"ECHALAS","source":"data.gouv.fr:RTE - 04/2017","substation":"transmission","voltage":"400000;225000","osm":"way/84476231"}},{"type":"Feature","geometry":{"type":"Point","coordinates":[4.76123,45.40933]},"properties":{"barrier":"fence","frequency":"50","location":"outdoor","name":"Poste électrique de Pivoz-Cordier","operator":"RTE","operator:wikidata":"Q2178795","power":"substation","ref:FR:RTE":"P.COR","ref:FR:RTE_nom":"PIVOZ-CORDIER","source":"data.gouv.fr:RTE - 2022-07","substation":"transmission","voltage":"400000","osm":"way/84485792"}},{"type":"Feature","geometry":{"type":"Point","coordinates":[4.72333,44.63239]},"properties":{"barrier":"fence","frequency":"50","location":"outdoor","name":"Poste électrique de Coulange","operator":"RTE","operator:wikidata":"Q2178795","operator:wikipedia":"fr:RTE (entreprise)","power":"substation","ref:FR:RTE":"COULA","ref:FR:RTE_nom":"COULANGE","substation":"transmission","voltage":"400000","osm":"way/84490483"}},{"type":"Feature","geometry":{"type":"Point","coordinates":[4.97632,45.00141]},"properties":{"barrier":"wall","location":"outdoor","name":"Chambaud","operator":"SNCF Réseau","operator:wikidata":"Q21605526","owner":"SNCF Réseau","power":"substation","ref:FR:RTE":"CBAUD","ref:FR:RTE_nom":"CHAMBAUD","source":"data.gouv.fr:RTE - 04/2017","substation":"traction","voltage":"225000;25000","osm":"way/84599071"}},{"type":"Feature","geometry":{"type":"Point","coordinates":[4.92734,45.01933]},"properties":{"barrier":"wall","location":"outdoor","name":"Poste électrique de Beaumont Monteux","operator":"RTE","operator:wikidata":"Q2178795","power":"substation","ref:FR:RTE":"B.MON","ref:FR:RTE_nom":"BEAUMONT-MONTEUX","source":"data.gouv.fr:RTE - 04/2017","substation":"transmission","voltage":"400000;225000;63000","osm":"way/84603564"}},{"type":"Feature","geometry":{"type":"Point","coordinates":[4.88228,45.76392]},"properties":{"building":"industrial","building:levels":"2","name":"Poste électrique de Bonneterre","operator":"Enedis","operator:wikidata":"Q3587594","power":"substation","ref:FR:RTE":"BONNE","ref:FR:RTE_nom":"BONNETERRE","roof:levels":"0","roof:shape":"flat","source":"cadastre-dgi-fr source : Direction Générale des Impôts - Cadastre. Mise à jour : 2010","substation":"distribution","utility":"power","voltage":"225000","osm":"way/84810304"}},{"type":"Feature","geometry":{"type":"Point","coordinates":[4.86088,45.78504]},"properties":{"building":"industrial","name":"Achille Lignon","operator":"Enedis","operator:wikidata":"Q3587594","power":"substation","ref:FR:RTE":"A.LIG","ref:FR:RTE_nom":"ACHILLE LIGNON","source":"data.gouv.fr:RTE - 04/2017","substation":"distribution","voltage":"63000","osm":"way/85000055"}},{"type":"Feature","geometry":{"type":"Point","coordinates":[6.14809,45.91639]},"properties":{"barrier":"fence","location":"indoor","name":"Poste électrique de Vignières","operator":"RTE","operator:wikidata":"Q2178795","power":"substation","ref:FR:RTE":"VNERE","ref:FR:RTE_nom":"VIGNERES","source":"cadastre-dgi-fr source : Direction Générale des Impôts - Cadastre. Mise à jour : 2010","substation":"distribution","voltage":"63000;20000","osm":"way/85219936"}},{"type":"Feature","geometry":{"type":"Point","coordinates":[2.68712,45.61088]},"properties":{"barrier":"fence","operator":"RTE","operator:wikidata":"Q2178795","power":"substation","ref:FR:RTE":"SSSAU","ref:FR:RTE_nom":"ST-SAUVES","source":"survey","substation":"transmission","voltage":"63000;20000","osm":"way/85413416"}},{"type":"Feature","geometry":{"type":"Point","coordinates":[8.55397,47.28777]},"properties":{"addr:housenumber":"15","addr:street":"Brandgasse","building":"yes","frequency":"50","location":"indoor","name":"Unterwerk Thalwil","operator":"EKZ;Axpo","power":"substation","substation":"distribution","voltage":"150000","osm":"way/91790241"}},{"type":"Feature","geometry":{"type":"Point","coordinates":[6.71524,45.21274]},"properties":{"barrier":"fence","location":"outdoor","name":"Poste électrique de Villarodin","operator":"RTE","operator:wikidata":"Q2178795","power":"substation","ref:FR:RTE":"VLARO","ref:FR:RTE_nom":"VILLARODIN","source":"data.gouv.fr:RTE - 04/2017","substation":"transmission","voltage":"400000","osm":"way/95149719"}},{"type":"Feature","geometry":{"type":"Point","coordinates":[5.65468,46.39341]},"properties":{"barrier":"wall","location":"outdoor","name":"Poste électrique de Vouglans","operator":"RTE","operator:wikidata":"Q2178795","operator:wikipedia":"fr:RTE (entreprise)","power":"substation","ref:FR:RTE":"VOUGL","ref:FR:RTE_nom":"VOUGLANS","source":"data.gouv.fr:RTE - 04/2017","substation":"transmission","voltage":"225000","osm":"way/95209542"}},{"type":"Feature","geometry":{"type":"Point","coordinates":[5.71219,45.19893]},"properties":{"name":"Poste Nord-Ouest","operator":"GreenAlp","operator:wikidata":"Q115580260","power":"substation","ref:FR:GreenAlp":"NORD-OUEST","ref:FR:RTE":"N.OUE","ref:FR:RTE_nom":"NORD-OUEST","substation":"distribution","voltage":"63000;20000","osm":"way/95810122"}},{"type":"Feature","geometry":{"type":"Point","coordinates":[5.69977,45.18011]},"properties":{"name":"Pariset","operator":"RTE","operator:wikidata":"Q2178795","power":"substation","ref:FR:RTE":"PARIS","ref:FR:RTE_nom":"PARISET","source":"data.gouv.fr:RTE - 04/2017","substation":"distribution","voltage":"225000","wikidata":"Q124989984","osm":"way/95810878"}},{"type":"Feature","geometry":{"type":"Point","coordinates":[4.32141,45.55955]},"properties":{"barrier":"fence","name":"Poste électrique de Volvon","operator":"RTE","operator:wikidata":"Q2178795","power":"substation","ref:FR:RTE":"VOLVO","ref:FR:RTE_nom":"VOLVON","related_law:FR:NOR":"ECOI0100171D","source":"data.gouv.fr:RTE - 04/2017","substation":"transmission","voltage":"225000;63000","osm":"way/95986421"}},{"type":"Feature","geometry":{"type":"Point","coordinates":[4.89893,45.86515]},"properties":{"barrier":"fence","location":"outdoor","name":"Poste électrique de Cailloux sur Fontaines","operator":"RTE","operator:wikidata":"Q2178795","power":"substation","ref:FR:RTE":"C.FO6","ref:FR:RTE_nom":"CAILLOUX-SUR-FONTAINES","source":"data.gouv.fr:RTE - 04/2017","substation":"transmission","voltage":"225000","osm":"way/96082284"}},{"type":"Feature","geometry":{"type":"Point","coordinates":[6.14306,47.24371]},"properties":{"barrier":"fence","name":"Poste électrique de Gennes","power":"substation","ref:FR:RTE":"GENN5","ref:FR:RTE_nom":"GENNES","source":"data.gouv.fr:RTE - 04/2017","substation":"industrial","voltage":"63000","osm":"way/96895636"}},{"type":"Feature","geometry":{"type":"Point","coordinates":[4.87186,45.92245]},"properties":{"barrier":"fence","location":"outdoor","name":"Sous-station des Meunières","operator":"SNCF Réseau","operator:wikidata":"Q21605526","owner":"SNCF Réseau","power":"substation","ref:FR:RTE":"MEUNI","ref:FR:RTE_nom":"MEUNIERES (LES)","ref:FR:SNCF_Reseau:GAIA":"1441354c-6668-11e3-8cff-01f464e0362d","source":"data.gouv.fr:RTE - 04/2017","substation":"traction","voltage":"225000","osm":"way/97547196"}},{"type":"Feature","geometry":{"type":"Point","coordinates":[4.81871,45.89941]},"properties":{"location":"outdoor","operator":"RTE","operator:wikidata":"Q2178795","power":"substation","ref:FR:RTE":"GENAY","ref:FR:RTE_nom":"GENAY","source":"data.gouv.fr:RTE - 04/2017","substation":"transmission","voltage":"63000","osm":"way/97696340"}},{"type":"Feature","geometry":{"type":"Point","coordinates":[6.78934,45.61933]},"properties":{"barrier":"fence","location":"outdoor","name":"Poste source de Malgovert","operator":"Enedis","operator:wikidata":"Q3587594","power":"substation","substation":"distribution","voltage":"63000;20000","osm":"way/98415440"}},{"type":"Feature","geometry":{"type":"Point","coordinates":[3.43456,46.13438]},"properties":{"barrier":"fence","location":"outdoor","name":"Poste électrique des Thermes","operator":"Enedis","operator:wikidata":"Q3587594","power":"substation","ref:FR:RTE":"VICHY","ref:FR:RTE_nom":"VICHY","ref:FR:gdo":"03310Y0001","source":"data.gouv.fr:RTE - 04/2017","substation":"distribution","voltage":"63000;20000","osm":"way/100302631"}},{"type":"Feature","geometry":{"type":"Point","coordinates":[6.44727,45.61854]},"properties":{"barrier":"fence","location":"outdoor","name":"Poste électrique de Cudraz","operator":"RTE","operator:wikidata":"Q2178795","power":"substation","ref:FR:RTE":"CUDRA","ref:FR:RTE_nom":"CUDRAZ","substation":"transmission","voltage":"63000;42000","osm":"way/100477688"}},{"type":"Feature","geometry":{"type":"Point","coordinates":[6.29512,46.08481]},"properties":{"barrier":"fence","location":"outdoor","name":"Poste électrique de Cornier","operator":"RTE","operator:wikidata":"Q2178795","power":"substation","ref:FR:RTE":"CORNI","ref:FR:RTE_nom":"CORNIER","source":"data.gouv.fr:RTE - 04/2017","substation":"transmission","voltage":"400000;225000;63000;20000","osm":"way/100500802"}},{"type":"Feature","geometry":{"type":"Point","coordinates":[8.76754,46.6754]},"properties":{"barrier":"fence","name":"Sedrun","operator":"Swissgrid","power":"substation","substation":"transmission","voltage":"225000","osm":"way/100662075"}},{"type":"Feature","geometry":{"type":"Point","coordinates":[2.20095,47.16654]},"properties":{"operator":"RTE","operator:wikidata":"Q2178795","operator:wikipedia":"fr:RTE (entreprise)","power":"substation","ref:FR:RTE":"ALLOU","ref:FR:RTE_nom":"ALLOUIS","source":"cadastre-dgi-fr source : Direction Générale des Impôts - Cadastre. Mise à jour : 2011, bing","voltage":"90000","osm":"way/100833640"}},{"type":"Feature","geometry":{"type":"Point","coordinates":[6.13653,44.57838]},"properties":{"barrier":"wall","name":"Poste électrique de Grisolles","operator":"RTE","operator:wikidata":"Q2178795","power":"substation","ref:FR:RTE":"GRISO","ref:FR:RTE_nom":"GRISO","substation":"transmission","voltage":"225000;63000","osm":"way/101207712"}},{"type":"Feature","geometry":{"type":"Point","coordinates":[4.83019,45.7759]},"properties":{"building":"industrial","building:levels":"4","name":"Poste Source Haute-Tension","operator":"Enedis","operator:wikidata":"Q3587594","power":"substation","ref:FR:RTE":"C.ROU","ref:FR:RTE_nom":"CROIX-ROUSSE","roof:shape":"flat","source":"data.gouv.fr:RTE - 04/2017","substation":"distribution","voltage":"225000","osm":"way/101494744"}},{"type":"Feature","geometry":{"type":"Point","coordinates":[2.35666,45.39408]},"properties":{"barrier":"fence","location":"outdoor","name":"Poste électrique de La Mole","operator":"RTE","operator:wikidata":"Q2178795","power":"substation","ref:FR:RTE":"MOLE","ref:FR:RTE_nom":"MOLE (LA)","substation":"transmission","voltage":"225000;90000","osm":"way/104008765"}},{"type":"Feature","geometry":{"type":"Point","coordinates":[5.73665,45.08481]},"properties":{"fixme":"name","operator":"RTE","operator:wikidata":"Q2178795","power":"substation","ref:FR:RTE":"SABL5","ref:FR:RTE_nom":"SABLES (LES)","source":"cadastre-dgi-fr source : Direction Générale des Impôts - Cadastre ; mise à jour :2011","substation":"transmission","voltage":"225000","osm":"way/105197514"}},{"type":"Feature","geometry":{"type":"Point","coordinates":[6.07131,45.08716]},"properties":{"building":"yes","operator":"RTE","operator:wikidata":"Q2178795","power":"substation","ref:FR:RTE":"A.HUE","ref:FR:RTE_nom":"ALPE-D HUEZ","source":"RTE - 6 juin 2020","voltage":"63000","osm":"way/105441631"}},{"type":"Feature","geometry":{"type":"Point","coordinates":[3.0639,46.58012]},"properties":{"barrier":"fence","frequency":"50","name":"Poste électrique de Bourbon-l'Archambault","operator":"RTE","operator:wikidata":"Q2178795","power":"substation","ref:FR:RTE":"B.ARC","ref:FR:RTE_nom":"BOURBON-L ARCHAMBAULT","source":"Orthophotographie CRAIG/TopoGEODIS 2009","substation":"distribution","voltage":"63000;20000","osm":"way/105645663"}},{"type":"Feature","geometry":{"type":"Point","coordinates":[6.13736,46.8636]},"properties":{"barrier":"fence","name":"Sous-station de Mouremboz","operator":"SNCF Réseau","operator:wikidata":"Q21605526","power":"substation","ref:FR:RTE":"MOURE","ref:FR:RTE_nom":"MOUREMBOZ","source":"data.gouv.fr:RTE - 04/2017","substation":"traction","voltage":"63000;25000","osm":"way/105701090"}},{"type":"Feature","geometry":{"type":"Point","coordinates":[5.79677,46.91086]},"properties":{"barrier":"fence","name":"Sous-station de Mesnay","operator":"SNCF Réseau","operator:wikidata":"Q21605526","power":"substation","ref:FR:RTE":"MESNA","ref:FR:RTE_nom":"MESNAY","source":"Bing","substation":"traction","voltage":"63000","osm":"way/105701832"}},{"type":"Feature","geometry":{"type":"Point","coordinates":[5.78771,45.20619]},"properties":{"operator":"RTE","operator:wikidata":"Q2178795","power":"substation","ref:FR:RTE":"MEYLA","ref:FR:RTE_nom":"MEYLAN","source":"cadastre-dgi-fr source : Direction Générale des Impôts - Cadastre ; mise à jour : 2011","voltage":"63000","osm":"way/106705197"}},{"type":"Feature","geometry":{"type":"Point","coordinates":[5.70295,45.19697]},"properties":{"location":"outdoor","name":"Poste électrique du Confluent","operator":"RTE","operator:wikidata":"Q2178795","power":"substation","ref:FR:RTE":"CONF5","ref:FR:RTE_nom":"CONFLUENT","source":"cadastre-dgi-fr source : Direction Générale des Impôts - Cadastre ; mise à jour : 2011","substation":"transmission","voltage":"225000","osm":"way/107121899"}},{"type":"Feature","geometry":{"type":"Point","coordinates":[2.43213,44.99939]},"properties":{"operator":"RTE","power":"substation","ref:FR:RTE":"JUSSA","ref:FR:RTE_nom":"JUSSAC","source":"data.gouv.fr:RTE - 04/2017","voltage":"90000","osm":"way/107522841"}},{"type":"Feature","geometry":{"type":"Point","coordinates":[4.79371,45.35834]},"properties":{"building":"yes","operator":"RTE","power":"substation","ref:FR:RTE":"P.RO5","ref:FR:RTE_nom":"PEAGE-DE-ROUSSILLON-NORD","source":"data.gouv.fr:RTE - 2022-07","voltage":"63000","osm":"way/107887967"}},{"type":"Feature","geometry":{"type":"Point","coordinates":[3.5126,45.73867]},"properties":{"barrier":"fence","operator":"RTE","operator:wikidata":"Q2178795","power":"substation","ref:FR:RTE":"CZPIE","ref:FR:RTE_nom":"COURPIERE","source":"data.gouv.fr:RTE - 04/2017","voltage":"63000","osm":"way/108088387"}},{"type":"Feature","geometry":{"type":"Point","coordinates":[2.04987,47.11827]},"properties":{"barrier":"fence","location":"outdoor","name":"Sous-station SNCF Réseau de Mussay","operator":"SNCF Réseau","owner":"SNCF Réseau","power":"substation","railway:position":"216.605","ref:FR:RTE":"MUSSA","ref:FR:RTE_nom":"MUSSAY","ref:FR:SNCF_Reseau:GAIA":"1440e084-6668-11e3-8cff-01f464e0362d","substation":"traction","voltage":"90000;1500","osm":"way/108443303"}},{"type":"Feature","geometry":{"type":"Point","coordinates":[5.91295,45.64738]},"properties":{"building":"industrial","name":"Poste électrique de Drumettaz","operator":"RTE","operator:wikidata":"Q2178795","power":"substation","ref:FR:RTE":"DRUME","ref:FR:RTE_nom":"DRUMETTAZ","source":"data.gouv.fr:RTE - 04/2017","utility":"power","voltage":"63000","osm":"way/109160630"}},{"type":"Feature","geometry":{"type":"Point","coordinates":[2.04546,47.31655]},"properties":{"barrier":"fence","location":"outdoor","name":"Poste Électrique le Bourg","operator":"RTE","operator:wikidata":"Q2178795","owner":"SNCF Réseau","power":"substation","ref:FR:RTE":"BOURG","ref:FR:RTE_nom":"BOURG (LE)","substation":"distribution","voltage":"90000;20000;1500","osm":"way/110063062"}},{"type":"Feature","geometry":{"type":"Point","coordinates":[2.09606,47.21534]},"properties":{"barrier":"wall","location":"outdoor","operator":"RTE","power":"substation","ref:FR:RTE":"VIERZ","ref:FR:RTE_nom":"VIERZON","source":"data.gouv.fr:RTE - 04/2017","substation":"distribution","voltage":"90000;20000","osm":"way/110066954"}},{"type":"Feature","geometry":{"type":"Point","coordinates":[5.90856,45.58042]},"properties":{"barrier":"fence","location":"outdoor","name":"Poste électrique du Grand Verger","operator":"Enedis","operator:wikidata":"Q3587594","power":"substation","ref:FR:RTE":"G.VER","ref:FR:RTE_nom":"GRAND-VERGER","source":"data.gouv.fr:RTE - 04/2017","substation":"distribution","voltage":"63000;20000","osm":"way/110587594"}},{"type":"Feature","geometry":{"type":"Point","coordinates":[2.39305,47.06573]},"properties":{"barrier":"fence","location":"outdoor","name":"Poste Électrique Mazières","operator":"RTE","power":"substation","ref:FR:RTE":"MAZIE","ref:FR:RTE_nom":"MAZIERES","source":"Bing","substation":"transmission","voltage":"90000","osm":"way/112892078"}},{"type":"Feature","geometry":{"type":"Point","coordinates":[2.68682,44.76615]},"properties":{"barrier":"fence","location":"outdoor","name":"Portique 400 kV","operator":"RTE","power":"substation","ref:FR:RTE":"BROMM","ref:FR:RTE_nom":"BROMMAT","source":"cadastre-dgi-fr source : Direction Générale des Impôts - Cadastre ; mise à jour : 2011","substation":"transition","voltage":"400000","osm":"way/113104477"}},{"type":"Feature","geometry":{"type":"Point","coordinates":[2.63872,44.73447]},"properties":{"barrier":"fence","name":"Poste électrique de Montézic","operator":"RTE","power":"substation","ref:FR:RTE":"MTEZ5","ref:FR:RTE_nom":"MONTEZIC (POSTE EXTERIEUR)","source":"Bing","substation":"transition","url":"http://www.hydrelect.info/articles.php?lng=fr&pg=266","voltage":"400000","osm":"way/113217487"}},{"type":"Feature","geometry":{"type":"Point","coordinates":[2.43066,44.70779]},"properties":{"name":"Poste électrique - Leygues","operator":"RTE","operator:wikidata":"Q2178795","power":"substation","ref:FR:RTE":"LEYGU","ref:FR:RTE_nom":"LEYGUES","source":"data.gouv.fr:RTE - 04/2017","voltage":"63000","osm":"way/113623883"}},{"type":"Feature","geometry":{"type":"Point","coordinates":[4.91623,45.765]},"properties":{"barrier":"wall","location":"outdoor","name":"Poste électrique de Cusset","operator":"RTE","operator:wikidata":"Q2178795","power":"substation","ref:FR:RTE":"CUS.P","ref:FR:RTE_nom":"CUSSET-POSTE","ref:RTE:codnat":"CUS.PL","source":"cadastre-dgi-fr source : Direction Générale des Impôts - Cadastre. Mise à jour : 2011","substation":"transmission","voltage":"225000;63000;20000","wikidata":"Q95960887","osm":"way/114254761"}},{"type":"Feature","geometry":{"type":"Point","coordinates":[3.21238,46.99122]},"properties":{"barrier":"wall","location":"outdoor","name":"Poste électrique de Saint-Eloi","operator":"RTE","power":"substation","ref:FR:RTE":"SSELO","ref:FR:RTE_nom":"ST-ELOI","source":"Bing","substation":"transmission","voltage":"400000;225000;63000","osm":"way/114363583"}},{"type":"Feature","geometry":{"type":"Point","coordinates":[4.08758,46.03322]},"properties":{"barrier":"fence","frequency":"50","name":"Poste électrique de Roanne","operator":"RTE","operator:wikidata":"Q2178795","power":"substation","ref:FR:RTE":"ROANN","ref:FR:RTE_nom":"ROANNE","source":"Bing","substation":"distribution","voltage":"63000;20000","osm":"way/114441756"}},{"type":"Feature","geometry":{"type":"Point","coordinates":[4.17833,45.9114]},"properties":{"barrier":"fence","frequency":"50","name":"Poqste électrique de Neulise","operator":"Enedis","operator:wikidata":"Q3587594","power":"substation","ref:FR:RTE":"NEULI","ref:FR:RTE_nom":"NEULISE","source":"Bing","substation":"distribution","voltage":"63000;20000","osm":"way/114441757"}},{"type":"Feature","geometry":{"type":"Point","coordinates":[4.31678,46.21145]},"properties":{"barrier":"wall","location":"outdoor","operator":"RTE","operator:wikidata":"Q2178795","power":"substation","ref:FR:RTE":"CXFFA","ref:FR:RTE_nom":"CHAUFFAILLES","source":"electricite","substation":"transmission","voltage":"63000;20000","osm":"way/114836229"}},{"type":"Feature","geometry":{"type":"Point","coordinates":[6.09118,46.12918]},"properties":{"barrier":"fence","location":"outdoor","name":"Poste électrique de Saint-Julien","operator":"RTE","operator:wikidata":"Q2178795","power":"substation","ref:FR:RTE":"SSGE7","ref:FR:RTE_nom":"ST-JULIEN-EN-GENEVOIS","source":"data.gouv.fr:RTE - 04/2017","substation":"distribution","voltage":"63000;20000","osm":"way/115223105"}},{"type":"Feature","geometry":{"type":"Point","coordinates":[5.98327,47.23429]},"properties":{"barrier":"wall","name":"Saint-Ferjeux","operator":"RTE","operator:wikidata":"Q2178795","power":"substation","ref:FR:RTE":"SSFER","ref:FR:RTE_nom":"ST-FERJEUX","source":"data.gouv.fr:RTE - 04/2017","substation":"distribution","voltage":"63000","osm":"way/116765821"}},{"type":"Feature","geometry":{"type":"Point","coordinates":[4.97043,45.82769]},"properties":{"barrier":"fence","location":"outdoor","operator":"RTE","operator:wikidata":"Q2178795","power":"substation","ref:FR:RTE":"MIRIB","ref:FR:RTE_nom":"MIRIBEL","source":"data.gouv.fr:RTE - 04/2017","substation":"transmission","voltage":"63000;20000","osm":"way/117578188"}},{"type":"Feature","geometry":{"type":"Point","coordinates":[4.83707,45.84743]},"properties":{"barrier":"fence","operator":"RTE","operator:wikidata":"Q2178795","power":"substation","ref:FR:RTE":"ROCH5","ref:FR:RTE_nom":"ROCHETAILLEE","source":"data.gouv.fr:RTE - 04/2017","substation":"transmission","voltage":"63000","osm":"way/117578340"}},{"type":"Feature","geometry":{"type":"Point","coordinates":[4.7618,45.80655]},"properties":{"barrier":"fence","operator":"Enedis","operator:wikidata":"Q3587594","power":"substation","ref:FR:RTE":"DARDI","ref:FR:RTE_nom":"DARDILLY","source":"data.gouv.fr:RTE - 04/2017","substation":"distribution","voltage":"63000","osm":"way/117578414"}},{"type":"Feature","geometry":{"type":"Point","coordinates":[6.04463,47.22723]},"properties":{"barrier":"fence","fixme":"name","operator":"RTE","operator:wikidata":"Q2178795","power":"substation","ref:FR:RTE":"P.VAU","ref:FR:RTE_nom":"PRES-DE-VAUX","source":"data.gouv.fr:RTE - 04/2017","substation":"distribution","voltage":"63000","osm":"way/117621397"}},{"type":"Feature","geometry":{"type":"Point","coordinates":[5.16676,47.29335]},"properties":{"barrier":"fence","location":"outdoor","name":"Poste électrique de Magny-sur-Tille","operator":"RTE","operator:wikidata":"Q2178795","power":"substation","ref:FR:RTE":"MAGNY","ref:FR:RTE_nom":"MAGNY(-SUR TILLE)","source":"data.gouv.fr:RTE - 04/2017","substation":"transmission","voltage":"225000;63000","osm":"way/117810798"}},{"type":"Feature","geometry":{"type":"Point","coordinates":[5.81778,46.09733]},"properties":{"barrier":"fence","location":"outdoor","name":"Poste électrique d’Arlod","operator":"RTE","power":"substation","ref:FR:RTE":"ARLOD","ref:FR:RTE_nom":"ARLOD","source":"Bing","substation":"transmission","voltage":"225000","osm":"way/118112539"}},{"type":"Feature","geometry":{"type":"Point","coordinates":[6.05374,46.25524]},"properties":{"barrier":"fence","location":"outdoor","name":"CERN","note":"Poste exploité par le CERN","operator":"CERN","power":"substation","ref:FR:RTE":"CERN","ref:FR:RTE_nom":"C.E.R.N.","source":"data.gouv.fr:RTE - 04/2017","substation":"industrial","voltage":"400000;66000;18000","osm":"way/118116706"}},{"type":"Feature","geometry":{"type":"Point","coordinates":[5.80384,46.01838]},"properties":{"operator":"RTE","power":"substation","ref:FR:RTE":"PYRIM","ref:FR:RTE_nom":"PYRIMONT","source":"Bing","substation":"traction","voltage":"63000","osm":"way/118116711"}},{"type":"Feature","geometry":{"type":"Point","coordinates":[4.11705,46.08309]},"properties":{"barrier":"fence","frequency":"50","location":"outdoor","name":"Poste électrique de Grépilles","operator":"RTE","operator:wikidata":"Q2178795","power":"substation","ref:FR:RTE":"GREPI","ref:FR:RTE_nom":"GREPILLES","source":"Bing","substation":"transmission","voltage":"400000;63000","osm":"way/118121876"}},{"type":"Feature","geometry":{"type":"Point","coordinates":[4.0559,46.05807]},"properties":{"alt_name":"Roanne","barrier":"wall","frequency":"50","location":"outdoor","name":"Poste électrique de Riorges","operator":"RTE","operator:wikidata":"Q2178795","power":"substation","ref:FR:RTE":"RIORG","ref:FR:RTE_nom":"RIORGES","source":"Bing","substation":"transmission","voltage":"225000;63000;20000","osm":"way/118121877"}},{"type":"Feature","geometry":{"type":"Point","coordinates":[4.09789,46.05322]},"properties":{"barrier":"fence","frequency":"50","name":"Poste électrique de Matel","operator":"Enedis","operator:wikidata":"Q3587594","power":"substation","ref:FR:RTE":"MATEL","ref:FR:RTE_nom":"MATEL","source":"Bing","substation":"distribution","voltage":"63000;20000","osm":"way/118121889"}},{"type":"Feature","geometry":{"type":"Point","coordinates":[5.61134,45.58388]},"properties":{"barrier":"wall","landuse":"industrial","location":"outdoor","name":"Poste électrique de Aoste","operator":"RTE","operator:wikidata":"Q2178795","power":"substation","ref:FR:RTE":"AOSTE","ref:FR:RTE_nom":"AOSTE","source":"Bing","substation":"transmission","voltage":"225000;63000;20000","osm":"way/118127416"}},{"type":"Feature","geometry":{"type":"Point","coordinates":[4.78683,45.57194]},"properties":{"barrier":"wall","location":"outdoor","name":"Poste électrique de Givors","operator":"RTE","operator:wikidata":"Q2178795","power":"substation","ref:FR:RTE":"GIVOR","ref:FR:RTE_nom":"GIVORS","source":"Bing","substation":"transmission","voltage":"225000","osm":"way/118133021"}},{"type":"Feature","geometry":{"type":"Point","coordinates":[5.02661,45.76155]},"properties":{"barrier":"wall","location":"outdoor","name":"Poste électrique de Meyzieu","operator":"Enedis","operator:wikidata":"Q3587594","power":"substation","ref:FR:RTE":"MEYZI","ref:FR:RTE_nom":"MEYZIEU","source":"data.gouv.fr:RTE - 12/2017","substation":"distribution","voltage":"225000;63000","osm":"way/118133060"}},{"type":"Feature","geometry":{"type":"Point","coordinates":[4.78235,45.57568]},"properties":{"barrier":"wall","location":"outdoor","name":"Poste électrique de Givors Bans","operator":"RTE","operator:wikidata":"Q2178795","power":"substation","ref:FR:RTE":"G.BAN","ref:FR:RTE_nom":"GIVORS-BANS","source":"Bing","substation":"transmission","voltage":"225000;63000;20000","osm":"way/118133062"}},{"type":"Feature","geometry":{"type":"Point","coordinates":[3.26568,45.72016]},"properties":{"barrier":"fence","frequency":"50","location":"outdoor","name":"Poste électrique de Lignat","operator":"RTE","operator:wikidata":"Q2178795","power":"substation","ref:FR:RTE":"LIGNA","ref:FR:RTE_nom":"LIGNAT","source":"Orthophotographie CRAIG/TopoGEODIS 2009","substation":"transmission","voltage":"225000;63000","osm":"way/118727701"}},{"type":"Feature","geometry":{"type":"Point","coordinates":[3.48013,45.95666]},"properties":{"operator":"RTE","operator:wikidata":"Q2178795","power":"substation","ref:FR:RTE":"P.GUI","ref:FR:RTE_nom":"PUY-GUILLAUME","source":"Orthophotographie CRAIG/TopoGEODIS 2009","voltage":"63000","osm":"way/118767278"}},{"type":"Feature","geometry":{"type":"Point","coordinates":[5.79345,47.38813]},"properties":{"barrier":"fence","name":"Gy","operator":"RTE","power":"substation","ref:FR:RTE":"GY","ref:FR:RTE_nom":"GY","source":"data.gouv.fr:RTE - 04/2017","substation":"distribution","voltage":"63000","osm":"way/120045202"}},{"type":"Feature","geometry":{"type":"Point","coordinates":[5.26512,45.84]},"properties":{"operator":"RTE","operator:wikidata":"Q2178795","power":"substation","ref:FR:RTE":"TACHE","ref:FR:RTE_nom":"TACHES (LES)","source":"data.gouv.fr:RTE - 04/2017","substation":"transmission","voltage":"63000","osm":"way/120440036"}},{"type":"Feature","geometry":{"type":"Point","coordinates":[5.32892,45.95654]},"properties":{"operator":"RTE","power":"substation","ref:FR:RTE":"AMBER","ref:FR:RTE_nom":"AMBERIEU","source":"data.gouv.fr:RTE - 04/2017","voltage":"63000","osm":"way/120446078"}},{"type":"Feature","geometry":{"type":"Point","coordinates":[5.44421,47.09816]},"properties":{"barrier":"fence","location":"outdoor","name":"Poste électrique de Champvans","operator":"RTE","operator:wikidata":"Q2178795","power":"substation","ref:FR:RTE":"CPVAN","ref:FR:RTE_nom":"CHAMPVANS","source":"data.gouv.fr:RTE - 04/2017","substation":"transmission","voltage":"225000;63000","osm":"way/120464542"}},{"type":"Feature","geometry":{"type":"Point","coordinates":[5.51281,47.10765]},"properties":{"operator":"SNCF Réseau","operator:wikidata":"Q2178795","power":"substation","ref:FR:RTE":"BREVA","ref:FR:RTE_nom":"BREVANS","source":"data.gouv.fr:RTE - 04/2017","substation":"traction","voltage":"63000","osm":"way/120468588"}},{"type":"Feature","geometry":{"type":"Point","coordinates":[5.36553,47.32728]},"properties":{"barrier":"fence","name":"Poste électrique de Triey","operator":"RTE","power":"substation","ref:FR:RTE":"TRIEY","ref:FR:RTE_nom":"TRIEY","source":"data.gouv.fr:RTE - 04/2017","substation":"transmission","voltage":"63000","osm":"way/120494931"}},{"type":"Feature","geometry":{"type":"Point","coordinates":[5.59262,47.45454]},"properties":{"name":"Gray","operator":"RTE","operator:wikidata":"Q2178795","operator:wikipedia":"fr:RTE (entreprise)","power":"substation","ref:FR:RTE":"GRAY","ref:FR:RTE_nom":"GRAY","source":"data.gouv.fr:RTE - 04/2017","substation":"distribution","voltage":"63000","osm":"way/120810902"}},{"type":"Feature","geometry":{"type":"Point","coordinates":[2.22194,44.94665]},"properties":{"barrier":"wall","location":"outdoor","name":"Poste électrique de Gatellier","operator":"RTE","power":"substation","ref:FR:RTE":"GATEL","ref:FR:RTE_nom":"GATELLIER","source":"Bing","substation":"transmission","voltage":"225000;90000","osm":"way/121152763"}},{"type":"Feature","geometry":{"type":"Point","coordinates":[2.0315,44.983]},"properties":{"barrier":"fence","location":"outdoor","power":"substation","ref:FR:RTE":"LAMA5","ref:FR:RTE_nom":"LAMATIVIE","source":"Bing","substation":"transmission","voltage":"90000","osm":"way/121152771"}},{"type":"Feature","geometry":{"type":"Point","coordinates":[2.19672,47.15359]},"properties":{"barrier":"fence","operator":"Enedis","operator:wikidata":"Q3587594","power":"substation","ref:FR:RTE":"MEHUN","ref:FR:RTE_nom":"MEHUN (-SUR-YEVRE)","source":"Bing","substation":"distribution","voltage":"90000","osm":"way/121643476"}},{"type":"Feature","geometry":{"type":"Point","coordinates":[5.05992,47.35268]},"properties":{"barrier":"wall","location":"outdoor","name":"Poste électrique de Champs-Regnaud","operator":"RTE","operator:wikidata":"Q2178795","power":"substation","ref:FR:RTE":"C.REG","ref:FR:RTE_nom":"CHAMPS-REGNAUD","source":"data.gouv.fr:RTE - 04/2017","substation":"transmission","voltage":"225000;63000;20000","osm":"way/122061929"}},{"type":"Feature","geometry":{"type":"Point","coordinates":[4.78491,47.3408]},"properties":{"name":"SNCF Baulme la Roche","operator":"SNCF Réseau","operator:wikidata":"Q21605526","power":"substation","ref:FR:RTE":"B.ROC","ref:FR:RTE_nom":"BAULME-LA-ROCHE","ref:FR:SNCF_Reseau:GAIA":"1442f774-6668-11e3-8cff-01f464e0362d","source":"data.gouv.fr:RTE - 04/2017","substation":"traction","voltage":"63000","osm":"way/122096128"}},{"type":"Feature","geometry":{"type":"Point","coordinates":[5.15177,47.17646]},"properties":{"barrier":"fence","operator":"SNCF Réseau","power":"substation","ref:FR:RTE":"AISER","ref:FR:RTE_nom":"AISEREY","source":"data.gouv.fr:RTE - 04/2017","substation":"traction","voltage":"63000","osm":"way/122103332"}},{"type":"Feature","geometry":{"type":"Point","coordinates":[4.99998,47.25477]},"properties":{"barrier":"wall","frequency":"50","location":"outdoor","name":"Poste électrique de Couchey","operator":"RTE","operator:wikidata":"Q2178795","power":"substation","ref:FR:RTE":"COUCH","ref:FR:RTE_nom":"COUCHEY","source":"data.gouv.fr:RTE - 04/2017","substation":"transmission","voltage":"225000;63000","osm":"way/122104435"}},{"type":"Feature","geometry":{"type":"Point","coordinates":[5.1481,47.29082]},"properties":{"barrier":"wall","frequency":"50","name":"Poste électrique de Chevigny-Saint-Sauveur","operator":"RTE","operator:wikidata":"Q2178795","power":"substation","ref:FR:RTE":"C.SAU","ref:FR:RTE_nom":"CHEVIGNY-ST-SAUVEUR","source":"data.gouv.fr:RTE - 04/2017","substation":"distribution","voltage":"63000;20000","osm":"way/122191633"}},{"type":"Feature","geometry":{"type":"Point","coordinates":[5.56186,46.69164]},"properties":{"barrier":"wall","location":"outdoor","name":"Poste électrique de Pymont","operator":"RTE","operator:wikidata":"Q2178795","operator:wikipedia":"fr:RTE (entreprise)","power":"substation","ref:FR:RTE":"PYMON","ref:FR:RTE_nom":"PYMONT","source":"data.gouv.fr:RTE - 04/2017","substation":"transmission","voltage":"225000;63000","osm":"way/122361853"}},{"type":"Feature","geometry":{"type":"Point","coordinates":[5.56291,46.69231]},"properties":{"barrier":"wall","location":"outdoor","name":"Poste source de Lons-le-Saunier","operator":"RTE","operator:wikidata":"Q2178795","operator:wikipedia":"fr:RTE (entreprise)","power":"substation","ref:FR:RTE":"L.SAU","ref:FR:RTE_nom":"LONS-LE-SAUNIER","source":"data.gouv.fr:RTE - 04/2017","substation":"distribution","voltage":"63000","osm":"way/122361886"}},{"type":"Feature","geometry":{"type":"Point","coordinates":[6.28541,47.02956]},"properties":{"barrier":"fence","name":"Mouthier","operator":"RTE","operator:wikidata":"Q2178795","power":"substation","ref:FR:RTE":"MOUTH","ref:FR:RTE_nom":"MOUTHIER","source":"data.gouv.fr:RTE - 04/2017","substation":"distribution","voltage":"63000","osm":"way/122394639"}},{"type":"Feature","geometry":{"type":"Point","coordinates":[5.90751,46.75826]},"properties":{"barrier":"fence","location":"outdoor","name":"Poste électrique de Champagnole","operator":"RTE","operator:wikidata":"Q2178795","power":"substation","ref:FR:RTE":"CPNOL","ref:FR:RTE_nom":"CHAMPAGNOLE","source":"data.gouv.fr:RTE - 04/2017","substation":"transmission","voltage":"225000;63000;20000","osm":"way/122411058"}},{"type":"Feature","geometry":{"type":"Point","coordinates":[4.71092,46.62965]},"properties":{"barrier":"fence","location":"outdoor","name":"Poste électrique de Grosne","operator":"RTE","operator:wikidata":"Q2178795","power":"substation","ref:FR:RTE":"GROSN","ref:FR:RTE_nom":"GROSNE","source":"data.gouv.fr:RTE - 04/2017","substation":"transmission","voltage":"400000;225000","osm":"way/122563466"}},{"type":"Feature","geometry":{"type":"Point","coordinates":[4.86109,46.76299]},"properties":{"barrier":"wall","location":"outdoor","name":"Chalon","operator":"RTE","operator:wikidata":"Q2178795","power":"substation","ref:FR:RTE":"CHALO","ref:FR:RTE_nom":"CHALON","source":"data.gouv.fr:RTE - 04/2017","substation":"transmission","voltage":"225000;63000","osm":"way/122568639"}},{"type":"Feature","geometry":{"type":"Point","coordinates":[5.24748,47.10521]},"properties":{"barrier":"fence","operator":"RTE","operator:wikidata":"Q2178795","operator:wikipedia":"fr:RTE (entreprise)","power":"substation","ref:FR:RTE":"BEON","ref:FR:RTE_nom":"BEON","source":"data.gouv.fr:RTE - 04/2017","voltage":"63000","osm":"way/122665117"}},{"type":"Feature","geometry":{"type":"Point","coordinates":[5.38458,47.02213]},"properties":{"operator":"RTE","operator:wikidata":"Q2178795","operator:wikipedia":"fr:RTE (entreprise)","power":"substation","ref:FR:RTE":"CPDIV","ref:FR:RTE_nom":"CHAMPDIVERS","source":"data.gouv.fr:RTE - 04/2017","voltage":"63000","osm":"way/122666949"}},{"type":"Feature","geometry":{"type":"Point","coordinates":[5.24984,47.10731]},"properties":{"operator":"RTE","power":"substation","ref:FR:RTE":"SSUSA","ref:FR:RTE_nom":"ST-USAGE","source":"data.gouv.fr:RTE - 04/2017","voltage":"63000","osm":"way/122667141"}},{"type":"Feature","geometry":{"type":"Point","coordinates":[5.46263,46.20487]},"properties":{"barrier":"fence","location":"outdoor","name":"Poste électrique de Cize","operator":"RTE","operator:wikidata":"Q2178795","power":"substation","ref:FR:RTE":"CIZE","ref:FR:RTE_nom":"CIZE","source":"data.gouv.fr:RTE - 04/2017","substation":"transmission","voltage":"225000;63000","wikidata":"Q98399063","osm":"way/122748502"}},{"type":"Feature","geometry":{"type":"Point","coordinates":[5.20983,46.23249]},"properties":{"barrier":"fence","location":"outdoor","name":"Poste électrique de Fleyriat","operator":"RTE","operator:wikidata":"Q2178795","power":"substation","ref:FR:RTE":"FLEYR","ref:FR:RTE_nom":"FLEYRIAT","source":"data.gouv.fr:RTE - 04/2017","substation":"transmission","voltage":"225000;63000","osm":"way/122752897"}},{"type":"Feature","geometry":{"type":"Point","coordinates":[5.55005,46.19882]},"properties":{"barrier":"fence","location":"outdoor","name":"Poste électrique d’Izernore","operator":"RTE","operator:wikidata":"Q2178795","power":"substation","ref:FR:RTE":"IZERN","ref:FR:RTE_nom":"IZERNORE","source":"data.gouv.fr:RTE - 04/2017","substation":"transmission","voltage":"225000;63000","osm":"way/122755047"}},{"type":"Feature","geometry":{"type":"Point","coordinates":[4.07594,46.60956]},"properties":{"alt_name":"Gueugnon","barrier":"wall","location":"outdoor","name":"Gueugnon (EGD)","operator":"RTE","operator:wikidata":"Q2178795","power":"substation","ref:FR:RTE":"GUEUG","ref:FR:RTE_nom":"GUEUGNON","source":"data.gouv.fr:RTE - 04/2017","substation":"transmission","voltage":"225000;63000","osm":"way/122923029"}},{"type":"Feature","geometry":{"type":"Point","coordinates":[4.40733,46.70851]},"properties":{"barrier":"wall","name":"Blanzy","power":"substation","ref:FR:RTE":"BLANZ","ref:FR:RTE_nom":"BLANZY","source":"data.gouv.fr:RTE - 04/2017","substation":"industrial","voltage":"63000","osm":"way/122955924"}},{"type":"Feature","geometry":{"type":"Point","coordinates":[6.12721,47.10876]},"properties":{"barrier":"wall","fixme":"name","operator":"RTE","operator:wikidata":"Q2178795","power":"substation","ref:FR:RTE":"ORNAN","ref:FR:RTE_nom":"ORNANS","source":"data.gouv.fr:RTE - 04/2017","substation":"distribution","voltage":"63000","osm":"way/123074234"}},{"type":"Feature","geometry":{"type":"Point","coordinates":[6.86323,47.46661]},"properties":{"barrier":"wall","name":"Seloncourt","operator":"RTE","operator:wikidata":"Q2178795","operator:wikipedia":"fr:RTE (entreprise)","power":"substation","ref:FR:RTE":"SELON","ref:FR:RTE_nom":"SELONCOURT","source":"data.gouv.fr:RTE - 04/2017","substation":"distribution","voltage":"63000","osm":"way/123098496"}},{"type":"Feature","geometry":{"type":"Point","coordinates":[6.83685,47.4521]},"properties":{"barrier":"wall","fixme":"name","operator":"RTE","operator:wikidata":"Q2178795","power":"substation","ref:FR:RTE":"VALE6","ref:FR:RTE_nom":"VALENTIGNEY","source":"data.gouv.fr:RTE - 04/2017","substation":"distribution","voltage":"63000","osm":"way/123102102"}},{"type":"Feature","geometry":{"type":"Point","coordinates":[6.25708,47.31249]},"properties":{"barrier":"fence","name":"Douvot","operator":"RTE","operator:wikidata":"Q2178795","operator:wikipedia":"fr:RTE (entreprise)","power":"substation","ref:FR:RTE":"DOUVO","ref:FR:RTE_nom":"DOUVOT","source":"data.gouv.fr:RTE - 04/2017","substation":"distribution","voltage":"63000","osm":"way/123341051"}},{"type":"Feature","geometry":{"type":"Point","coordinates":[6.13428,47.28226]},"properties":{"barrier":"wall","fixme":"name","operator":"RTE","operator:wikidata":"Q2178795","power":"substation","ref:FR:RTE":"NOVIL","ref:FR:RTE_nom":"NOVILLARS","source":"data.gouv.fr:RTE - 04/2017","substation":"distribution","voltage":"63000","osm":"way/123689514"}},{"type":"Feature","geometry":{"type":"Point","coordinates":[6.32455,47.14419]},"properties":{"barrier":"fence","fixme":"name","operator":"RTE","power":"substation","ref:FR:RTE":"VALDA","ref:FR:RTE_nom":"VALDAHON","source":"data.gouv.fr:RTE - 04/2017","substation":"distribution","voltage":"63000","osm":"way/123700763"}},{"type":"Feature","geometry":{"type":"Point","coordinates":[5.57591,46.8448]},"properties":{"barrier":"fence","name":"Poste Le Bouchaud","operator":"RTE","operator:wikidata":"Q2178795","operator:wikipedia":"fr:RTE (entreprise)","power":"substation","ref:FR:RTE":"BOUC6","ref:FR:RTE_nom":"BOUCHAUD (LE)","source":"data.gouv.fr:RTE - 04/2017","voltage":"63000","osm":"way/123803365"}},{"type":"Feature","geometry":{"type":"Point","coordinates":[5.60047,46.83415]},"properties":{"barrier":"fence","name":"poste Gysserie","operator":"RTE","operator:wikidata":"Q2178795","operator:wikipedia":"fr:RTE (entreprise)","power":"substation","ref:FR:RTE":"GYSSE","ref:FR:RTE_nom":"GYSSERIE","source":"data.gouv.fr:RTE - 04/2017","voltage":"63000","osm":"way/123803366"}},{"type":"Feature","geometry":{"type":"Point","coordinates":[6.27543,46.79324]},"properties":{"barrier":"fence","fixme":"name","location":"outdoor","operator":"RTE","operator:wikidata":"Q2178795","operator:wikipedia":"fr:RTE (entreprise)","power":"substation","ref:FR:RTE":"G.MAR","ref:FR:RTE_nom":"GRANGES-STE-MARIE","source":"data.gouv.fr:RTE - 04/2017","substation":"distribution","voltage":"63000","osm":"way/124018728"}},{"type":"Feature","geometry":{"type":"Point","coordinates":[3.63476,46.24119]},"properties":{"operator":"RTE","operator:wikidata":"Q2178795","power":"substation","ref:FR:RTE":"SSPRI","ref:FR:RTE_nom":"ST-PRIX","source":"data.gouv.fr:RTE - 04/2017","voltage":"63000","osm":"way/124067966"}},{"type":"Feature","geometry":{"type":"Point","coordinates":[5.87712,47.10075]},"properties":{"landuse":"industrial","operator":"RTE","operator:wikidata":"Q2178795","power":"substation","ref:FR:RTE":"QUING","ref:FR:RTE_nom":"QUINGEY","source":"data.gouv.fr:RTE - 04/2017","voltage":"63000","osm":"way/124333324"}},{"type":"Feature","geometry":{"type":"Point","coordinates":[5.69307,46.57994]},"properties":{"barrier":"wall","name":"Poste électrique de la Saisse","operator":"RTE","operator:wikidata":"Q2178795","power":"substation","ref:FR:RTE":"SAISS","ref:FR:RTE_nom":"SAISSE (LA)","source":"data.gouv.fr:RTE - 04/2017","voltage":"63000","osm":"way/124521280"}},{"type":"Feature","geometry":{"type":"Point","coordinates":[6.02665,46.50189]},"properties":{"operator":"RTE","operator:wikidata":"Q2178795","power":"substation","ref:FR:RTE":"MOREZ","ref:FR:RTE_nom":"MOREZ","source":"data.gouv.fr:RTE - 04/2017","voltage":"63000","osm":"way/124524453"}},{"type":"Feature","geometry":{"type":"Point","coordinates":[4.70152,45.23664]},"properties":{"barrier":"fence","operator":"RTE","operator:wikidata":"Q2178795","power":"substation","ref:FR:RTE":"VERN9","ref:FR:RTE_nom":"VERNOSC","source":"data.gouv.fr:RTE - 04/2017","substation":"transmission","voltage":"63000","osm":"way/124743086"}},{"type":"Feature","geometry":{"type":"Point","coordinates":[4.80632,45.77577]},"properties":{"building":"industrial","name":"Poste électrique de Vaise","operator":"RTE","operator:wikidata":"Q2178795","power":"substation","ref:FR:RTE":"VAISE","ref:FR:RTE_nom":"VAISE","source":"data.gouv.fr:RTE - 04/2017","substation":"transmission","voltage":"225000","osm":"way/125076979"}},{"type":"Feature","geometry":{"type":"Point","coordinates":[6.13926,45.88717]},"properties":{"barrier":"fence","location":"outdoor","name":"Poste électrique des Espagnoux","operator":"Enedis","operator:wikidata":"Q3587594","power":"substation","ref:FR:RTE":"ESPAG","ref:FR:RTE_nom":"ESPAGNOUX","source":"data.gouv.fr:RTE - 04/2017","substation":"distribution","voltage":"63000;20000","osm":"way/125089211"}},{"type":"Feature","geometry":{"type":"Point","coordinates":[3.64993,44.97345]},"properties":{"barrier":"fence","location":"outdoor","name":"Poste électrique de Pratclaux","operator":"RTE","operator:wikidata":"Q2178795","power":"substation","ref:FR:RTE":"PRATC","ref:FR:RTE_nom":"PRATCLAUX","source":"Orthophotographie CRAIG/TopoGEODIS 2009","substation":"transmission","voltage":"225000;63000","osm":"way/125494395"}},{"type":"Feature","geometry":{"type":"Point","coordinates":[3.65012,44.97243]},"properties":{"barrier":"fence","location":"outdoor","name":"Poste électrique 63kV de Pratclaux","operator":"RTE","operator:wikidata":"Q2178795","power":"substation","ref:FR:RTE":"PRATC","ref:FR:RTE_nom":"PRATCLAUX","source":"Orthophotographie CRAIG/TopoGEODIS 2009","substation":"transmission","voltage":"63000;20000","osm":"way/125494396"}},{"type":"Feature","geometry":{"type":"Point","coordinates":[3.8005,45.04531]},"properties":{"barrier":"fence","name":"Poste électrique de Sanssac l'église","operator":"RTE","operator:wikidata":"Q2178795","power":"substation","ref:FR:RTE":"SANSS","ref:FR:RTE_nom":"SANSSAC (L'EGLISE)","source":"Orthophotographie CRAIG/TopoGEODIS 2009","substation":"transmission","voltage":"225000","osm":"way/125495792"}},{"type":"Feature","geometry":{"type":"Point","coordinates":[5.04861,45.84292]},"properties":{"operator":"RTE","operator:wikidata":"Q2178795","power":"substation","ref:FR:RTE":"P.SE5","ref:FR:RTE_nom":"PRE-SEIGNEURS","source":"cadastre-dgi-fr source : Direction Générale des Impôts - Cadastre;mise à jour : 2011","substation":"transmission","voltage":"63000","osm":"way/125646413"}},{"type":"Feature","geometry":{"type":"Point","coordinates":[5.08741,45.84881]},"properties":{"operator":"RTE","operator:wikidata":"Q2178795","power":"substation","ref:FR:RTE":"MTLUE","ref:FR:RTE_nom":"MONTLUEL","source":"cadastre-dgi-fr source : Direction Générale des Impôts - Cadastre ; mise à jour : 2011","substation":"traction","voltage":"63000","osm":"way/125674484"}},{"type":"Feature","geometry":{"type":"Point","coordinates":[4.90627,45.71632]},"properties":{"barrier":"fence","location":"outdoor","name":"Poste électrique de Vénissieux","operator":"RTE","operator:wikidata":"Q2178795","power":"substation","ref:FR:RTE":"VENIS","ref:FR:RTE_nom":"VENISSIEUX","source":"data.gouv.fr:RTE - 04/2017","substation":"transmission","voltage":"225000","osm":"way/125721667"}},{"type":"Feature","geometry":{"type":"Point","coordinates":[8.89601,45.65542]},"properties":{"name":"Gorla","operator":"Enel Distribuzione","power":"substation","ref:terna":"MMILGRLM","substation":"distribution","voltage":"150000","osm":"way/125780157"}},{"type":"Feature","geometry":{"type":"Point","coordinates":[4.97779,45.82363]},"properties":{"building":"service","operator":"RTE","operator:wikidata":"Q2178795","power":"substation","ref:FR:RTE":"SSMR5","ref:FR:RTE_nom":"ST-MAURICE DE BEYNOST","source":"data.gouv.fr:RTE - 04/2017","voltage":"63000","osm":"way/126700361"}},{"type":"Feature","geometry":{"type":"Point","coordinates":[4.92686,47.32656]},"properties":{"frequency":"50","name":"Sous-station SNCF de Velars","operator":"SNCF Réseau","operator:wikidata":"Q21605526","power":"substation","ref:FR:RTE":"VELAR","ref:FR:RTE_nom":"VELARS","source":"data.gouv.fr:RTE - 04/2017","substation":"traction","voltage":"63000","osm":"way/127318829"}},{"type":"Feature","geometry":{"type":"Point","coordinates":[5.02602,47.29046]},"properties":{"frequency":"50","name":"Sous-station SNCF de Perrigny","operator":"SNCF Réseau","operator:wikidata":"Q21605526","power":"substation","ref:FR:RTE":"PERRI","ref:FR:RTE_nom":"PERRIGNY","source":"data.gouv.fr:RTE - 04/2017","substation":"traction","voltage":"63000","osm":"way/127353637"}},{"type":"Feature","geometry":{"type":"Point","coordinates":[4.9774,47.33105]},"properties":{"barrier":"fence","frequency":"50","name":"Poste électrique de Kir","operator":"Enedis","operator:wikidata":"Q3587594","power":"substation","ref:FR:RTE":"KIR","ref:FR:RTE_nom":"KIR","source":"data.gouv.fr:RTE - 04/2017","substation":"distribution","voltage":"63000","osm":"way/127353651"}},{"type":"Feature","geometry":{"type":"Point","coordinates":[5.03916,47.28078]},"properties":{"frequency":"50","name":"Poste électrique de Romelet","operator":"RTE","operator:wikidata":"Q2178795","power":"substation","ref:FR:RTE":"ROMEL","ref:FR:RTE_nom":"ROMELET","source":"data.gouv.fr:RTE - 04/2017","substation":"distribution","voltage":"63000;20000","osm":"way/127367565"}},{"type":"Feature","geometry":{"type":"Point","coordinates":[4.96334,47.1231]},"properties":{"operator":"RTE","operator:wikidata":"Q2178795","power":"substation","ref:FR:RTE":"N.GEO","ref:FR:RTE_nom":"NUITS-ST-GEORGES","source":"data.gouv.fr:RTE - 04/2017","voltage":"63000","osm":"way/127478977"}},{"type":"Feature","geometry":{"type":"Point","coordinates":[4.85638,47.03058]},"properties":{"operator":"SNCF Réseau","operator:wikidata":"Q21605526","power":"substation","ref:FR:RTE":"BXNE5","ref:FR:RTE_nom":"BEAUNE (SNCF)","source":"data.gouv.fr:RTE - 2021-01","substation":"traction","voltage":"63000","osm":"way/127480094"}},{"type":"Feature","geometry":{"type":"Point","coordinates":[4.85072,47.04567]},"properties":{"barrier":"fence","operator":"Enedis","operator:wikidata":"Q3587594","power":"substation","ref:FR:RTE":"BXNE","ref:FR:RTE_nom":"BEAUNE","source":"data.gouv.fr:RTE - 04/2017","substation":"distribution","voltage":"63000","osm":"way/127482168"}},{"type":"Feature","geometry":{"type":"Point","coordinates":[5.65661,45.20861]},"properties":{"operator":"RTE","operator:wikidata":"Q2178795","power":"substation","ref:FR:RTE":"SASSE","ref:FR:RTE_nom":"SASSENAGE","source":"cadastre-dgi-fr source : Direction Générale des Impôts - Cadastre ; mise à jour : 2011","substation":"distribution","voltage":"63000","osm":"way/127548238"}},{"type":"Feature","geometry":{"type":"Point","coordinates":[4.79306,46.78198]},"properties":{"barrier":"wall","name":"Poste Source Châtenoy-Le-Royal","operator":"Enedis","power":"substation","ref:FR:RTE":"C.ROY","ref:FR:RTE_nom":"CHATENOY-LE-ROYAL","source":"data.gouv.fr:RTE - 04/2017","substation":"distribution","voltage":"63000","osm":"way/127569910"}},{"type":"Feature","geometry":{"type":"Point","coordinates":[4.86198,46.71762]},"properties":{"name":"Varennes (SNCF)","operator":"RTE","power":"substation","ref:FR:RTE":"VAREN","ref:FR:RTE_nom":"VARENNES","source":"data.gouv.fr:RTE - 04/2017","substation":"traction","voltage":"63000","osm":"way/127599865"}},{"type":"Feature","geometry":{"type":"Point","coordinates":[4.84374,46.77702]},"properties":{"name":"Sous Station de Chalon-sur-Saône","operator":"RTE","operator:wikidata":"Q2178795","operator:wikipedia":"fr:RTE (entreprise)","power":"substation","ref:FR:RTE":"CHAL5","ref:FR:RTE_nom":"CHALON (S.N.C.F.)","source":"data.gouv.fr:RTE - 2021-01","substation":"traction","voltage":"63000","osm":"way/127606941"}},{"type":"Feature","geometry":{"type":"Point","coordinates":[4.78697,46.83769]},"properties":{"operator":"RTE","operator:wikidata":"Q2178795","operator:wikipedia":"fr:RTE (entreprise)","power":"substation","ref:FR:RTE":"FTAIN","ref:FR:RTE_nom":"FONTAINES (S.N.C.F.)","source":"data.gouv.fr:RTE - 2021-01","substation":"traction","voltage":"63000","osm":"way/127610295"}},{"type":"Feature","geometry":{"type":"Point","coordinates":[4.74847,46.90573]},"properties":{"operator":"RTE","operator:wikidata":"Q2178795","operator:wikipedia":"fr:RTE (entreprise)","power":"substation","ref:FR:RTE":"CHAGN","ref:FR:RTE_nom":"CHAGNY","source":"data.gouv.fr:RTE - 04/2017","substation":"traction","voltage":"63000","osm":"way/127625247"}},{"type":"Feature","geometry":{"type":"Point","coordinates":[4.79422,46.96739]},"properties":{"operator":"SNCF Réseau","operator:wikidata":"Q21605526","power":"substation","ref:FR:RTE":"MEURS","ref:FR:RTE_nom":"MEURSAULT","source":"data.gouv.fr:RTE - 04/2017","substation":"traction","voltage":"63000","osm":"way/127654255"}},{"type":"Feature","geometry":{"type":"Point","coordinates":[4.8456,47.0011]},"properties":{"barrier":"fence","operator":"Enedis","power":"substation","ref:FR:RTE":"MTAGN","ref:FR:RTE_nom":"MONTAGNY (LES BEAUNE)","source":"data.gouv.fr:RTE - 04/2017","substation":"distribution","voltage":"63000","osm":"way/127701018"}},{"type":"Feature","geometry":{"type":"Point","coordinates":[5.2199,47.06173]},"properties":{"barrier":"fence","name":"Sous-station SNCF","operator":"SNCF Réseau","power":"substation","ref:FR:RTE":"RONCI","ref:FR:RTE_nom":"RONCIERE (LA)","source":"data.gouv.fr:RTE - 04/2017","substation":"traction","voltage":"63000","osm":"way/127713369"}},{"type":"Feature","geometry":{"type":"Point","coordinates":[5.14113,46.93161]},"properties":{"barrier":"fence","name":"Navilly (SNCF)","operator":"RTE","operator:wikidata":"Q2178795","power":"substation","ref:FR:RTE":"NAVIL","ref:FR:RTE_nom":"NAVILLY","source":"data.gouv.fr:RTE - 04/2017","substation":"traction","voltage":"63000","osm":"way/127730627"}},{"type":"Feature","geometry":{"type":"Point","coordinates":[5.18146,46.8036]},"properties":{"barrier":"fence","name":"Champ-Fournier Mervans","operator":"RTE","operator:wikidata":"Q2178795","power":"substation","ref:FR:RTE":"C.FOU","ref:FR:RTE_nom":"CHAMP-FOURNIER","source":"data.gouv.fr:RTE - 04/2017","voltage":"63000","osm":"way/127732807"}},{"type":"Feature","geometry":{"type":"Point","coordinates":[5.19506,46.67092]},"properties":{"name":"Saint-Usuge (SNCF)","operator":"RTE","operator:wikidata":"Q2178795","power":"substation","ref:FR:RTE":"SSUSU","ref:FR:RTE_nom":"ST-USUGE","source":"data.gouv.fr:RTE - 04/2017","substation":"traction","voltage":"63000","osm":"way/127752885"}},{"type":"Feature","geometry":{"type":"Point","coordinates":[5.21369,46.6191]},"properties":{"name":"Louhans","operator":"RTE","operator:wikidata":"Q2178795","power":"substation","ref:FR:RTE":"LOUHA","ref:FR:RTE_nom":"LOUHANS","source":"data.gouv.fr:RTE - 04/2017","substation":"transmission","voltage":"63000","osm":"way/127755965"}},{"type":"Feature","geometry":{"type":"Point","coordinates":[5.38613,47.18868]},"properties":{"barrier":"fence","operator":"RTE","operator:wikidata":"Q2178795","power":"substation","ref:FR:RTE":"AUXON","ref:FR:RTE_nom":"AUXONNE","source":"data.gouv.fr:RTE - 04/2017","voltage":"63000","osm":"way/127867552"}},{"type":"Feature","geometry":{"type":"Point","coordinates":[5.37228,47.1949]},"properties":{"barrier":"fence","operator":"RTE","operator:wikidata":"Q2178795","power":"substation","ref:FR:RTE":"TILLE","ref:FR:RTE_nom":"TILLENAY","source":"data.gouv.fr:RTE - 04/2017","voltage":"63000","osm":"way/127867553"}},{"type":"Feature","geometry":{"type":"Point","coordinates":[5.23074,47.24657]},"properties":{"operator":"RTE","power":"substation","ref:FR:RTE":"GENLI","ref:FR:RTE_nom":"GENLIS","source":"data.gouv.fr:RTE - 04/2017","voltage":"63000","osm":"way/127867555"}},{"type":"Feature","geometry":{"type":"Point","coordinates":[5.25636,47.22653]},"properties":{"operator":"SNCF Réseau","power":"substation","ref:FR:RTE":"COLLO","ref:FR:RTE_nom":"COLLONGES","source":"data.gouv.fr:RTE - 04/2017","substation":"traction","voltage":"63000","osm":"way/127867562"}},{"type":"Feature","geometry":{"type":"Point","coordinates":[5.4376,47.11561]},"properties":{"operator":"SNCF Réseau","power":"substation","ref:FR:RTE":"RIBAU","ref:FR:RTE_nom":"RIBAUX","source":"data.gouv.fr:RTE - 04/2017","substation":"traction","voltage":"63000","osm":"way/127868085"}},{"type":"Feature","geometry":{"type":"Point","coordinates":[5.11505,47.28062]},"properties":{"frequency":"50","name":"Sous-station SNCF de Crimolois","operator":"SNCF Réseau","operator:wikidata":"Q21605526","power":"substation","ref:FR:RTE":"CRIMO","ref:FR:RTE_nom":"CRIMOLOIS","source":"data.gouv.fr:RTE - 04/2017","substation":"traction","voltage":"63000","osm":"way/127869495"}},{"type":"Feature","geometry":{"type":"Point","coordinates":[4.92913,45.52226]},"properties":{"barrier":"wall","location":"outdoor","name":"Poste source de Pont-Évêque","operator":"Enedis","operator:wikidata":"Q3587594","power":"substation","substation":"distribution","voltage":"63000;20000","osm":"way/128106452"}},{"type":"Feature","geometry":{"type":"Point","coordinates":[4.83339,45.33527]},"properties":{"barrier":"fence","location":"outdoor","name":"Poste électrique de Gampaloup","operator":"RTE","operator:wikidata":"Q2178795","power":"substation","ref:FR:RTE":"GAMPA","ref:FR:RTE_nom":"GAMPALOUP","substation":"transmission","voltage":"225000;63000","osm":"way/128106453"}},{"type":"Feature","geometry":{"type":"Point","coordinates":[5.12595,46.24471]},"properties":{"barrier":"fence","name":"Polliat","operator":"SNCF Réseau","operator:wikidata":"Q21605526","power":"substation","ref:FR:RTE":"POLLI","ref:FR:RTE_nom":"POLLIAT","ref:FR:SNCF_Reseau:GAIA":"1442c2ca-6668-11e3-8cff-01f464e0362d","source":"data.gouv.fr:RTE - 04/2017","substation":"traction","voltage":"63000","osm":"way/128163813"}},{"type":"Feature","geometry":{"type":"Point","coordinates":[4.88665,46.57061]},"properties":{"barrier":"fence","name":"Croix-Léonard","operator":"RTE","operator:wikidata":"Q2178795","power":"substation","ref:FR:RTE":"C.LEO","ref:FR:RTE_nom":"CROIX-LEONARD","source":"data.gouv.fr:RTE - 04/2017","voltage":"63000","osm":"way/128165357"}},{"type":"Feature","geometry":{"type":"Point","coordinates":[4.90872,46.58941]},"properties":{"barrier":"fence","name":"La Grange (SNCF)","operator":"SNCF Réseau","operator:wikidata":"Q21605526","owner":"SNCF Réseau","power":"substation","ref:FR:RTE":"GRANG","ref:FR:RTE_nom":"GRANGE (LA)","source":"data.gouv.fr:RTE - 04/2017","substation":"traction","voltage":"63000","osm":"way/128165360"}},{"type":"Feature","geometry":{"type":"Point","coordinates":[5.37834,46.50084]},"properties":{"operator":"RTE","operator:wikidata":"Q2178795","power":"substation","ref:FR:RTE":"CUISE","ref:FR:RTE_nom":"CUISEAUX","source":"data.gouv.fr:RTE - 04/2017","voltage":"63000","osm":"way/128195681"}},{"type":"Feature","geometry":{"type":"Point","coordinates":[5.33174,46.44001]},"properties":{"operator":"RTE","operator:wikidata":"Q2178795","power":"substation","ref:FR:RTE":"G.CHE","ref:FR:RTE_nom":"GRAND-CHENE","source":"data.gouv.fr:RTE - 04/2017","substation":"transmission","voltage":"63000","osm":"way/128197786"}},{"type":"Feature","geometry":{"type":"Point","coordinates":[5.33371,46.44393]},"properties":{"operator":"RTE","power":"substation","ref:FR:RTE":"SSAM6","ref:FR:RTE_nom":"ST-AMOUR","source":"data.gouv.fr:RTE - 04/2017","voltage":"63000","osm":"way/128197787"}},{"type":"Feature","geometry":{"type":"Point","coordinates":[5.33375,46.43685]},"properties":{"operator":"RTE","power":"substation","ref:FR:RTE":"SSAM7","ref:FR:RTE_nom":"ST-AMOUR","source":"data.gouv.fr:RTE - 04/2017","voltage":"63000","osm":"way/128202655"}},{"type":"Feature","geometry":{"type":"Point","coordinates":[5.29631,46.31793]},"properties":{"barrier":"fence","name":"Bény (SNCF)","operator":"SNCF Réseau","operator:wikidata":"Q21605526","power":"substation","ref:FR:RTE":"BENY","ref:FR:RTE_nom":"BENY","source":"data.gouv.fr:RTE - 04/2017","substation":"traction","voltage":"63000","osm":"way/128221686"}},{"type":"Feature","geometry":{"type":"Point","coordinates":[4.99729,46.22772]},"properties":{"barrier":"fence","name":"Cruet","operator":"RTE","operator:wikidata":"Q2178795","power":"substation","ref:FR:RTE":"CRUET","ref:FR:RTE_nom":"CRUET","source":"data.gouv.fr:RTE - 04/2017","substation":"transmission","voltage":"63000","osm":"way/128263888"}},{"type":"Feature","geometry":{"type":"Point","coordinates":[4.99573,46.22714]},"properties":{"barrier":"fence","name":"Vonnas","operator":"SNCF Réseau","operator:wikidata":"Q21605526","power":"substation","ref:FR:RTE":"VONNA","ref:FR:RTE_nom":"VONNAS","ref:FR:SNCF_Reseau:GAIA":"1443a540-6668-11e3-8cff-01f464e0362d","source":"data.gouv.fr:RTE - 04/2017","substation":"traction","voltage":"63000","osm":"way/128263889"}},{"type":"Feature","geometry":{"type":"Point","coordinates":[5.27555,46.55655]},"properties":{"name":"Frontenaud (SNCF)","operator":"SNCF Réseau","operator:wikidata":"Q21605526","power":"substation","ref:FR:RTE":"FRON5","ref:FR:RTE_nom":"FRONTENAUD","ref:FR:SNCF_Reseau:GAIA":"14400ace-6668-11e3-8cff-01f464e0362d","source":"data.gouv.fr:RTE - 04/2017","substation":"traction","voltage":"63000","osm":"way/128398184"}},{"type":"Feature","geometry":{"type":"Point","coordinates":[3.81686,47.40606]},"properties":{"operator":"RTE","operator:wikidata":"Q2178795","power":"substation","ref:FR:RTE":"B.CUR","ref:FR:RTE_nom":"BOIS-DE-CURE","source":"data.gouv.fr:RTE - 04/2017","voltage":"63000","osm":"way/128489184"}},{"type":"Feature","geometry":{"type":"Point","coordinates":[4.81216,45.21704]},"properties":{"barrier":"fence","name":"Poste électrique de Champblain","power":"substation","ref:FR:RTE":"CPBLA","ref:FR:RTE_nom":"CHAMPBLAIN","source":"data.gouv.fr:RTE - 04/2017","substation":"industrial","voltage":"225000","osm":"way/129221790"}},{"type":"Feature","geometry":{"type":"Point","coordinates":[4.68518,47.43203]},"properties":{"barrier":"fence","name":"Verrey","operator":"SNCF Réseau","operator:wikidata":"Q21605526","power":"substation","ref:FR:RTE":"VERRE","ref:FR:RTE_nom":"VERREY","source":"data.gouv.fr:RTE - 04/2017","substation":"traction","voltage":"63000","osm":"way/129448728"}},{"type":"Feature","geometry":{"type":"Point","coordinates":[4.22375,47.274]},"properties":{"barrier":"wall","operator":"Enedis","operator:wikidata":"Q3587594","power":"substation","ref:FR:RTE":"SAULI","ref:FR:RTE_nom":"SAULIEU","source":"data.gouv.fr:RTE - 04/2017","substation":"distribution","voltage":"63000","osm":"way/129513872"}},{"type":"Feature","geometry":{"type":"Point","coordinates":[4.48282,47.12019]},"properties":{"operator":"Enedis","operator:wikidata":"Q3587594","power":"substation","ref:FR:RTE":"A.DUC","ref:FR:RTE_nom":"ARNAY LE DUC","source":"data.gouv.fr:RTE - 04/2017","substation":"distribution","voltage":"63000","osm":"way/129537182"}},{"type":"Feature","geometry":{"type":"Point","coordinates":[4.99443,45.58153]},"properties":{"building":"yes","operator":"RTE","operator:wikidata":"Q2178795","power":"substation","ref:FR:RTE":"VERCH","ref:FR:RTE_nom":"VERCHERES (LES)","source":"data.gouv.fr:RTE - 04/2017","voltage":"63000","osm":"way/129623481"}},{"type":"Feature","geometry":{"type":"Point","coordinates":[6.79847,47.32239]},"properties":{"barrier":"fence","fixme":"name","operator":"RTE","power":"substation","ref:FR:RTE":"LIEBV","ref:FR:RTE_nom":"LIEBVILLERS","source":"data.gouv.fr:RTE - 04/2017","substation":"distribution","voltage":"63000","osm":"way/129650232"}},{"type":"Feature","geometry":{"type":"Point","coordinates":[6.76955,47.38006]},"properties":{"barrier":"wall","fixme":"name","operator":"RTE","operator:wikidata":"Q2178795","power":"substation","ref:FR:RTE":"P.ROI","ref:FR:RTE_nom":"PONT-DE-ROIDE","source":"data.gouv.fr:RTE - 04/2017","substation":"distribution","voltage":"63000","osm":"way/129654754"}},{"type":"Feature","geometry":{"type":"Point","coordinates":[6.75845,47.33812]},"properties":{"barrier":"fence","fixme":"name","operator":"RTE","operator:wikidata":"Q2178795","power":"substation","ref:FR:RTE":"DAMPJ","ref:FR:RTE_nom":"DAMPJOUX","source":"data.gouv.fr:RTE - 04/2017","substation":"distribution","voltage":"63000","osm":"way/129678798"}},{"type":"Feature","geometry":{"type":"Point","coordinates":[6.93045,47.33952]},"properties":{"barrier":"fence","fixme":"name","operator":"RTE","operator:wikidata":"Q2178795","operator:wikipedia":"fr:RTE (entreprise)","power":"substation","ref:FR:RTE":"VAUFR","ref:FR:RTE_nom":"VAUFREY","source":"data.gouv.fr:RTE - 04/2017","substation":"distribution","voltage":"63000","osm":"way/129744180"}},{"type":"Feature","geometry":{"type":"Point","coordinates":[6.77023,47.48617]},"properties":{"operator":"RTE","operator:wikidata":"Q2178795","power":"substation","ref:FR:RTE":"VOUJE","ref:FR:RTE_nom":"VOUJEAUCOURT","source":"data.gouv.fr:RTE - 04/2017","voltage":"63000","osm":"way/129753512"}},{"type":"Feature","geometry":{"type":"Point","coordinates":[6.68458,47.45394]},"properties":{"operator":"RTE","power":"substation","ref:FR:RTE":"C.FO5","ref:FR:RTE_nom":"COLOMBIER-FONTAINE","source":"data.gouv.fr:RTE - 04/2017","voltage":"63000","osm":"way/129773773"}},{"type":"Feature","geometry":{"type":"Point","coordinates":[6.58133,47.43799]},"properties":{"operator":"RTE","power":"substation","ref:FR:RTE":"I.DOU","ref:FR:RTE_nom":"ISLE-SUR-LE-DOUBS (L )","source":"data.gouv.fr:RTE - 04/2017","voltage":"63000","osm":"way/129775642"}},{"type":"Feature","geometry":{"type":"Point","coordinates":[6.78543,47.24785]},"properties":{"barrier":"fence","fixme":"name","operator":"RTE","operator:wikidata":"Q2178795","power":"substation","ref:FR:RTE":"MAICH","ref:FR:RTE_nom":"MAICHE","source":"data.gouv.fr:RTE - 04/2017","substation":"distribution","voltage":"63000","osm":"way/129828160"}},{"type":"Feature","geometry":{"type":"Point","coordinates":[6.87311,47.18736]},"properties":{"barrier":"fence","operator":"RTE","operator:wikidata":"Q2178795","operator:wikipedia":"fr:RTE (entreprise)","power":"substation","ref:FR:RTE":"REFRA","ref:FR:RTE_nom":"REFRAIN (LE)","source":"data.gouv.fr:RTE - 04/2017","substation":"distribution","voltage":"63000","osm":"way/129828162"}},{"type":"Feature","geometry":{"type":"Point","coordinates":[6.63957,47.08558]},"properties":{"barrier":"fence","fixme":"name","operator":"RTE","operator:wikidata":"Q2178795","power":"substation","ref:FR:RTE":"FINS","ref:FR:RTE_nom":"LES FINS","source":"data.gouv.fr:RTE - 04/2017","substation":"distribution","voltage":"63000","osm":"way/129838445"}},{"type":"Feature","geometry":{"type":"Point","coordinates":[4.64692,45.54021]},"properties":{"barrier":"wall","location":"outdoor","name":"Poste électrique de La Madeleine","operator":"RTE","operator:wikidata":"Q2178795","power":"substation","ref:FR:RTE":"MADE5","ref:FR:RTE_nom":"MADELEINE (LA)","source":"data.gouv.fr:RTE - 04/2017","substation":"industrial","voltage":"225000","osm":"way/130233548"}},{"type":"Feature","geometry":{"type":"Point","coordinates":[4.77144,45.64837]},"properties":{"barrier":"wall","location":"outdoor","name":"Poste électrique de Millery","operator":"Enedis","operator:wikidata":"Q3587594","power":"substation","ref:FR:RTE":"MILL5","ref:FR:RTE_nom":"MILLERY","source":"data.gouv.fr:RTE - 04/2017","substation":"distribution","voltage":"63000","osm":"way/130330943"}},{"type":"Feature","geometry":{"type":"Point","coordinates":[4.40866,45.46157]},"properties":{"barrier":"wall","frequency":"50","location":"outdoor","name":"Poste électrique du Soleil","operator":"RTE","operator:wikidata":"Q2178795","power":"substation","ref:FR:RTE":"SOLEI","ref:FR:RTE_nom":"SOLEIL (LE)","source":"data.gouv.fr:RTE - 04/2017","substation":"transmission","voltage":"225000;63000;20000","osm":"way/130549366"}},{"type":"Feature","geometry":{"type":"Point","coordinates":[4.45556,45.43906]},"properties":{"barrier":"fence","frequency":"50","name":"Sous-Station SNCF de Terrenoire","operator":"SNCF Réseau","operator:wikidata":"Q21605526","power":"substation","ref:FR:RTE":"TERRE","ref:FR:RTE_nom":"TERRENOIRE","source":"data.gouv.fr:RTE - 04/2017","substation":"traction","voltage":"63000;1500","osm":"way/130549371"}},{"type":"Feature","geometry":{"type":"Point","coordinates":[4.37599,45.44389]},"properties":{"barrier":"wall","frequency":"50","location":"outdoor","name":"Poste électrique de Jacquard","operator":"RTE","operator:wikidata":"Q2178795","power":"substation","ref:FR:RTE":"JACQU","ref:FR:RTE_nom":"JACQUARD","source":"data.gouv.fr:RTE - 04/2017","substation":"distribution","voltage":"225000;20000","osm":"way/130562947"}},{"type":"Feature","geometry":{"type":"Point","coordinates":[4.28467,45.37906]},"properties":{"barrier":"wall","frequency":"50","name":"Poste électrique de Firminy-Vert","operator":"RTE","operator:wikidata":"Q2178795","power":"substation","ref:FR:RTE":"F.VER","ref:FR:RTE_nom":"FIRMINY-VERT","source":"data.gouv.fr:RTE - 04/2017","substation":"transmission","voltage":"63000;20000","osm":"way/130585341"}},{"type":"Feature","geometry":{"type":"Point","coordinates":[4.3104,45.39004]},"properties":{"barrier":"wall","frequency":"50","name":"Poste électrique du Bec","operator":"RTE","operator:wikidata":"Q2178795","power":"substation","ref:FR:RTE":"BEC","ref:FR:RTE_nom":"LE BEC","source":"data.gouv.fr:RTE - 04/2017","substation":"transmission","voltage":"63000","osm":"way/130585345"}},{"type":"Feature","geometry":{"type":"Point","coordinates":[4.16485,45.2445]},"properties":{"barrier":"fence","name":"Poste électrique de Trevas","operator":"RTE","operator:wikidata":"Q2178795","power":"substation","ref:FR:RTE":"TREVA","ref:FR:RTE_nom":"TREVAS","source":"data.gouv.fr:RTE - 04/2017","substation":"transmission","voltage":"225000;63000","osm":"way/130659505"}},{"type":"Feature","geometry":{"type":"Point","coordinates":[4.24331,45.33437]},"properties":{"operator":"Enedis","operator:wikidata":"Q3587594","power":"substation","ref:FR:RTE":"P.SAL","ref:FR:RTE_nom":"PONT-SALOMON","substation":"distribution","voltage":"63000","osm":"way/130733668"}},{"type":"Feature","geometry":{"type":"Point","coordinates":[4.26222,45.49163]},"properties":{"barrier":"fence","frequency":"50","name":"Poste électrique de Saint-Just-sur-Loire","operator":"RTE","operator:wikidata":"Q2178795","power":"substation","ref:FR:RTE":"SSJUS","ref:FR:RTE_nom":"ST-JUST (-SUR-LOIRE)","source":"data.gouv.fr:RTE - 04/2017","substation":"distribution","voltage":"63000;20000","osm":"way/130765007"}},{"type":"Feature","geometry":{"type":"Point","coordinates":[4.28768,45.39378]},"properties":{"barrier":"fence","frequency":"50","name":"Poste électrique de Firminy","operator":"RTE","operator:wikidata":"Q2178795","power":"substation","ref:FR:RTE":"FIRM5","ref:FR:RTE_nom":"FIRMINY","source":"data.gouv.fr:RTE - 04/2017","substation":"industrial","voltage":"225000;63000","osm":"way/130768506"}},{"type":"Feature","geometry":{"type":"Point","coordinates":[4.28661,45.39311]},"properties":{"operator":"RTE","operator:wikidata":"Q2178795","power":"substation","ref:FR:RTE":"FIRM5","ref:FR:RTE_nom":"FIRMINY","source":"data.gouv.fr:RTE - 04/2017","voltage":"225000","osm":"way/130768508"}},{"type":"Feature","geometry":{"type":"Point","coordinates":[4.27398,45.3912]},"properties":{"frequency":"50","name":"Poste électrique d'Unieux","operator":"RTE","operator:wikidata":"Q2178795","power":"substation","ref:FR:RTE":"UNIEU","ref:FR:RTE_nom":"UNIEUX","source":"data.gouv.fr:RTE - 04/2017","substation":"yes","voltage":"63000","osm":"way/130768509"}},{"type":"Feature","geometry":{"type":"Point","coordinates":[4.30688,45.5505]},"properties":{"barrier":"fence","frequency":"50","name":"Poste électrique de Veauche","operator":"Enedis","operator:wikidata":"Q3587594","power":"substation","ref:FR:RTE":"VEAUC","ref:FR:RTE_nom":"VEAUCHE","source":"data.gouv.fr:RTE - 04/2017","substation":"distribution","voltage":"63000;20000","osm":"way/130771506"}},{"type":"Feature","geometry":{"type":"Point","coordinates":[4.22521,45.23354]},"properties":{"operator":"RTE","operator:wikidata":"Q2178795","power":"substation","ref:FR:RTE":"SSSIG","ref:FR:RTE_nom":"STE-SIGOLENE","source":"data.gouv.fr:RTE - 04/2017","voltage":"63000","osm":"way/130851569"}},{"type":"Feature","geometry":{"type":"Point","coordinates":[4.33718,45.2153]},"properties":{"operator":"RTE","operator:wikidata":"Q2178795","power":"substation","ref:FR:RTE":"DUNIE","ref:FR:RTE_nom":"DUNIERES","source":"data.gouv.fr:RTE - 04/2017","voltage":"63000","osm":"way/130857901"}},{"type":"Feature","geometry":{"type":"Point","coordinates":[4.14072,45.30244]},"properties":{"operator":"Enedis","operator:wikidata":"Q3587594","power":"substation","ref:FR:RTE":"B.BAS","ref:FR:RTE_nom":"BAS-EN-BASSET","substation":"distribution","voltage":"63000","osm":"way/130967816"}},{"type":"Feature","geometry":{"type":"Point","coordinates":[4.3748,45.63515]},"properties":{"operator":"RTE","operator:wikidata":"Q2178795","power":"substation","ref:FR:RTE":"CHAZ5","ref:FR:RTE_nom":"CHAZELLES","source":"data.gouv.fr:RTE - 04/2017","voltage":"63000","osm":"way/130972171"}},{"type":"Feature","geometry":{"type":"Point","coordinates":[6.78181,45.57894]},"properties":{"building":"industrial","location":"indoor","operator":"Enedis","operator:wikidata":"Q3587594","power":"substation","ref:FR:RTE":"ARC18","ref:FR:RTE_nom":"ARC 1800","source":"cadastre-dgi-fr source : Direction Générale des Impôts - Cadastre. Mise à jour : 2011","substation":"distribution","utility":"power","voltage":"63000;20000","osm":"way/131095435"}},{"type":"Feature","geometry":{"type":"Point","coordinates":[4.23655,45.73198]},"properties":{"barrier":"wall","frequency":"50","name":"Poste électrique de Feurs","operator":"RTE","operator:wikidata":"Q2178795","power":"substation","ref:FR:RTE":"FEURS","ref:FR:RTE_nom":"FEURS","source":"data.gouv.fr:RTE - 04/2017","substation":"transmission","voltage":"225000;63000;20000","osm":"way/131172402"}},{"type":"Feature","geometry":{"type":"Point","coordinates":[6.23317,46.18362]},"properties":{"barrier":"wall","location":"outdoor","name":"Poste électrique d'Annemasse","operator":"RTE","operator:wikidata":"Q2178795","power":"substation","ref:FR:RTE":"ANNEM","ref:FR:RTE_nom":"ANNEMASSE","source":"Orthophotos 2009 du SITG (Système d'Information du Territoire Genevois)","substation":"transmission","voltage":"63000;20000","osm":"way/131203261"}},{"type":"Feature","geometry":{"type":"Point","coordinates":[4.27366,45.83306]},"properties":{"barrier":"fence","operator":"RTE","operator:wikidata":"Q2178795","power":"substation","ref:FR:RTE":"BUSSI","ref:FR:RTE_nom":"BUSSIERES","source":"data.gouv.fr:RTE - 04/2017","substation":"transmission","voltage":"63000","osm":"way/131342448"}},{"type":"Feature","geometry":{"type":"Point","coordinates":[4.31854,45.97941]},"properties":{"barrier":"fence","operator":"RTE","operator:wikidata":"Q2178795","power":"substation","ref:FR:RTE":"AMPLE","ref:FR:RTE_nom":"AMPLEPUIS","source":"data.gouv.fr:RTE - 04/2017","substation":"transmission","voltage":"63000","osm":"way/131381383"}},{"type":"Feature","geometry":{"type":"Point","coordinates":[4.08084,45.59585]},"properties":{"barrier":"fence","frequency":"50","name":"Poste électrique de Moingt","operator":"Enedis","operator:wikidata":"Q3587594","power":"substation","ref:FR:RTE":"MOING","ref:FR:RTE_nom":"MOINGT","source":"data.gouv.fr:RTE - 04/2017","substation":"distribution","voltage":"63000;20000","osm":"way/131395041"}},{"type":"Feature","geometry":{"type":"Point","coordinates":[4.20129,45.53997]},"properties":{"barrier":"fence","frequency":"50","name":"Poste électrique de Sury-le-Comtal","operator":"Enedis","operator:wikidata":"Q3587594","power":"substation","ref:FR:RTE":"S.COM","ref:FR:RTE_nom":"SURY-LE-COMTAL","source":"data.gouv.fr:RTE - 04/2017","substation":"distribution","voltage":"63000;20000","osm":"way/131405195"}},{"type":"Feature","geometry":{"type":"Point","coordinates":[4.07152,45.42937]},"properties":{"barrier":"fence","frequency":"50","name":"Poste électrique de St-Bonnet-le-Château","operator":"Enedis","operator:wikidata":"Q3587594","power":"substation","ref:FR:RTE":"SSBON","ref:FR:RTE_nom":"ST-BONNET (-LE-CHATEAU)","source":"data.gouv.fr:RTE - 04/2017","substation":"distribution","voltage":"63000;20000","osm":"way/131412080"}},{"type":"Feature","geometry":{"type":"Point","coordinates":[4.05979,45.71472]},"properties":{"name":"Montverdun","operator":"RTE","power":"substation","ref:FR:RTE":"MTVER","ref:FR:RTE_nom":"MONTVERDUN","source":"data.gouv.fr:RTE - 04/2017","voltage":"63000","osm":"way/131427116"}},{"type":"Feature","geometry":{"type":"Point","coordinates":[4.50178,45.46944]},"properties":{"barrier":"wall","frequency":"50","name":"Poste électrique de Champ-du-Geai","operator":"RTE","operator:wikidata":"Q2178795","power":"substation","ref:FR:RTE":"C.GEA","ref:FR:RTE_nom":"CHAMP-DU-GEAI","source":"data.gouv.fr:RTE - 04/2017","voltage":"63000;20000","osm":"way/131438428"}},{"type":"Feature","geometry":{"type":"Point","coordinates":[4.05041,45.98571]},"properties":{"barrier":"wall","frequency":"50","name":"Poste électrique de Villerest","operator":"RTE","operator:wikidata":"Q2178795","power":"substation","ref:FR:RTE":"VLERE","ref:FR:RTE_nom":"VILLEREST","source":"data.gouv.fr:RTE - 04/2017","substation":"generation","voltage":"63000","osm":"way/131469991"}},{"type":"Feature","geometry":{"type":"Point","coordinates":[3.9794,45.98789]},"properties":{"barrier":"fence","frequency":"50","name":"Poste électrique de Lentigny","operator":"Enedis","operator:wikidata":"Q3587594","power":"substation","ref:FR:RTE":"LENT5","ref:FR:RTE_nom":"LENTIGNY","source":"data.gouv.fr:RTE - 04/2017","substation":"distribution","voltage":"63000;20000","osm":"way/131469993"}},{"type":"Feature","geometry":{"type":"Point","coordinates":[3.89564,46.14446]},"properties":{"barrier":"fence","frequency":"50","name":"Poste électrique de Changy","operator":"Enedis","operator:wikidata":"Q3587594","power":"substation","ref:FR:RTE":"CHAN7","ref:FR:RTE_nom":"CHANGY","source":"data.gouv.fr:RTE - 04/2017","substation":"distribution","voltage":"63000;20000","osm":"way/131487647"}},{"type":"Feature","geometry":{"type":"Point","coordinates":[5.77774,45.05732]},"properties":{"barrier":"fence","name":"Poste électrique du Péage de Vizille","operator":"RTE","operator:wikidata":"Q2178795","power":"substation","ref:FR:RTE":"P.VIZ","ref:FR:RTE_nom":"PEAGE-DE-VIZILLE","source":"data.gouv.fr:RTE - 04/2017","substation":"transmission","voltage":"63000","osm":"way/131573584"}},{"type":"Feature","geometry":{"type":"Point","coordinates":[4.55288,45.49246]},"properties":{"barrier":"fence","frequency":"50","name":"Poste électrique des Farges","operator":"RTE","operator:wikidata":"Q2178795","power":"substation","ref:FR:RTE":"FARG5","ref:FR:RTE_nom":"FARGES (LES)","source":"data.gouv.fr:RTE - 04/2017","substation":"industrial","voltage":"63000","osm":"way/131582983"}},{"type":"Feature","geometry":{"type":"Point","coordinates":[4.55209,45.49096]},"properties":{"barrier":"wall","frequency":"50","name":"Poste électrique de l'Horme","operator":"RTE","operator:wikidata":"Q2178795","power":"substation","ref:FR:RTE":"HORME","ref:FR:RTE_nom":"HORME (L )","source":"data.gouv.fr:RTE - 04/2017","substation":"transmission","voltage":"63000;20000","osm":"way/131582987"}},{"type":"Feature","geometry":{"type":"Point","coordinates":[4.7238,46.00961]},"properties":{"barrier":"wall","location":"outdoor","name":"Joux","operator":"RTE","operator:wikidata":"Q2178795","power":"substation","ref:FR:RTE":"JOUX","ref:FR:RTE_nom":"JOUX","source":"data.gouv.fr:RTE - 04/2017","substation":"transmission","voltage":"225000;63000","osm":"way/131645796"}},{"type":"Feature","geometry":{"type":"Point","coordinates":[4.70399,45.85749]},"properties":{"operator":"RTE","operator:wikidata":"Q2178795","power":"substation","ref:FR:RTE":"CIVRI","ref:FR:RTE_nom":"CIVRIEUX","source":"data.gouv.fr:RTE - 04/2017","substation":"transmission","voltage":"63000","osm":"way/131714286"}},{"type":"Feature","geometry":{"type":"Point","coordinates":[5.66255,44.95097]},"properties":{"barrier":"wall","location":"outdoor","name":"Poste électrique de Sinard","operator":"RTE","operator:wikidata":"Q2178795","power":"substation","ref:FR:RTE":"SINAR","ref:FR:RTE_nom":"SINARD","source":"data.gouv.fr:RTE - 04/2017","substation":"transmission","voltage":"225000","osm":"way/131724979"}},{"type":"Feature","geometry":{"type":"Point","coordinates":[4.66018,45.86644]},"properties":{"operator":"RTE","operator:wikidata":"Q2178795","power":"substation","ref:FR:RTE":"BELMO","ref:FR:RTE_nom":"BELMONT","source":"data.gouv.fr:RTE - 04/2017","voltage":"63000","osm":"way/131742979"}},{"type":"Feature","geometry":{"type":"Point","coordinates":[4.9399,45.92364]},"properties":{"barrier":"fence","power":"substation","ref:FR:RTE":"SSCOR","ref:FR:RTE_nom":"ST-ANDRE-DE-CORCY","source":"data.gouv.fr:RTE - 04/2017","substation":"distribution","voltage":"63000","osm":"way/131838238"}},{"type":"Feature","geometry":{"type":"Point","coordinates":[4.75108,45.92215]},"properties":{"barrier":"fence","operator":"SNCF Réseau","operator:wikidata":"Q21605526","power":"substation","ref:FR:RTE":"QUINC","ref:FR:RTE_nom":"QUINCIEUX","source":"data.gouv.fr:RTE - 04/2017","substation":"traction","voltage":"63000","osm":"way/132014412"}},{"type":"Feature","geometry":{"type":"Point","coordinates":[4.7202,45.97782]},"properties":{"operator":"SNCF Réseau","power":"substation","ref:FR:RTE":"VLEFR","ref:FR:RTE_nom":"VILLEFRANCHE","source":"data.gouv.fr:RTE - 04/2017","substation":"traction","voltage":"63000","osm":"way/132028576"}},{"type":"Feature","geometry":{"type":"Point","coordinates":[5.21514,45.90681]},"properties":{"operator":"Enedis","operator:wikidata":"Q3587594","power":"substation","ref:FR:RTE":"MEXIM","ref:FR:RTE_nom":"MEXIMIEUX","source":"data.gouv.fr:RTE - 04/2017","substation":"distribution","voltage":"63000","osm":"way/132072927"}},{"type":"Feature","geometry":{"type":"Point","coordinates":[4.59074,45.52001]},"properties":{"barrier":"wall","operator":"RTE","operator:wikidata":"Q2178795","power":"substation","ref:FR:RTE":"SARDO","ref:FR:RTE_nom":"SARDON","source":"data.gouv.fr:RTE - 04/2017","substation":"transmission","voltage":"63000","osm":"way/132194390"}},{"type":"Feature","geometry":{"type":"Point","coordinates":[4.6356,45.53791]},"properties":{"barrier":"wall","operator":"RTE","operator:wikidata":"Q2178795","power":"substation","ref:FR:RTE":"R.GI5","ref:FR:RTE_nom":"RIVE-DE-GIER","source":"BDOrtho IGN 2016","substation":"transmission","voltage":"63000","osm":"way/132205224"}},{"type":"Feature","geometry":{"type":"Point","coordinates":[4.63921,45.53794]},"properties":{"building":"yes","operator":"RTE","operator:wikidata":"Q2178795","power":"substation","ref:FR:RTE":"MADE5","ref:FR:RTE_nom":"MADELEINE (LA)","source":"cadastre-dgi-fr source : Direction Générale des Impôts - Cadastre. Mise à jour : 2013","voltage":"63000","osm":"way/132312433"}},{"type":"Feature","geometry":{"type":"Point","coordinates":[4.59686,45.52216]},"properties":{"name":"Sous-Station de Rive de Gier","operator":"SNCF Réseau","operator:wikidata":"Q21605526","power":"substation","ref:FR:RTE":"R.GIE","ref:FR:RTE_nom":"RIVE-DE-GIER","ref:FR:SNCF_Reseau:GAIA":"14418764-6668-11e3-8cff-01f464e0362d","source":"data.gouv.fr:RTE - 04/2017","substation":"traction","voltage":"63000","osm":"way/132377682"}},{"type":"Feature","geometry":{"type":"Point","coordinates":[4.79188,45.59343]},"properties":{"operator":"SNCF Réseau","operator:wikidata":"Q21605526","power":"substation","ref:FR:RTE":"CHAS5","ref:FR:RTE_nom":"CHASSE","ref:FR:SNCF_Reseau:GAIA":"1443344a-6668-11e3-8cff-01f464e0362d","source":"data.gouv.fr:RTE - 04/2017","substation":"traction","voltage":"63000","osm":"way/132413610"}},{"type":"Feature","geometry":{"type":"Point","coordinates":[5.05428,45.32563]},"properties":{"barrier":"wall","operator":"RTE","operator:wikidata":"Q2178795","power":"substation","ref:FR:RTE":"BXREP","ref:FR:RTE_nom":"BEAUREPAIRE","source":"data.gouv.fr:RTE - 04/2017","substation":"transmission","voltage":"63000","osm":"way/132756219"}},{"type":"Feature","geometry":{"type":"Point","coordinates":[5.25956,45.38357]},"properties":{"operator":"Enedis","operator:wikidata":"Q3587594","power":"substation","ref:FR:RTE":"C.AND","ref:FR:RTE_nom":"COTE-ST-ANDRE (LA)","source":"cadastre-dgi-fr source : Direction Générale des Finances Publiques - Cadastre. Mise à jour : 2015","substation":"distribution","voltage":"63000","osm":"way/132789412"}},{"type":"Feature","geometry":{"type":"Point","coordinates":[5.43197,45.4286]},"properties":{"barrier":"fence","operator":"RTE","operator:wikidata":"Q2178795","power":"substation","ref:FR:RTE":"BURCI","ref:FR:RTE_nom":"BURCIN","source":"data.gouv.fr:RTE - 04/2017","substation":"transmission","voltage":"63000","osm":"way/132789691"}},{"type":"Feature","geometry":{"type":"Point","coordinates":[4.66878,45.26514]},"properties":{"name":"Poste Source Haute Tension Boulieu Les Annonay","operator":"RTE","operator:wikidata":"Q2178795","power":"substation","ref:FR:RTE":"BOULI","ref:FR:RTE_nom":"BOULIEU","source":"data.gouv.fr:RTE - 04/2017","substation":"yes","voltage":"63000","osm":"way/133017986"}},{"type":"Feature","geometry":{"type":"Point","coordinates":[4.80615,45.16798]},"properties":{"operator":"SNCF Réseau","power":"substation","ref:FR:RTE":"OZON","ref:FR:RTE_nom":"OZON","source":"data.gouv.fr:RTE - 04/2017","substation":"traction","voltage":"63000","osm":"way/133021464"}},{"type":"Feature","geometry":{"type":"Point","coordinates":[4.82353,45.10959]},"properties":{"operator":"RTE","operator:wikidata":"Q2178795","power":"substation","ref:FR:RTE":"GERVA","ref:FR:RTE_nom":"GERVANS","source":"data.gouv.fr:RTE - 04/2017","substation":"transition","voltage":"225000","osm":"way/133033360"}},{"type":"Feature","geometry":{"type":"Point","coordinates":[4.87934,44.98256]},"properties":{"operator":"RTE","operator:wikidata":"Q2178795","power":"substation","ref:FR:RTE":"COMB5","ref:FR:RTE_nom":"COMBEAUX","source":"data.gouv.fr:RTE - 04/2017","voltage":"63000","osm":"way/133131145"}},{"type":"Feature","geometry":{"type":"Point","coordinates":[4.85941,44.9343]},"properties":{"operator":"RTE","operator:wikidata":"Q2178795","power":"substation","ref:FR:RTE":"CRUSS","ref:FR:RTE_nom":"CRUSSOL","source":"data.gouv.fr:RTE - 04/2017","voltage":"63000","osm":"way/133151100"}},{"type":"Feature","geometry":{"type":"Point","coordinates":[4.85868,44.91975]},"properties":{"operator":"RTE","operator:wikidata":"Q2178795","operator:wikipedia":"fr:RTE (entreprise)","power":"substation","ref:FR:RTE":"GUIL5","ref:FR:RTE_nom":"GUILHERAND","source":"data.gouv.fr:RTE - 04/2017","voltage":"63000","osm":"way/133155573"}},{"type":"Feature","geometry":{"type":"Point","coordinates":[4.9271,44.91794]},"properties":{"barrier":"wall","location":"outdoor","name":"Valence","operator":"RTE","operator:wikidata":"Q2178795","power":"substation","ref:FR:RTE":"VALE8","ref:FR:RTE_nom":"VALENCE","source":"data.gouv.fr:RTE - 04/2017","substation":"transmission","voltage":"225000;63000;20000","osm":"way/133181704"}},{"type":"Feature","geometry":{"type":"Point","coordinates":[4.98324,45.03516]},"properties":{"barrier":"fence","frequency":"50","name":"Poste électrique de La Vanelle","operator":"RTE","operator:wikidata":"Q2178795","power":"substation","ref:FR:RTE":"VANEL","ref:FR:RTE_nom":"VANELLE (LA)","source":"data.gouv.fr:RTE - 04/2017","substation":"generation","voltage":"63000","osm":"way/133213737"}},{"type":"Feature","geometry":{"type":"Point","coordinates":[4.93499,45.05365]},"properties":{"barrier":"fence","frequency":"50","name":"Poste électrique de Curson","operator:type":"private","power":"substation","ref:FR:RTE":"CURSO","ref:FR:RTE_nom":"CURSON","source":"data.gouv.fr:RTE - 04/2017","substation":"industrial","voltage":"63000","osm":"way/133264455"}},{"type":"Feature","geometry":{"type":"Point","coordinates":[4.86559,45.0507]},"properties":{"operator":"RTE","power":"substation","ref:FR:RTE":"TAIN","ref:FR:RTE_nom":"TAIN (E.D.F. ET S.N.C.F.)","source":"data.gouv.fr:RTE - 04/2017","voltage":"63000","osm":"way/133267891"}},{"type":"Feature","geometry":{"type":"Point","coordinates":[4.81792,45.13455]},"properties":{"operator":"SNCF Réseau","power":"substation","ref:FR:RTE":"SERV5","ref:FR:RTE_nom":"SERVES","source":"data.gouv.fr:RTE - 04/2017","substation":"traction","voltage":"63000","osm":"way/133287653"}},{"type":"Feature","geometry":{"type":"Point","coordinates":[4.81587,45.19787]},"properties":{"operator":"RTE","power":"substation","ref:FR:RTE":"SSVAL","ref:FR:RTE_nom":"ST-VALLIER","source":"data.gouv.fr:RTE - 04/2017","voltage":"63000","osm":"way/133294852"}},{"type":"Feature","geometry":{"type":"Point","coordinates":[4.85849,45.26874]},"properties":{"operator":"RTE","power":"substation","ref:FR:RTE":"ANNEY","ref:FR:RTE_nom":"ANNEYRON","source":"data.gouv.fr:RTE - 04/2017","voltage":"63000","osm":"way/133297565"}},{"type":"Feature","geometry":{"type":"Point","coordinates":[4.80287,45.35104]},"properties":{"name":"Poste électrique de Salaise","operator":"RTE","operator:wikidata":"Q2178795","power":"substation","ref:FR:RTE":"SALAI","ref:FR:RTE_nom":"SALAISE","source":"data.gouv.fr:RTE - 04/2017","voltage":"63000","osm":"way/133299743"}},{"type":"Feature","geometry":{"type":"Point","coordinates":[4.80088,45.3485]},"properties":{"operator":"RTE","operator:wikidata":"Q2178795","power":"substation","ref:FR:RTE":"C.ROL","ref:FR:RTE_nom":"CHAMP-ROLLAND","source":"data.gouv.fr:RTE - 04/2017","voltage":"63000","osm":"way/133301612"}},{"type":"Feature","geometry":{"type":"Point","coordinates":[4.79936,45.34929]},"properties":{"operator":"RTE","operator:wikidata":"Q2178795","power":"substation","ref:FR:RTE":"P.RO6","ref:FR:RTE_nom":"PEAGE-DE-ROUSSILLON-POSTE","source":"data.gouv.fr:RTE - 04/2017","voltage":"63000","osm":"way/133301613"}},{"type":"Feature","geometry":{"type":"Point","coordinates":[4.69011,44.51981]},"properties":{"building":"yes","operator":"RTE","power":"substation","ref:FR:RTE":"TEIL5","ref:FR:RTE_nom":"TEIL (LE)","source":"data.gouv.fr:RTE - 04/2017","voltage":"63000","osm":"way/133307621"}},{"type":"Feature","geometry":{"type":"Point","coordinates":[4.75524,45.36334]},"properties":{"operator":"SNCF Réseau","operator:wikidata":"Q21605526","power":"substation","ref:FR:RTE":"LIMON","ref:FR:RTE_nom":"LIMONY","source":"data.gouv.fr:RTE - 04/2017","substation":"traction","voltage":"63000","osm":"way/133344263"}},{"type":"Feature","geometry":{"type":"Point","coordinates":[4.70284,45.38375]},"properties":{"operator":"Enedis","operator:wikidata":"Q3587594","power":"substation","ref:FR:RTE":"BESS5","ref:FR:RTE_nom":"BESSEY","source":"data.gouv.fr:RTE - 04/2017","substation":"distribution","voltage":"63000","osm":"way/133344264"}},{"type":"Feature","geometry":{"type":"Point","coordinates":[4.77034,45.43311]},"properties":{"operator":"RTE","operator:wikidata":"Q2178795","power":"substation","ref:FR:RTE":"SSCLA","ref:FR:RTE_nom":"ST-CLAIR","source":"data.gouv.fr:RTE - 04/2017","substation":"transmission","voltage":"63000","osm":"way/133353807"}},{"type":"Feature","geometry":{"type":"Point","coordinates":[4.82495,45.48774]},"properties":{"operator":"SNCF Réseau","operator:wikidata":"Q21605526","power":"substation","ref:FR:RTE":"VAUGR","ref:FR:RTE_nom":"VAUGRIS (S.N.C.F.)","source":"data.gouv.fr:RTE - 2022-07","substation":"traction","voltage":"63000","osm":"way/133354327"}},{"type":"Feature","geometry":{"type":"Point","coordinates":[4.82804,45.49242]},"properties":{"operator":"RTE","operator:wikidata":"Q2178795","power":"substation","ref:FR:RTE":"REVEN","ref:FR:RTE_nom":"REVENTIN","source":"data.gouv.fr:RTE - 04/2017","voltage":"63000","osm":"way/133452833"}},{"type":"Feature","geometry":{"type":"Point","coordinates":[4.82509,45.49818]},"properties":{"operator":"SNCF Réseau","operator:wikidata":"Q21605526","power":"substation","ref:FR:RTE":"AMPUI","ref:FR:RTE_nom":"AMPUIS","source":"data.gouv.fr:RTE - 04/2017","substation":"traction","voltage":"63000","osm":"way/133460283"}},{"type":"Feature","geometry":{"type":"Point","coordinates":[5.11607,45.50076]},"properties":{"barrier":"fence","operator":"Enedis","operator:wikidata":"Q3587594","power":"substation","ref:FR:RTE":"SSBO5","ref:FR:RTE_nom":"SAINT-JEAN-DE-BOURNAY","source":"data.gouv.fr:RTE - 04/2017","substation":"distribution","voltage":"63000","osm":"way/133484929"}},{"type":"Feature","geometry":{"type":"Point","coordinates":[5.13793,45.6306]},"properties":{"operator":"RTE","operator:wikidata":"Q2178795","power":"substation","ref:FR:RTE":"VERPI","ref:FR:RTE_nom":"VERPILLIERE (LA)","source":"data.gouv.fr:RTE - 04/2017","voltage":"63000","osm":"way/133521139"}},{"type":"Feature","geometry":{"type":"Point","coordinates":[5.12732,45.64068]},"properties":{"operator":"RTE","operator:wikidata":"Q2178795","power":"substation","ref:FR:RTE":"SSQUE","ref:FR:RTE_nom":"ST-QUENTIN (-FALLAVIER)","source":"data.gouv.fr:RTE - 12/2017","substation":"transmission","voltage":"63000","osm":"way/133521143"}},{"type":"Feature","geometry":{"type":"Point","coordinates":[5.43169,45.56849]},"properties":{"barrier":"wall","location":"outdoor","operator":"RTE","operator:wikidata":"Q2178795","power":"substation","ref:FR:RTE":"T.PIN","ref:FR:RTE_nom":"TOUR-DU-PIN (LA)","source":"data.gouv.fr:RTE - 04/2017","substation":"transmission","voltage":"63000;20000","osm":"way/133535585"}},{"type":"Feature","geometry":{"type":"Point","coordinates":[5.27728,45.59437]},"properties":{"operator":"RTE","operator:wikidata":"Q2178795","power":"substation","ref:FR:RTE":"JALLI","ref:FR:RTE_nom":"JALLIEU","source":"data.gouv.fr:RTE - 04/2017","voltage":"63000","osm":"way/133535587"}},{"type":"Feature","geometry":{"type":"Point","coordinates":[5.21186,45.62808]},"properties":{"barrier":"fence","operator":"RTE","operator:wikidata":"Q2178795","power":"substation","ref:FR:RTE":"I.ABE","ref:FR:RTE_nom":"ISLE D ABEAU","source":"data.gouv.fr:RTE - 04/2017","substation":"transmission","voltage":"63000","osm":"way/133560495"}},{"type":"Feature","geometry":{"type":"Point","coordinates":[5.16738,45.74745]},"properties":{"barrier":"fence","operator":"RTE","operator:wikidata":"Q2178795","power":"substation","ref:FR:RTE":"CHARV","ref:FR:RTE_nom":"CHARVIEU","source":"data.gouv.fr:RTE - 04/2017","voltage":"63000","osm":"way/133607369"}},{"type":"Feature","geometry":{"type":"Point","coordinates":[5.18411,45.74877]},"properties":{"barrier":"fence","operator":"RTE","operator:wikidata":"Q2178795","power":"substation","ref:FR:RTE":"TIGNI","ref:FR:RTE_nom":"TIGNIEU","source":"data.gouv.fr:RTE - 04/2017","voltage":"63000","osm":"way/133607370"}},{"type":"Feature","geometry":{"type":"Point","coordinates":[5.35984,45.95071]},"properties":{"barrier":"fence","operator":"RTE","operator:wikidata":"Q2178795","power":"substation","ref:FR:RTE":"BETTA","ref:FR:RTE_nom":"BETTANT","source":"data.gouv.fr:RTE - 04/2017","substation":"traction","voltage":"63000","osm":"way/133616162"}},{"type":"Feature","geometry":{"type":"Point","coordinates":[5.55333,45.32835]},"properties":{"barrier":"wall","location":"outdoor","name":"Poste électrique de Moirans","operator":"RTE","operator:wikidata":"Q2178795","power":"substation","ref:FR:RTE":"MOIRA","ref:FR:RTE_nom":"MOIRANS","source":"data.gouv.fr:RTE - 04/2017","substation":"transmission","voltage":"225000","osm":"way/133637359"}},{"type":"Feature","geometry":{"type":"Point","coordinates":[5.55334,45.0831]},"properties":{"barrier":"fence","location":"indoor","operator":"RTE","operator:wikidata":"Q2178795","power":"substation","ref:FR:RTE":"V.LAN","ref:FR:RTE_nom":"VILLARD-DE-LANS","source":"data.gouv.fr:RTE - 04/2017","substation":"distribution","voltage":"63000;20000","osm":"way/133729512"}},{"type":"Feature","geometry":{"type":"Point","coordinates":[5.0881,45.03886]},"properties":{"barrier":"fence","operator":"RTE","power":"substation","ref:FR:RTE":"PIZAN","ref:FR:RTE_nom":"PIZANCON","source":"data.gouv.fr:RTE - 04/2017","substation":"transmission","voltage":"63000","osm":"way/133730380"}},{"type":"Feature","geometry":{"type":"Point","coordinates":[4.60629,45.82489]},"properties":{"barrier":"wall","operator":"RTE","operator:wikidata":"Q2178795","power":"substation","ref:FR:RTE":"ARBRE","ref:FR:RTE_nom":"ARBRESLE (L )","source":"data.gouv.fr:RTE - 04/2017","substation":"transmission","voltage":"63000","osm":"way/133733271"}},{"type":"Feature","geometry":{"type":"Point","coordinates":[4.44452,45.88939]},"properties":{"operator":"RTE","operator:wikidata":"Q2178795","power":"substation","ref:FR:RTE":"TARAR","ref:FR:RTE_nom":"TARARE","source":"data.gouv.fr:RTE - 04/2017","voltage":"63000","osm":"way/133734987"}},{"type":"Feature","geometry":{"type":"Point","coordinates":[5.40252,45.80741]},"properties":{"barrier":"wall","name":"Poste EDF de Montalieu","operator":"RTE","operator:wikidata":"Q2178795","power":"substation","ref:FR:RTE":"MTALI","ref:FR:RTE_nom":"MONTALIEU","source":"data.gouv.fr:RTE - 04/2017","substation":"transmission","voltage":"63000","osm":"way/133763152"}},{"type":"Feature","geometry":{"type":"Point","coordinates":[6.04686,45.14974]},"properties":{"barrier":"fence","location":"outdoor","name":"Poste électrique du Verney","operator":"RTE","operator:wikidata":"Q2178795","power":"substation","ref:FR:RTE":"VERN7","ref:FR:RTE_nom":"VERNEY (LE)","source":"data.gouv.fr:RTE - 04/2017","substation":"transmission","voltage":"63000","osm":"way/133855805"}},{"type":"Feature","geometry":{"type":"Point","coordinates":[4.84508,45.67733]},"properties":{"operator":"RTE","operator:wikidata":"Q2178795","power":"substation","ref:FR:RTE":"F.RAF","ref:FR:RTE_nom":"FEYZIN RAFFINERIE","source":"data.gouv.fr:RTE - 04/2017","voltage":"63000","osm":"way/133868503"}},{"type":"Feature","geometry":{"type":"Point","coordinates":[4.85489,45.68263]},"properties":{"description":"Dessert Air Liquide (panneau)","operator":"RTE","operator:wikidata":"Q2178795","power":"substation","ref:FR:RTE":"FEYZI","ref:FR:RTE_nom":"FEYZIN","source":"data.gouv.fr:RTE - 04/2017","voltage":"63000","osm":"way/133868505"}},{"type":"Feature","geometry":{"type":"Point","coordinates":[4.81963,45.71071]},"properties":{"barrier":"wall","location":"outdoor","name":"Poste électrique d'Oullins","operator":"RTE","operator:wikidata":"Q2178795","power":"substation","ref:FR:RTE":"OULLI","ref:FR:RTE_nom":"OULLINS","source":"data.gouv.fr:RTE - 04/2017","substation":"transmission","voltage":"225000;63000;20000","osm":"way/133868507"}},{"type":"Feature","geometry":{"type":"Point","coordinates":[4.84436,45.65271]},"properties":{"name":"Sous-Station de Sibelin","operator":"SNCF Réseau","operator:wikidata":"Q21605526","power":"substation","ref:FR:RTE":"SIBEL","ref:FR:RTE_nom":"SIBELIN","source":"data.gouv.fr:RTE - 04/2017","substation":"traction","voltage":"63000","osm":"way/133868509"}},{"type":"Feature","geometry":{"type":"Point","coordinates":[5.70084,45.14825]},"properties":{"operator":"RTE","operator:wikidata":"Q2178795","power":"substation","ref:FR:RTE":"D.INF","ref:FR:RTE_nom":"DRAC-INFERIEUR","source":"cadastre-dgi-fr source : Direction Générale des Impôts - Cadastre ; mise à jour : 2011","voltage":"63000","osm":"way/134765509"}},{"type":"Feature","geometry":{"type":"Point","coordinates":[5.80317,46.3659]},"properties":{"building":"service","name":"Poste électrique de Porte-Sachet","operator":"RTE","operator:wikidata":"Q2178795","operator:wikipedia":"fr:RTE (entreprise)","power":"substation","ref:FR:RTE":"P.SAC","ref:FR:RTE_nom":"PORTE-SACHET","source":"data.gouv.fr:RTE - 04/2017","voltage":"63000","osm":"way/135044650"}},{"type":"Feature","geometry":{"type":"Point","coordinates":[4.81956,44.75752]},"properties":{"operator":"RTE","operator:wikidata":"Q2178795","power":"substation","ref:FR:RTE":"LORIO","ref:FR:RTE_nom":"LORIOL","source":"data.gouv.fr:RTE - 04/2017","voltage":"63000","osm":"way/135179056"}},{"type":"Feature","geometry":{"type":"Point","coordinates":[4.79337,44.81629]},"properties":{"barrier":"wall","operator":"Enedis","operator:wikidata":"Q3587594","power":"substation","ref:FR:RTE":"VOULT","ref:FR:RTE_nom":"VOULTE (LA)","source":"data.gouv.fr:RTE - 04/2017","substation":"distribution","voltage":"63000","osm":"way/135179058"}},{"type":"Feature","geometry":{"type":"Point","coordinates":[4.79135,44.67462]},"properties":{"barrier":"wall","frequency":"50","location":"outdoor","name":"Poste électrique de Logis-Neuf","operator":"RTE","operator:wikidata":"Q2178795","power":"substation","ref:FR:RTE":"L.NEU","ref:FR:RTE_nom":"LOGIS-NEUF","substation":"transmission","voltage":"225000;63000","osm":"way/135314787"}},{"type":"Feature","geometry":{"type":"Point","coordinates":[4.69188,44.53973]},"properties":{"barrier":"fence","operator":"RTE","power":"substation","ref:FR:RTE":"TEIL","ref:FR:RTE_nom":"LE TEIL","source":"data.gouv.fr:RTE - 04/2017","substation":"transmission","voltage":"63000","osm":"way/135400634"}},{"type":"Feature","geometry":{"type":"Point","coordinates":[4.74018,44.56191]},"properties":{"barrier":"fence","operator":"RTE","operator:wikidata":"Q2178795","power":"substation","ref:FR:RTE":"MTELI","ref:FR:RTE_nom":"MONTELIMAR","source":"data.gouv.fr:RTE - 04/2017","substation":"transmission","voltage":"63000","osm":"way/135409421"}},{"type":"Feature","geometry":{"type":"Point","coordinates":[4.9459,44.70021]},"properties":{"barrier":"fence","location":"outdoor","name":"Poste électrique de Chabrillan","operator":"SNCF Réseau","operator:wikidata":"Q21605526","owner":"SNCF Réseau","power":"substation","ref:FR:RTE":"CHABR","ref:FR:RTE_nom":"CHABRILLAN","source":"data.gouv.fr:RTE - 04/2017","substation":"traction","voltage":"225000;25000","osm":"way/135509029"}},{"type":"Feature","geometry":{"type":"Point","coordinates":[5.00714,44.72576]},"properties":{"barrier":"wall","location":"outdoor","operator":"RTE","operator:wikidata":"Q2178795","operator:wikipedia":"fr:RTE (entreprise)","power":"substation","ref:FR:RTE":"CREST","ref:FR:RTE_nom":"CREST","source":"data.gouv.fr:RTE - 04/2017","substation":"distribution","voltage":"63000;20000","osm":"way/135509032"}},{"type":"Feature","geometry":{"type":"Point","coordinates":[4.84614,45.69159]},"properties":{"barrier":"fence","location":"outdoor","name":"Poste électrique de Belle-Etoile","operator":"RTE","operator:wikidata":"Q2178795","power":"substation","ref:FR:RTE":"B.ETO","ref:FR:RTE_nom":"BELLE-ETOILE","source":"data.gouv.fr:RTE - 04/2017","substation":"transmission","voltage":"63000;20000","osm":"way/135538662"}},{"type":"Feature","geometry":{"type":"Point","coordinates":[4.8291,45.04519]},"properties":{"operator":"SNCF Réseau","power":"substation","ref:FR:RTE":"TOURN","ref:FR:RTE_nom":"TOURNON","source":"data.gouv.fr:RTE - 04/2017","substation":"traction","voltage":"63000","osm":"way/135585802"}},{"type":"Feature","geometry":{"type":"Point","coordinates":[4.37293,44.57551]},"properties":{"barrier":"fence","location":"outdoor","name":"Poste de Boudeyre","operator":"RTE","operator:wikidata":"Q2178795","power":"substation","ref:FR:RTE":"BOUDE","ref:FR:RTE_nom":"BOUDEYRE","source":"data.gouv.fr:RTE - 04/2017","substation":"transmission","voltage":"225000;63000","osm":"way/135727900"}},{"type":"Feature","geometry":{"type":"Point","coordinates":[3.85306,44.73783]},"properties":{"barrier":"fence","operator":"RTE","operator:wikidata":"Q2178795","power":"substation","ref:FR:RTE":"LANG8","ref:FR:RTE_nom":"LANGOGNE","source":"data.gouv.fr:RTE - 04/2017","voltage":"63000","osm":"way/135739021"}},{"type":"Feature","geometry":{"type":"Point","coordinates":[3.88526,45.01079]},"properties":{"operator":"RTE","operator:wikidata":"Q2178795","power":"substation","ref:FR:RTE":"TAULH","ref:FR:RTE_nom":"TAULHAC","source":"data.gouv.fr:RTE - 04/2017","voltage":"63000","osm":"way/135764971"}},{"type":"Feature","geometry":{"type":"Point","coordinates":[4.02155,44.95919]},"properties":{"operator":"RTE","operator:wikidata":"Q2178795","power":"substation","ref:FR:RTE":"LAUSS","ref:FR:RTE_nom":"LAUSSONNE","source":"data.gouv.fr:RTE - 04/2017","voltage":"63000","osm":"way/135764972"}},{"type":"Feature","geometry":{"type":"Point","coordinates":[3.07394,44.92203]},"properties":{"barrier":"fence","location":"outdoor","operator":"EDF","power":"substation","ref:FR:RTE":"GRAND","ref:FR:RTE_nom":"GRANDVAL","source":"Bing","substation":"generation","url":"http://www.hydrelect.info/articles.php?lang=fr&pg=98","voltage":"225000","wikidata":"Q111076391","osm":"way/135855286"}},{"type":"Feature","geometry":{"type":"Point","coordinates":[3.07241,44.92144]},"properties":{"barrier":"fence","name":"Poste électrique de Grandval","operator":"RTE","operator:wikidata":"Q2178795","power":"substation","substation":"transition","voltage":"225000","osm":"way/135855287"}},{"type":"Feature","geometry":{"type":"Point","coordinates":[3.03375,45.10246]},"properties":{"barrier":"fence","name":"Poste électrique de Savignac","operator":"RTE","operator:wikidata":"Q2178795","power":"substation","ref:FR:RTE":"SAVIG","ref:FR:RTE_nom":"SAVIGNAC","source":"data.gouv.fr:RTE - 04/2017","substation":"transmission","voltage":"225000;63000","osm":"way/135873560"}},{"type":"Feature","geometry":{"type":"Point","coordinates":[3.10968,45.03534]},"properties":{"operator":"RTE","power":"substation","ref:FR:RTE":"SSFL7","ref:FR:RTE_nom":"ST-FLOUR","source":"data.gouv.fr:RTE - 04/2017","substation":"traction","voltage":"63000","osm":"way/135888370"}},{"type":"Feature","geometry":{"type":"Point","coordinates":[3.09293,45.02906]},"properties":{"operator":"RTE","power":"substation","ref:FR:RTE":"SSFL8","ref:FR:RTE_nom":"ST-FLOUR","source":"data.gouv.fr:RTE - 04/2017","voltage":"63000","osm":"way/135920663"}},{"type":"Feature","geometry":{"type":"Point","coordinates":[3.96351,45.05198]},"properties":{"barrier":"fence","operator":"Enedis","operator:wikidata":"Q3587594","power":"substation","ref:FR:RTE":"BLAVO","ref:FR:RTE_nom":"BLAVOZY","source":"data.gouv.fr:RTE - 04/2017","substation":"distribution","voltage":"63000","osm":"way/136014919"}},{"type":"Feature","geometry":{"type":"Point","coordinates":[3.90781,45.04892]},"properties":{"operator":"RTE","operator:wikidata":"Q2178795","power":"substation","ref:FR:RTE":"PUY","ref:FR:RTE_nom":"LE PUY","source":"data.gouv.fr:RTE - 04/2017","voltage":"63000","osm":"way/136014921"}},{"type":"Feature","geometry":{"type":"Point","coordinates":[4.12556,45.11787]},"properties":{"barrier":"fence","operator":"Enedis","operator:wikidata":"Q3587594","operator:wikipedia":"fr:Enedis","power":"substation","ref:FR:RTE":"YSSIN","ref:FR:RTE_nom":"YSSINGEAUX","source":"data.gouv.fr:RTE - 2022-07","substation":"distribution","voltage":"63000","osm":"way/136025309"}},{"type":"Feature","geometry":{"type":"Point","coordinates":[4.2854,45.07366]},"properties":{"barrier":"fence","operator":"Enedis","operator:wikidata":"Q3587594","operator:wikipedia":"fr:Enedis","power":"substation","ref:FR:RTE":"SALET","ref:FR:RTE_nom":"SALETTES","source":"data.gouv.fr:RTE - 04/2017","substation":"distribution","voltage":"63000","osm":"way/136028848"}},{"type":"Feature","geometry":{"type":"Point","coordinates":[3.78073,45.10762]},"properties":{"operator":"RTE","operator:wikidata":"Q2178795","power":"substation","ref:FR:RTE":"LOUD6","ref:FR:RTE_nom":"LOUDES","source":"data.gouv.fr:RTE - 04/2017","voltage":"63000","osm":"way/136058276"}},{"type":"Feature","geometry":{"type":"Point","coordinates":[3.81502,45.22031]},"properties":{"name":"Poste Source Bellevue La Montagne","operator":"RTE","operator:wikidata":"Q2178795","power":"substation","ref:FR:RTE":"BVUE","ref:FR:RTE_nom":"BELLEVUE","source":"data.gouv.fr:RTE - 04/2017","substation":"distribution","voltage":"63000","osm":"way/136058277"}},{"type":"Feature","geometry":{"type":"Point","coordinates":[3.42148,46.22354]},"properties":{"barrier":"fence","location":"outdoor","name":"Sous-station de Billy","operator":"SNCF Réseau","operator:wikidata":"Q21605526","owner":"SNCF Réseau","power":"substation","ref:FR:RTE":"BILLY","ref:FR:RTE_nom":"BILLY","source":"data.gouv.fr:RTE - 04/2017","substation":"traction","voltage":"225000;25000","osm":"way/136068611"}},{"type":"Feature","geometry":{"type":"Point","coordinates":[3.47236,46.15903]},"properties":{"barrier":"fence","location":"outdoor","name":"Poste électrique de La Font","operator":"RTE","operator:wikidata":"Q2178795","power":"substation","ref:FR:RTE":"FONT","ref:FR:RTE_nom":"LA FONT","source":"data.gouv.fr:RTE - 04/2017","substation":"transmission","voltage":"225000;63000","osm":"way/136068620"}},{"type":"Feature","geometry":{"type":"Point","coordinates":[3.46551,46.07557]},"properties":{"operator":"RTE","operator:wikidata":"Q2178795","power":"substation","ref:FR:RTE":"SSYOR","ref:FR:RTE_nom":"ST-YORRE","source":"data.gouv.fr:RTE - 04/2017","voltage":"63000","osm":"way/136072128"}},{"type":"Feature","geometry":{"type":"Point","coordinates":[3.7114,45.96614]},"properties":{"operator":"RTE","operator:wikidata":"Q2178795","power":"substation","ref:FR:RTE":"LIMOU","ref:FR:RTE_nom":"LIMOUZAT (LE)","source":"data.gouv.fr:RTE - 04/2017","voltage":"63000","osm":"way/136107222"}},{"type":"Feature","geometry":{"type":"Point","coordinates":[3.71132,45.96579]},"properties":{"operator":"RTE","operator:wikidata":"Q2178795","power":"substation","ref:FR:RTE":"LIMOU","ref:FR:RTE_nom":"LIMOUZAT (LE)","source":"data.gouv.fr:RTE - 04/2017","voltage":"63000","osm":"way/136107223"}},{"type":"Feature","geometry":{"type":"Point","coordinates":[3.14688,45.25086]},"properties":{"barrier":"fence","operator":"RTE","power":"substation","ref:FR:RTE":"MASSI","ref:FR:RTE_nom":"MASSIAC","source":"data.gouv.fr:RTE - 04/2017","substation":"transmission","voltage":"63000","osm":"way/136162138"}},{"type":"Feature","geometry":{"type":"Point","coordinates":[3.02702,45.11033]},"properties":{"operator":"SNCF Réseau","operator:wikidata":"Q21605526","power":"substation","ref:FR:RTE":"TALIZ","ref:FR:RTE_nom":"TALIZAT","source":"data.gouv.fr:RTE - 04/2017","substation":"traction","voltage":"63000","osm":"way/136164072"}},{"type":"Feature","geometry":{"type":"Point","coordinates":[2.98532,45.13588]},"properties":{"barrier":"fence","location":"outdoor","name":"Poste électrique de Neussargues-Moissac","operator":"RTE","operator:wikidata":"Q2178795","power":"substation","ref:FR:RTE":"NEUSS","ref:FR:RTE_nom":"NEUSSARGUES","source":"data.gouv.fr:RTE - 04/2017","substation":"transmission","voltage":"63000;20000","osm":"way/136164079"}},{"type":"Feature","geometry":{"type":"Point","coordinates":[3.49293,45.20042]},"properties":{"barrier":"fence","operator":"Enedis","operator:wikidata":"Q3587594","power":"substation","ref:FR:RTE":"SALZU","ref:FR:RTE_nom":"SALZUIT","source":"data.gouv.fr:RTE - 04/2017","substation":"distribution","voltage":"63000","osm":"way/136179589"}},{"type":"Feature","geometry":{"type":"Point","coordinates":[3.49758,45.11514]},"properties":{"barrier":"fence","operator":"Enedis","operator:wikidata":"Q3587594","power":"substation","ref:FR:RTE":"LANGE","ref:FR:RTE_nom":"LANGEAC","source":"data.gouv.fr:RTE - 04/2017","substation":"distribution","voltage":"63000","osm":"way/136185940"}},{"type":"Feature","geometry":{"type":"Point","coordinates":[3.63516,44.82181]},"properties":{"name":"Ancelpont","operator":"Enedis","operator:wikidata":"Q2178795","power":"substation","ref:FR:RTE":"ANCEL","ref:FR:RTE_nom":"ANCELPONT","source":"data.gouv.fr:RTE - 04/2017","substation":"distribution","voltage":"63000","osm":"way/136225390"}},{"type":"Feature","geometry":{"type":"Point","coordinates":[3.28154,44.79151]},"properties":{"barrier":"fence","location":"outdoor","name":"Margeride","operator":"RTE","operator:wikidata":"Q2178795","power":"substation","ref:FR:RTE":"MARGE","ref:FR:RTE_nom":"MARGERIDE","source":"data.gouv.fr:RTE - 04/2017","substation":"transmission","voltage":"225000;63000","osm":"way/136326140"}},{"type":"Feature","geometry":{"type":"Point","coordinates":[3.17005,46.8573]},"properties":{"barrier":"fence","location":"outdoor","operator":"RTE","power":"substation","ref:FR:RTE":"PARIZ","ref:FR:RTE_nom":"PARIZE","source":"data.gouv.fr:RTE - 04/2017","substation":"distribution","voltage":"63000;20000","osm":"way/136388702"}},{"type":"Feature","geometry":{"type":"Point","coordinates":[2.99463,44.8571]},"properties":{"operator":"RTE","operator:wikidata":"Q2178795","power":"substation","ref:FR:RTE":"C.AIG","ref:FR:RTE_nom":"CHAUDES AIGUES","source":"data.gouv.fr:RTE - 04/2017","substation":"distribution","voltage":"63000","osm":"way/136390015"}},{"type":"Feature","geometry":{"type":"Point","coordinates":[3.33999,45.39477]},"properties":{"barrier":"fence","operator":"Enedis","operator:wikidata":"Q3587594","power":"substation","ref:FR:RTE":"TAUPE","ref:FR:RTE_nom":"TAUPE (LA)","source":"data.gouv.fr:RTE - 04/2017","substation":"distribution","voltage":"63000","osm":"way/136393794"}},{"type":"Feature","geometry":{"type":"Point","coordinates":[3.25248,45.56311]},"properties":{"barrier":"wall","operator":"RTE","power":"substation","ref:FR:RTE":"PIAT","ref:FR:RTE_nom":"LE PIAT","source":"data.gouv.fr:RTE - 04/2017","substation":"industrial","voltage":"63000","osm":"way/136412529"}},{"type":"Feature","geometry":{"type":"Point","coordinates":[2.99942,45.76533]},"properties":{"barrier":"fence","frequency":"50","location":"outdoor","name":"Poste électrique d'Enval","operator":"RTE","operator:wikidata":"Q2178795","power":"substation","ref:FR:RTE":"ENVAL","ref:FR:RTE_nom":"ENVAL","substation":"transmission","voltage":"225000;63000;20000","osm":"way/136416550"}},{"type":"Feature","geometry":{"type":"Point","coordinates":[3.09612,45.74582]},"properties":{"barrier":"fence","frequency":"50","name":"Poste électrique de Prauliat","operator":"Enedis","operator:wikidata":"Q3587594","power":"substation","ref:FR:RTE":"PRAUL","ref:FR:RTE_nom":"PRAULIAT","source":"data.gouv.fr:RTE - 04/2017","substation":"distribution","voltage":"63000;20000","osm":"way/136434234"}},{"type":"Feature","geometry":{"type":"Point","coordinates":[3.0875,45.57387]},"properties":{"barrier":"fence","operator":"RTE","operator:wikidata":"Q2178795","power":"substation","ref:FR:RTE":"M.BL6","ref:FR:RTE_nom":"MONTAIGUT LE BLANC","source":"data.gouv.fr:RTE - 04/2017","voltage":"63000","osm":"way/136482778"}},{"type":"Feature","geometry":{"type":"Point","coordinates":[2.66691,45.35299]},"properties":{"barrier":"wall","operator":"RTE","operator:wikidata":"Q2178795","power":"substation","ref:FR:RTE":"COIND","ref:FR:RTE_nom":"COINDRE","source":"data.gouv.fr:RTE - 04/2017","substation":"transmission","voltage":"90000","osm":"way/136707754"}},{"type":"Feature","geometry":{"type":"Point","coordinates":[2.44613,45.35368]},"properties":{"operator":"RTE","power":"substation","ref:FR:RTE":"YDES","ref:FR:RTE_nom":"YDES","source":"data.gouv.fr:RTE - 04/2017","voltage":"90000","osm":"way/136729602"}},{"type":"Feature","geometry":{"type":"Point","coordinates":[2.50412,45.41656]},"properties":{"barrier":"fence","location":"outdoor","operator":"Enedis","operator:wikidata":"Q3587594","power":"substation","ref:FR:RTE":"LANOB","ref:FR:RTE_nom":"LANOBRE","substation":"distribution","voltage":"90000;20000","osm":"way/136978026"}},{"type":"Feature","geometry":{"type":"Point","coordinates":[2.26457,45.3879]},"properties":{"barrier":"fence","location":"outdoor","operator":"RTE","operator:wikidata":"Q2178795","power":"substation","ref:FR:RTE":"BECHE","ref:FR:RTE_nom":"BECHE","substation":"distribution","voltage":"90000;20000","osm":"way/137001976"}},{"type":"Feature","geometry":{"type":"Point","coordinates":[4.84431,45.72014]},"properties":{"barrier":"fence","location":"outdoor","name":"Poste électrique de La Mouche","operator":"RTE","operator:wikidata":"Q2178795","power":"substation","ref:FR:RTE":"MOUCH","ref:FR:RTE_nom":"MOUCHE (LA)","source":"data.gouv.fr:RTE - 04/2017","substation":"transmission","voltage":"225000;63000;20000","osm":"way/137083764"}},{"type":"Feature","geometry":{"type":"Point","coordinates":[2.34875,45.21843]},"properties":{"operator":"RTE","operator:wikidata":"Q2178795","power":"substation","ref:FR:RTE":"MAURI","ref:FR:RTE_nom":"MAURIAC","source":"data.gouv.fr:RTE - 04/2017","voltage":"90000","osm":"way/137084713"}},{"type":"Feature","geometry":{"type":"Point","coordinates":[3.06589,45.88942]},"properties":{"barrier":"fence","frequency":"50","location":"outdoor","name":"Poste électrique de Volvic","operator":"RTE","operator:wikidata":"Q2178795","power":"substation","ref:FR:RTE":"VOLVI","ref:FR:RTE_nom":"VOLVIC","substation":"distribution","voltage":"225000;63000;20000","osm":"way/137191333"}},{"type":"Feature","geometry":{"type":"Point","coordinates":[3.10947,45.84406]},"properties":{"barrier":"fence","frequency":"50","operator":"RTE","operator:wikidata":"Q2178795","power":"substation","ref:FR:RTE":"CEBAZ","ref:FR:RTE_nom":"CEBAZAT","source":"data.gouv.fr:RTE - 04/2017","substation":"transmission","voltage":"63000;20000","osm":"way/137191337"}},{"type":"Feature","geometry":{"type":"Point","coordinates":[3.11846,45.84409]},"properties":{"barrier":"fence","frequency":"50","name":"Poste électrique de Ladoux","operator":"RTE","operator:wikidata":"Q2178795","power":"substation","ref:FR:RTE":"LADOU","ref:FR:RTE_nom":"LADOUX","source":"data.gouv.fr:RTE - 04/2017","substation":"industrial","voltage":"63000","osm":"way/137191361"}},{"type":"Feature","geometry":{"type":"Point","coordinates":[2.84102,45.9245]},"properties":{"operator":"RTE","operator:wikidata":"Q2178795","power":"substation","ref:FR:RTE":"BOUC5","ref:FR:RTE_nom":"BOUCHEIX (LE)","source":"data.gouv.fr:RTE - 04/2017","voltage":"63000","osm":"way/137191366"}},{"type":"Feature","geometry":{"type":"Point","coordinates":[2.83742,45.92174]},"properties":{"barrier":"fence","location":"outdoor","operator":"RTE","operator:wikidata":"Q2178795","power":"substation","ref:FR:RTE":"COMPS","ref:FR:RTE_nom":"COMPS","source":"data.gouv.fr:RTE - 04/2017","substation":"transmission","voltage":"225000;63000;20000","osm":"way/137191368"}},{"type":"Feature","geometry":{"type":"Point","coordinates":[3.13255,45.81339]},"properties":{"barrier":"fence","frequency":"50","location":"outdoor","name":"Sous-station SNCF de Flamina","operator":"SNCF Réseau","operator:wikidata":"Q21605526","power":"substation","ref:FR:RTE":"FLAMI","ref:FR:RTE_nom":"FLAMINA","source":"data.gouv.fr:RTE - 04/2017","substation":"traction","voltage":"63000;25000","osm":"way/137193674"}},{"type":"Feature","geometry":{"type":"Point","coordinates":[3.13457,45.80489]},"properties":{"barrier":"fence","frequency":"50","name":"Poste électrique des Gravanches","operator":"RTE","operator:wikidata":"Q2178795","power":"substation","ref:FR:RTE":"GRAVA","ref:FR:RTE_nom":"GRAVANCHES","source":"data.gouv.fr:RTE - 04/2017","substation":"industrial","voltage":"63000","osm":"way/137193680"}},{"type":"Feature","geometry":{"type":"Point","coordinates":[3.10735,45.79615]},"properties":{"barrier":"fence","frequency":"50","name":"Poste électrique B20","operator":"RTE","operator:wikidata":"Q2178795","power":"substation","ref:FR:RTE":"B20","ref:FR:RTE_nom":"B20","source":"data.gouv.fr:RTE - 04/2017","substation":"industrial","voltage":"63000","osm":"way/137195007"}},{"type":"Feature","geometry":{"type":"Point","coordinates":[3.12267,45.88391]},"properties":{"barrier":"fence","frequency":"50","name":"Poste électrique de Riom","operator":"RTE","operator:wikidata":"Q2178795","power":"substation","ref:FR:RTE":"RIOM","ref:FR:RTE_nom":"RIOM","source":"data.gouv.fr:RTE - 04/2017","substation":"distribution","voltage":"63000;20000","osm":"way/137198313"}},{"type":"Feature","geometry":{"type":"Point","coordinates":[3.20696,46.09901]},"properties":{"barrier":"fence","operator":"Enedis","operator:wikidata":"Q3587594","power":"substation","ref:FR:RTE":"GANNA","ref:FR:RTE_nom":"GANNAT","source":"data.gouv.fr:RTE - 04/2017","substation":"distribution","voltage":"63000","osm":"way/137221371"}},{"type":"Feature","geometry":{"type":"Point","coordinates":[3.1972,46.02526]},"properties":{"operator":"Enedis","operator:wikidata":"Q3587594","power":"substation","ref:FR:RTE":"AIGU6","ref:FR:RTE_nom":"AIGUEPERSE","source":"data.gouv.fr:RTE - 04/2017","substation":"distribution","voltage":"63000","osm":"way/137221373"}},{"type":"Feature","geometry":{"type":"Point","coordinates":[2.8111,45.72593]},"properties":{"barrier":"fence","operator":"Enedis","power":"substation","ref:FR:RTE":"SSRO5","ref:FR:RTE_nom":"ST PIERRE ROCHE","source":"data.gouv.fr:RTE - 04/2017","substation":"distribution","voltage":"63000","osm":"way/137268170"}},{"type":"Feature","geometry":{"type":"Point","coordinates":[2.93094,46.10261]},"properties":{"operator":"RTE","power":"substation","ref:FR:RTE":"P.MEN","ref:FR:RTE_nom":"PONT-DE-MENAT","source":"data.gouv.fr:RTE - 04/2017","voltage":"63000","osm":"way/137271711"}},{"type":"Feature","geometry":{"type":"Point","coordinates":[2.50042,46.03369]},"properties":{"operator":"RTE","power":"substation","ref:FR:RTE":"AUZAN","ref:FR:RTE_nom":"AUZANCES","source":"data.gouv.fr:RTE - 04/2017","voltage":"63000","osm":"way/137298617"}},{"type":"Feature","geometry":{"type":"Point","coordinates":[2.75028,46.2958]},"properties":{"operator":"RTE","operator:wikidata":"Q2178795","power":"substation","ref:FR:RTE":"RAYNA","ref:FR:RTE_nom":"RAYNAUDS (LES)","source":"data.gouv.fr:RTE - 04/2017","substation":"industrial","voltage":"63000","osm":"way/137310645"}},{"type":"Feature","geometry":{"type":"Point","coordinates":[2.75221,46.28852]},"properties":{"operator":"RTE","operator:wikidata":"Q2178795","power":"substation","ref:FR:RTE":"BANNE","ref:FR:RTE_nom":"BANNE (LA)","source":"data.gouv.fr:RTE - 04/2017","voltage":"63000","osm":"way/137310647"}},{"type":"Feature","geometry":{"type":"Point","coordinates":[2.22217,46.35373]},"properties":{"operator":"RTE","operator:wikidata":"Q2178795","power":"substation","ref:FR:RTE":"BOUS5","ref:FR:RTE_nom":"BOUSSAC","source":"data.gouv.fr:RTE - 04/2017","voltage":"63000","osm":"way/137318702"}},{"type":"Feature","geometry":{"type":"Point","coordinates":[2.84991,46.41036]},"properties":{"operator":"RTE","operator:wikidata":"Q2178795","power":"substation","ref:FR:RTE":"VLEF5","ref:FR:RTE_nom":"VILLEFRANCHE","source":"data.gouv.fr:RTE - 04/2017","voltage":"63000","osm":"way/137327713"}},{"type":"Feature","geometry":{"type":"Point","coordinates":[3.36172,46.53528]},"properties":{"barrier":"fence","frequency":"50","location":"outdoor","name":"Poste électrique de Séminaire","operator":"RTE","operator:wikidata":"Q2178795","power":"substation","ref:FR:RTE":"SEMIN","ref:FR:RTE_nom":"SEMINAIRE","source":"data.gouv.fr:RTE - 04/2017","substation":"distribution","voltage":"225000;63000;20000","osm":"way/137355542"}},{"type":"Feature","geometry":{"type":"Point","coordinates":[3.69219,46.51643]},"properties":{"barrier":"fence","location":"outdoor","name":"Dompierre","operator":"RTE","operator:wikidata":"Q2178795","power":"substation","ref:FR:RTE":"DOMPI","ref:FR:RTE_nom":"DOMPIERRE","source":"data.gouv.fr:RTE - 04/2017","substation":"transmission","voltage":"63000;20000","osm":"way/137414494"}},{"type":"Feature","geometry":{"type":"Point","coordinates":[3.79831,46.36242]},"properties":{"barrier":"fence","name":"Le Donjon","operator":"Enedis","operator:wikidata":"Q3587594","power":"substation","ref:FR:RTE":"DONJO","ref:FR:RTE_nom":"DONJON (LE)","source":"data.gouv.fr:RTE - 04/2017","substation":"distribution","voltage":"63000","osm":"way/137421131"}},{"type":"Feature","geometry":{"type":"Point","coordinates":[2.2409,46.1857]},"properties":{"operator":"RTE","power":"substation","ref:FR:RTE":"GOUZO","ref:FR:RTE_nom":"GOUZON","source":"data.gouv.fr:RTE - 04/2017","voltage":"63000","osm":"way/137469975"}},{"type":"Feature","geometry":{"type":"Point","coordinates":[2.18919,45.95372]},"properties":{"barrier":"fence","location":"outdoor","name":"Poste d'Aubusson","operator":"RTE","operator:wikidata":"Q2178795","power":"substation","ref:FR:RTE":"AUBUS","ref:FR:RTE_nom":"AUBUSSON","source":"data.gouv.fr:RTE - 04/2017","substation":"transmission","voltage":"225000;63000","osm":"way/137474877"}},{"type":"Feature","geometry":{"type":"Point","coordinates":[3.64129,45.87328]},"properties":{"barrier":"fence","fence_type":"barbed_wire","frequency":"50","gas_insulated":"no","location":"outdoor","operator":"RTE","operator:wikidata":"Q2178795","power":"substation","ref:FR:RTE":"CELLE","ref:FR:RTE_nom":"CELLES","source":"data.gouv.fr:RTE - 04/2017","substation":"distribution","voltage":"63000;20000","osm":"way/137553234"}},{"type":"Feature","geometry":{"type":"Point","coordinates":[2.47824,46.18508]},"properties":{"operator":"RTE","operator:wikidata":"Q2178795","power":"substation","ref:FR:RTE":"E.BAI","ref:FR:RTE_nom":"EVAUX LES BAINS","source":"data.gouv.fr:RTE - 04/2017","voltage":"63000","osm":"way/137629909"}},{"type":"Feature","geometry":{"type":"Point","coordinates":[2.31259,45.56443]},"properties":{"operator":"Enedis","operator:wikidata":"Q3587594","power":"substation","ref:FR:RTE":"USSEL","ref:FR:RTE_nom":"USSEL","source":"data.gouv.fr:RTE - 04/2017","substation":"distribution","voltage":"90000","osm":"way/137821275"}},{"type":"Feature","geometry":{"type":"Point","coordinates":[2.26503,45.52262]},"properties":{"operator":"RTE","power":"substation","ref:FR:RTE":"GOUD5","ref:FR:RTE_nom":"GOUDOUNECHE","voltage":"90000","osm":"way/137836420"}},{"type":"Feature","geometry":{"type":"Point","coordinates":[2.26865,45.52492]},"properties":{"operator":"RTE","power":"substation","ref:FR:RTE":"GOUDO","ref:FR:RTE_nom":"GOUDOUNECHE","substation":"transmission","voltage":"90000","osm":"way/137836423"}},{"type":"Feature","geometry":{"type":"Point","coordinates":[2.07517,45.40052]},"properties":{"operator":"RTE","power":"substation","ref:FR:RTE":"EGLET","ref:FR:RTE_nom":"EGLETONS","source":"data.gouv.fr:RTE - 04/2017","voltage":"90000","osm":"way/137896307"}},{"type":"Feature","geometry":{"type":"Point","coordinates":[2.13782,45.68498]},"properties":{"operator":"RTE","power":"substation","ref:FR:RTE":"SSSET","ref:FR:RTE_nom":"ST-SETIERS","source":"data.gouv.fr:RTE - 04/2017","voltage":"90000","osm":"way/137996918"}},{"type":"Feature","geometry":{"type":"Point","coordinates":[2.34168,45.86867]},"properties":{"operator":"RTE","power":"substation","ref:FR:RTE":"SSPAR","ref:FR:RTE_nom":"Saint-Pardoux","source":"data.gouv.fr:RTE - 12/2018","voltage":"63000","osm":"way/138208376"}},{"type":"Feature","geometry":{"type":"Point","coordinates":[3.11014,46.79859]},"properties":{"barrier":"fence","location":"outdoor","operator":"RTE","power":"substation","ref:FR:RTE":"SSMO6","ref:FR:RTE_nom":"ST-PIERRE-LE-MOUTIER","source":"data.gouv.fr:RTE - 04/2017","substation":"distribution","voltage":"63000;20000","osm":"way/138211315"}},{"type":"Feature","geometry":{"type":"Point","coordinates":[2.03727,45.21573]},"properties":{"barrier":"wall","operator":"RTE","power":"substation","ref:FR:RTE":"MARC5","ref:FR:RTE_nom":"MARCILLAC","source":"data.gouv.fr:RTE - 04/2017","voltage":"90000","osm":"way/138757962"}},{"type":"Feature","geometry":{"type":"Point","coordinates":[2.03256,44.98286]},"properties":{"barrier":"fence","location":"outdoor","power":"substation","ref:FR:RTE":"LAMAT","ref:FR:RTE_nom":"LAMATIVIE","substation":"transmission","voltage":"90000","osm":"way/139575503"}},{"type":"Feature","geometry":{"type":"Point","coordinates":[3.50897,47.45199]},"properties":{"operator":"RTE","operator:wikidata":"Q2178795","power":"substation","ref:FR:RTE":"CLAME","ref:FR:RTE_nom":"CLAMECY","source":"data.gouv.fr:RTE - 04/2017","voltage":"63000","osm":"way/142456147"}},{"type":"Feature","geometry":{"type":"Point","coordinates":[3.08483,47.03118]},"properties":{"barrier":"fence","landuse":"industrial","location":"outdoor","name":"Poste électrique de Garchizy","operator":"RTE","power":"substation","ref:FR:RTE":"GARCH","ref:FR:RTE_nom":"GARCHIZY","source":"Bing","substation":"transmission","voltage":"225000;63000","osm":"way/142456160"}},{"type":"Feature","geometry":{"type":"Point","coordinates":[3.18376,46.99831]},"properties":{"barrier":"wall","operator":"RTE","power":"substation","ref:FR:RTE":"NEVER","ref:FR:RTE_nom":"NEVERS","source":"Bing","substation":"transmission","voltage":"63000;20000","osm":"way/142456168"}},{"type":"Feature","geometry":{"type":"Point","coordinates":[3.48786,46.84182]},"properties":{"barrier":"fence","name":"Poste électrique de Champvert","operator":"RTE","power":"substation","ref:FR:RTE":"CPVER","ref:FR:RTE_nom":"CHAMPVERT","source":"Bing","substation":"transmission","voltage":"63000","osm":"way/142456175"}},{"type":"Feature","geometry":{"type":"Point","coordinates":[3.64901,47.34381]},"properties":{"barrier":"wall","location":"outdoor","name":"Poste électrique de Vignol","operator":"RTE","power":"substation","ref:FR:RTE":"VNOL","ref:FR:RTE_nom":"VIGNOL","source":"data.gouv.fr:RTE - 04/2017","substation":"transmission","voltage":"225000;63000","osm":"way/142456176"}},{"type":"Feature","geometry":{"type":"Point","coordinates":[4.40383,44.60231]},"properties":{"operator":"RTE","operator:wikidata":"Q2178795","power":"substation","ref:FR:RTE":"AUBEN","ref:FR:RTE_nom":"AUBENAS","source":"Bing","voltage":"63000","osm":"way/142505463"}},{"type":"Feature","geometry":{"type":"Point","coordinates":[6.04373,45.20512]},"properties":{"building":"industrial","location":"indoor","name":"Poste électrique du Rivier","operator":"Enedis","operator:wikidata":"Q3587594","power":"substation","ref:FR:RTE":"RIVI5","ref:FR:RTE_nom":"RIVIER (LE)","source":"cadastre-dgi-fr source : Direction Générale des Impôts - Cadastre. Mise à jour : 2011","substation":"distribution","utility":"power","voltage":"63000;20000","osm":"way/143251569"}},{"type":"Feature","geometry":{"type":"Point","coordinates":[5.91722,45.26589]},"properties":{"barrier":"wall","location":"outdoor","name":"Poste électrique de Froges","operator":"RTE","operator:wikidata":"Q2178795","power":"substation","ref:FR:RTE":"FROGE","ref:FR:RTE_nom":"FROGES","source":"data.gouv.fr:RTE - 04/2017","substation":"transmission","voltage":"225000","osm":"way/144099634"}},{"type":"Feature","geometry":{"type":"Point","coordinates":[5.71201,45.05294]},"properties":{"barrier":"fence","operator":"Électricité de France","operator:short":"EDF","operator:wikidata":"Q274591","power":"substation","ref:FR:RTE":"SSCOM","ref:FR:RTE_nom":"ST-GEORGES-DE-COMMIERS","source":"data.gouv.fr:RTE - 04/2017","substation":"generation","voltage":"63000","osm":"way/144379001"}},{"type":"Feature","geometry":{"type":"Point","coordinates":[6.41829,46.21033]},"properties":{"barrier":"fence","name":"Poste électrique de Boëge","operator":"RTE","operator:wikidata":"Q2178795","power":"substation","ref:FR:RTE":"BOEGE","ref:FR:RTE_nom":"BOEGE","source":"data.gouv.fr:RTE - 12/2018","substation":"distribution","voltage":"63000","osm":"way/144943870"}},{"type":"Feature","geometry":{"type":"Point","coordinates":[5.57059,45.37681]},"properties":{"barrier":"wall","operator":"RTE","operator:wikidata":"Q2178795","power":"substation","ref:FR:RTE":"VOIRO","ref:FR:RTE_nom":"VOIRON","source":"data.gouv.fr:RTE - 04/2017","substation":"transmission","voltage":"63000","osm":"way/146333476"}},{"type":"Feature","geometry":{"type":"Point","coordinates":[5.49091,45.36462]},"properties":{"barrier":"fence","operator":"RTE","operator:wikidata":"Q2178795","power":"substation","ref:FR:RTE":"RIVE5","ref:FR:RTE_nom":"RIVES","source":"data.gouv.fr:RTE - 04/2017","voltage":"63000","osm":"way/146333481"}},{"type":"Feature","geometry":{"type":"Point","coordinates":[5.66524,45.23399]},"properties":{"barrier":"fence","fixme":"name","operator":"RTE","operator:wikidata":"Q2178795","power":"substation","ref:FR:RTE":"SSEGR","ref:FR:RTE_nom":"ST-EGREVE","source":"data.gouv.fr:RTE - 04/2017","substation":"distribution","voltage":"63000","osm":"way/146338103"}},{"type":"Feature","geometry":{"type":"Point","coordinates":[5.60898,45.3075]},"properties":{"operator":"RTE","operator:wikidata":"Q2178795","power":"substation","ref:FR:RTE":"P.HER","ref:FR:RTE_nom":"PRE-DES-HERBES","source":"data.gouv.fr:RTE - 04/2017","substation":"industrial","voltage":"63000","osm":"way/146338104"}},{"type":"Feature","geometry":{"type":"Point","coordinates":[5.6279,45.29322]},"properties":{"operator":"RTE","operator:wikidata":"Q2178795","power":"substation","ref:FR:RTE":"VOREP","ref:FR:RTE_nom":"VOREPPE","source":"data.gouv.fr:RTE - 04/2017","substation":"transmission","voltage":"63000","osm":"way/146338105"}},{"type":"Feature","geometry":{"type":"Point","coordinates":[6.71222,45.21475]},"properties":{"barrier":"fence","location":"outdoor","name":"Poste électrique de Aussois","operator":"RTE","operator:wikidata":"Q2178795","power":"substation","ref:FR:RTE":"AUSSO","ref:FR:RTE_nom":"AUSSOIS","source":"data.gouv.fr:RTE - 04/2017","substation":"transmission","voltage":"225000;63000","osm":"way/146449309"}},{"type":"Feature","geometry":{"type":"Point","coordinates":[5.69629,45.72804]},"properties":{"barrier":"fence","location":"outdoor","name":"Poste électrique de La Marnise","operator":"RTE","operator:wikidata":"Q2178795","operator:wikipedia":"fr:RTE (entreprise)","power":"substation","ref:FR:RTE":"MARNI","ref:FR:RTE_nom":"MARNISE (LA)","source":"data.gouv.fr:RTE - 04/2017","substation":"transmission","voltage":"225000;63000","osm":"way/146534502"}},{"type":"Feature","geometry":{"type":"Point","coordinates":[6.44938,46.34816]},"properties":{"barrier":"fence","location":"outdoor","operator":"SNCF Réseau","operator:wikidata":"Q21605526","owner":"SNCF Réseau","power":"substation","ref:FR:RTE":"MARCL","ref:FR:RTE_nom":"MARCLAZ","source":"data.gouv.fr:RTE - 2023-01","substation":"traction","voltage":"63000","osm":"way/146627834"}},{"type":"Feature","geometry":{"type":"Point","coordinates":[6.47566,46.35508]},"properties":{"barrier":"fence","location":"indoor","name":"Poste électrique de Thonon","operator":"RTE","operator:wikidata":"Q2178795","power":"substation","ref:FR:RTE":"THONO","ref:FR:RTE_nom":"THONON","source":"data.gouv.fr:RTE - 04/2017","substation":"transmission","voltage":"63000","osm":"way/146627835"}},{"type":"Feature","geometry":{"type":"Point","coordinates":[6.51026,46.38833]},"properties":{"barrier":"fence","name":"Poste électrique de Publier","operator":"RTE","operator:wikidata":"Q2178795","power":"substation","ref:FR:RTE":"PUBLI","ref:FR:RTE_nom":"PUBLIER","source":"data.gouv.fr:RTE - 04/2017","substation":"transmission","voltage":"63000;20000","osm":"way/146629861"}},{"type":"Feature","geometry":{"type":"Point","coordinates":[4.36711,44.65068]},"properties":{"operator":"RTE","operator:wikidata":"Q2178795","power":"substation","ref:FR:RTE":"VALS","ref:FR:RTE_nom":"VALS","source":"data.gouv.fr:RTE - 04/2017","voltage":"63000","osm":"way/146820301"}},{"type":"Feature","geometry":{"type":"Point","coordinates":[6.37578,45.2709]},"properties":{"barrier":"fence","location":"outdoor","name":"Vieux-Moulins","operator":"Trimet","power":"substation","ref:FR:RTE":"V.MOU","ref:FR:RTE_nom":"VIEUX-MOULIN","substation":"industrial","voltage":"225000","osm":"way/147132682"}},{"type":"Feature","geometry":{"type":"Point","coordinates":[6.50997,45.4964]},"properties":{"barrier":"fence","location":"outdoor","name":"Poste électrique de La Coche","operator":"RTE","operator:wikidata":"Q2178795","power":"substation","ref:FR:RTE":"COCHE","ref:FR:RTE_nom":"COCHE (LA)","source":"data.gouv.fr:RTE - 04/2017","substation":"transmission","voltage":"400000;63000","osm":"way/147132685"}},{"type":"Feature","geometry":{"type":"Point","coordinates":[6.58371,45.20542]},"properties":{"barrier":"fence","location":"outdoor","name":"Poste électrique de La Praz Saint-André","operator":"RTE","operator:wikidata":"Q2178795","power":"substation","ref:FR:RTE":"P.AND","ref:FR:RTE_nom":"PRAZ-ST-ANDRE","substation":"transmission","voltage":"400000","osm":"way/147132690"}},{"type":"Feature","geometry":{"type":"Point","coordinates":[6.47644,45.21021]},"properties":{"alt_name":"Poste électrique de Saint-Michel de Maurienne","barrier":"fence","location":"outdoor","name":"La Saussaz II","operator":"RTE","operator:wikidata":"Q2178795","power":"substation","ref:FR:RTE":"SAUS2","ref:FR:RTE_nom":"SAUSSAZ II (LA)","substation":"transmission","voltage":"225000;42000","osm":"way/147132693"}},{"type":"Feature","geometry":{"type":"Point","coordinates":[6.05071,45.1455]},"properties":{"barrier":"fence","name":"Poste électrique de Vaujany","operator":"RTE","operator:wikidata":"Q2178795","power":"substation","ref:FR:RTE":"VAUJA","ref:FR:RTE_nom":"VAUJANY","source":"data.gouv.fr:RTE - 04/2017","substation":"generation","voltage":"15500;400000","osm":"way/147132694"}},{"type":"Feature","geometry":{"type":"Point","coordinates":[2.58367,44.69535]},"properties":{"name":"Poste électrique de Couesque","operator":"RTE","power":"substation","ref:FR:RTE":"COUES","ref:FR:RTE_nom":"COUESQUE","source":"data.gouv.fr:RTE - 04/2017","voltage":"225000","osm":"way/147174221"}},{"type":"Feature","geometry":{"type":"Point","coordinates":[2.58186,44.69535]},"properties":{"name":"Poste électrique de Couesque","operator":"RTE","power":"substation","ref:FR:RTE":"COUES","ref:FR:RTE_nom":"COUESQUE","source":"data.gouv.fr:RTE - 04/2017","voltage":"225000","osm":"way/147174222"}},{"type":"Feature","geometry":{"type":"Point","coordinates":[2.22755,44.54069]},"properties":{"barrier":"fence","location":"outdoor","name":"Poste électrique de Godin","operator":"RTE","operator:wikidata":"Q2178795","power":"substation","ref:FR:RTE":"GODIN","ref:FR:RTE_nom":"GODIN","substation":"transmission","voltage":"225000;63000","osm":"way/147174230"}},{"type":"Feature","geometry":{"type":"Point","coordinates":[2.58348,44.6619]},"properties":{"barrier":"fence","location":"outdoor","name":"Poste électrique de Lardit","operator":"RTE","power":"substation","ref:FR:RTE":"LARDI","ref:FR:RTE_nom":"LARDIT","substation":"transmission","voltage":"225000;63000","osm":"way/147174236"}},{"type":"Feature","geometry":{"type":"Point","coordinates":[5.85785,44.83368]},"properties":{"barrier":"fence","location":"outdoor","name":"Poste électrique de Cordéac","operator":"RTE","operator:wikidata":"Q2178795","power":"substation","ref:FR:RTE":"CORDE","ref:FR:RTE_nom":"CORDEAC","substation":"transmission","voltage":"225000","osm":"way/147394007"}},{"type":"Feature","geometry":{"type":"Point","coordinates":[5.90856,44.81632]},"properties":{"barrier":"wall","location":"outdoor","name":"Poste électrique du Sautet","operator":"RTE","operator:wikidata":"Q2178795","power":"substation","ref:FR:RTE":"SAUTE","ref:FR:RTE_nom":"SAUTET (LE)","substation":"transmission","voltage":"225000","osm":"way/147394010"}},{"type":"Feature","geometry":{"type":"Point","coordinates":[6.06957,45.00305]},"properties":{"barrier":"fence","location":"outdoor","name":"Poste électrique de Pont-Escoffier","operator":"RTE","operator:wikidata":"Q2178795","power":"substation","ref:FR:RTE":"P.ESC","ref:FR:RTE_nom":"PONT-ESCOFFIER","source":"data.gouv.fr:RTE - 04/2017","substation":"transmission","voltage":"225000","osm":"way/147394014"}},{"type":"Feature","geometry":{"type":"Point","coordinates":[6.47887,46.33034]},"properties":{"barrier":"fence","location":"outdoor","name":"Poste électrique d’Allinges","operator":"RTE","operator:wikidata":"Q2178795","power":"substation","ref:FR:RTE":"ALLIN","ref:FR:RTE_nom":"ALLINGES","source":"data.gouv.fr:RTE - 04/2017","substation":"transmission","voltage":"225000;63000","osm":"way/147580954"}},{"type":"Feature","geometry":{"type":"Point","coordinates":[6.09809,46.04079]},"properties":{"barrier":"fence","location":"outdoor","name":"Poste électrique de Cruseilles","operator":"Enedis","operator:wikidata":"Q3587594","power":"substation","ref:FR:RTE":"CRUSE","ref:FR:RTE_nom":"CRUSEILLES","substation":"distribution","voltage":"225000;20000","osm":"way/147580961"}},{"type":"Feature","geometry":{"type":"Point","coordinates":[6.48835,45.51584]},"properties":{"barrier":"wall","location":"outdoor","name":"Poste électrique de Grand-Coeur","operator":"RTE","operator:wikidata":"Q2178795","power":"substation","ref:FR:RTE":"G.COE","ref:FR:RTE_nom":"G.COE","substation":"transmission","voltage":"63000;225000","osm":"way/147580968"}},{"type":"Feature","geometry":{"type":"Point","coordinates":[6.9246,45.50427]},"properties":{"barrier":"fence","location":"outdoor","name":"Poste électrique des Brévières","operator":"RTE","operator:wikidata":"Q2178795","power":"substation","ref:FR:RTE":"BREVI","ref:FR:RTE_nom":"BREVIERES (LES)","source":"data.gouv.fr:RTE - 04/2017","substation":"transmission","voltage":"225000;63000","osm":"way/147580976"}},{"type":"Feature","geometry":{"type":"Point","coordinates":[6.56075,46.07983]},"properties":{"barrier":"fence","name":"Poste électrique de Pressy","operator":"RTE","operator:wikidata":"Q2178795","power":"substation","ref:FR:RTE":"PRESS","ref:FR:RTE_nom":"PRESSY","source":"data.gouv.fr:RTE - 04/2017","substation":"transmission","voltage":"225000;63000","osm":"way/147580985"}},{"type":"Feature","geometry":{"type":"Point","coordinates":[5.84181,45.88729]},"properties":{"barrier":"wall","location":"outdoor","name":"Poste électrique de Serrières","operator":"RTE","operator:wikidata":"Q2178795","power":"substation","ref:FR:RTE":"SERRI","ref:FR:RTE_nom":"SERRIERES","source":"data.gouv.fr:RTE - 04/2017","substation":"transmission","voltage":"225000","osm":"way/147580994"}},{"type":"Feature","geometry":{"type":"Point","coordinates":[6.22357,44.66225]},"properties":{"barrier":"wall","operator":"Enedis","operator:wikidata":"Q3587594","power":"substation","ref:FR:RTE":"P.FOS","ref:FR:RTE_nom":"PONT DU FOSSE","source":"data.gouv.fr:RTE - 04/2017","substation":"distribution","voltage":"63000","osm":"way/148483665"}},{"type":"Feature","geometry":{"type":"Point","coordinates":[6.50571,44.5646]},"properties":{"barrier":"wall","name":"Embrun","operator":"Enedis","operator:wikidata":"Q3587594","power":"substation","ref:FR:RTE":"EMBRU","ref:FR:RTE_nom":"EMBRUN","source":"data.gouv.fr:RTE - 04/2017","substation":"distribution","voltage":"63000","osm":"way/148586244"}},{"type":"Feature","geometry":{"type":"Point","coordinates":[6.61628,44.86607]},"properties":{"barrier":"fence","location":"outdoor","name":"Poste électrique de Briançon","operator":"RTE","operator:wikidata":"Q2178795","power":"substation","ref:FR:RTE":"BRIAN","ref:FR:RTE_nom":"BRIANCON","ref:RTE:codnat":"BRIAN","source":"data.gouv.fr:RTE - 04/2017","substation":"transmission","voltage":"63000;20000","osm":"way/148605353"}},{"type":"Feature","geometry":{"type":"Point","coordinates":[6.61571,44.65782]},"properties":{"barrier":"fence","operator":"RTE","operator:wikidata":"Q2178795","power":"substation","ref:FR:RTE":"MTDAU","ref:FR:RTE_nom":"MONTDAUPHIN","source":"data.gouv.fr:RTE - 04/2017","substation":"transmission","voltage":"63000","osm":"way/148605355"}},{"type":"Feature","geometry":{"type":"Point","coordinates":[6.68618,44.58567]},"properties":{"operator":"RTE","operator:wikidata":"Q2178795","power":"substation","ref:FR:RTE":"VARS","ref:FR:RTE_nom":"VARS","source":"data.gouv.fr:RTE - 04/2017","voltage":"63000","osm":"way/148660463"}},{"type":"Feature","geometry":{"type":"Point","coordinates":[6.54439,44.95581]},"properties":{"barrier":"fence","location":"outdoor","name":"Poste électrique de Serre-Barbin","operator":"RTE","operator:wikidata":"Q2178795","power":"substation","ref:FR:RTE":"S.BAR","ref:FR:RTE_nom":"SERRE-BARBIN","ref:RTE:codnat":"S.BAR","source":"data.gouv.fr:RTE - 04/2017","substation":"transmission","voltage":"63000;20000","osm":"way/148661113"}},{"type":"Feature","geometry":{"type":"Point","coordinates":[6.55962,44.79105]},"properties":{"barrier":"fence","location":"outdoor","name":"Poste électrique de L'Argentière la Bessée","operator":"RTE","operator:wikidata":"Q2178795","power":"substation","ref:FR:RTE":"ARGEN","ref:FR:RTE_nom":"ARGENTIERE (L)","ref:RTE:codnat":"ARGEN","source":"data.gouv.fr:RTE - 04/2017","substation":"transmission","voltage":"225000;63000;150000","osm":"way/148673138"}},{"type":"Feature","geometry":{"type":"Point","coordinates":[5.78359,44.91388]},"properties":{"landuse":"industrial","operator":"RTE","operator:wikidata":"Q2178795","operator:wikipedia":"fr:RTE (entreprise)","power":"substation","ref:FR:RTE":"MURE5","ref:FR:RTE_nom":"MURE (LA)","source":"bdorthoign2017","voltage":"63000","osm":"way/148685009"}},{"type":"Feature","geometry":{"type":"Point","coordinates":[5.80899,44.5305]},"properties":{"operator":"Enedis","operator:wikidata":"Q3587594","power":"substation","ref:FR:RTE":"VEYNE","ref:FR:RTE_nom":"VEYNES","source":"data.gouv.fr:RTE - 04/2017","substation":"distribution","voltage":"63000","osm":"way/149116503"}},{"type":"Feature","geometry":{"type":"Point","coordinates":[3.27868,44.79509]},"properties":{"barrier":"wall","operator":"Enedis","power":"substation","ref:FR:RTE":"SSAPC","ref:FR:RTE_nom":"ST-CHELY-D'APCHER","source":"data.gouv.fr:RTE - 04/2017","substation":"distribution","voltage":"63000","osm":"way/149365214"}},{"type":"Feature","geometry":{"type":"Point","coordinates":[3.27338,44.79675]},"properties":{"barrier":"wall","operator":"RTE","power":"substation","ref:FR:RTE":"SSAP5","ref:FR:RTE_nom":"ST-CHELY-D'APCHER","source":"data.gouv.fr:RTE - 04/2017","substation":"industrial","voltage":"63000","osm":"way/149365215"}},{"type":"Feature","geometry":{"type":"Point","coordinates":[6.28035,46.18012]},"properties":{"barrier":"fence","location":"outdoor","name":"Poste électrique de Borly","operator":"RTE","operator:wikidata":"Q2178795","power":"substation","ref:FR:RTE":"BORLY","ref:FR:RTE_nom":"BORLY","source":"data.gouv.fr:RTE - 04/2017","substation":"distribution","voltage":"63000","osm":"way/154069272"}},{"type":"Feature","geometry":{"type":"Point","coordinates":[4.83769,46.32487]},"properties":{"barrier":"fence","location":"outdoor","name":"Flacé","operator":"RTE","operator:wikidata":"Q2178795","power":"substation","ref:FR:RTE":"FLACE","ref:FR:RTE_nom":"FLACE","source":"data.gouv.fr:RTE - 04/2017","substation":"transmission","voltage":"63000","osm":"way/156491083"}},{"type":"Feature","geometry":{"type":"Point","coordinates":[4.7732,46.28816]},"properties":{"barrier":"wall","location":"outdoor","name":"Poste électrique de Mâcon","operator":"RTE","operator:wikidata":"Q2178795","power":"substation","ref:FR:RTE":"MACON","ref:FR:RTE_nom":"MACON","source":"data.gouv.fr:RTE - 04/2017","substation":"transmission","voltage":"225000;63000","osm":"way/156953619"}},{"type":"Feature","geometry":{"type":"Point","coordinates":[4.79125,46.26107]},"properties":{"operator":"RTE","operator:wikidata":"Q2178795","power":"substation","ref:FR:RTE":"CRECH","ref:FR:RTE_nom":"CRECHES","source":"data.gouv.fr:RTE - 04/2017","voltage":"63000","osm":"way/156953627"}},{"type":"Feature","geometry":{"type":"Point","coordinates":[4.7159,46.04949]},"properties":{"location":"outdoor","operator":"SNCF Réseau","operator:wikidata":"Q21605526","owner":"SNCF Réseau","power":"substation","ref:FR:RTE":"SSGE5","ref:FR:RTE_nom":"ST-GEORGES","ref:FR:SNCF_Reseau:GAIA":"1441354c-6668-11e3-8cff-01f464e0362d","source":"data.gouv.fr:RTE - 04/2017","substation":"traction","voltage":"63000","osm":"way/157080639"}},{"type":"Feature","geometry":{"type":"Point","coordinates":[4.73027,46.12025]},"properties":{"operator":"SNCF Réseau","operator:wikidata":"Q21605526","power":"substation","ref:FR:RTE":"BVILL","ref:FR:RTE_nom":"BELLEVILLE","source":"data.gouv.fr:RTE - 04/2017","substation":"traction","voltage":"63000","osm":"way/157080640"}},{"type":"Feature","geometry":{"type":"Point","coordinates":[4.72977,46.11987]},"properties":{"operator":"RTE","operator:wikidata":"Q2178795","power":"substation","ref:FR:RTE":"SSARD","ref:FR:RTE_nom":"ST-JEAN D ARDIERES","source":"data.gouv.fr:RTE - 04/2017","voltage":"63000","osm":"way/157080641"}},{"type":"Feature","geometry":{"type":"Point","coordinates":[4.7197,46.05095]},"properties":{"operator":"RTE","operator:wikidata":"Q2178795","power":"substation","ref:FR:RTE":"PATUR","ref:FR:RTE_nom":"PATURAL","source":"data.gouv.fr:RTE - 04/2017","voltage":"63000","osm":"way/157080642"}},{"type":"Feature","geometry":{"type":"Point","coordinates":[4.75674,46.19407]},"properties":{"operator":"SNCF Réseau","operator:wikidata":"Q2178795","power":"substation","ref:FR:RTE":"ROMAN","ref:FR:RTE_nom":"ROMANECHE","source":"data.gouv.fr:RTE - 04/2017","substation":"traction","voltage":"63000","osm":"way/157080643"}},{"type":"Feature","geometry":{"type":"Point","coordinates":[4.87173,46.39484]},"properties":{"barrier":"fence","location":"outdoor","name":"Senozan (SNCF)","operator":"SNCF Réseau","operator:wikidata":"Q21605526","power":"substation","ref:FR:RTE":"SENOZ","ref:FR:RTE_nom":"SENOZAN","ref:FR:SNCF_Reseau:GAIA":"1441abca-6668-11e3-8cff-01f464e0362d","source":"data.gouv.fr:RTE - 04/2017","substation":"traction","voltage":"63000;1500","osm":"way/157086760"}},{"type":"Feature","geometry":{"type":"Point","coordinates":[4.89091,46.46268]},"properties":{"barrier":"fence","location":"indoor","name":"Fleurville (SNCF)","operator":"SNCF Réseau","operator:wikidata":"Q21605526","power":"substation","ref:FR:RTE":"FLEUR","ref:FR:RTE_nom":"FLEURVILLE","ref:FR:SNCF_Reseau:GAIA":"1442edbc-6668-11e3-8cff-01f464e0362d","source":"data.gouv.fr:RTE - 04/2017","substation":"traction","voltage":"63000;1500","osm":"way/157086761"}},{"type":"Feature","geometry":{"type":"Point","coordinates":[4.93481,46.52136]},"properties":{"barrier":"fence","location":"outdoor","name":"Le Villars (SNCF)","operator":"SNCF Réseau","operator:wikidata":"Q21605526","owner":"SNCF Réseau","power":"substation","ref:FR:RTE":"VLARS","ref:FR:RTE_nom":"VILLARS (LE)","source":"data.gouv.fr:RTE - 04/2017","substation":"traction","voltage":"63000","osm":"way/157086762"}},{"type":"Feature","geometry":{"type":"Point","coordinates":[4.497,46.02953]},"properties":{"barrier":"wall","location":"outdoor","operator":"RTE","operator:wikidata":"Q2178795","power":"substation","ref:FR:RTE":"ALLIE","ref:FR:RTE_nom":"ALLIERES","source":"data.gouv.fr:RTE - 04/2017","substation":"transmission","voltage":"63000","osm":"way/157094873"}},{"type":"Feature","geometry":{"type":"Point","coordinates":[4.29155,46.09649]},"properties":{"location":"outdoor","operator":"RTE","operator:wikidata":"Q2178795","power":"substation","ref:FR:RTE":"COURS","ref:FR:RTE_nom":"COURS","source":"data.gouv.fr:RTE - 04/2017","source:geometry":"Ortho HR IGN 2022","substation":"transmission","voltage":"63000;20000","osm":"way/157096336"}},{"type":"Feature","geometry":{"type":"Point","coordinates":[4.28851,46.03578]},"properties":{"barrier":"fence","operator":"Enedis","operator:wikidata":"Q3587594","power":"substation","ref:FR:RTE":"B.THI","ref:FR:RTE_nom":"BOURG-DE-THIZY","source":"data.gouv.fr:RTE - 04/2017","substation":"distribution","voltage":"63000;20000","osm":"way/157097200"}},{"type":"Feature","geometry":{"type":"Point","coordinates":[4.16323,46.15567]},"properties":{"name":"Poste électrique de Charlieu","operator":"RTE","operator:wikidata":"Q2178795","power":"substation","ref:FR:RTE":"CHARL","ref:FR:RTE_nom":"CHARLIEU","source":"data.gouv.fr:RTE - 04/2017","voltage":"63000","osm":"way/157100011"}},{"type":"Feature","geometry":{"type":"Point","coordinates":[3.74491,46.62701]},"properties":{"barrier":"wall","location":"outdoor","operator":"RTE","operator:wikidata":"Q2178795","power":"substation","ref:FR:RTE":"B.LAN","ref:FR:RTE_nom":"BOURBON-LANCY","source":"data.gouv.fr:RTE - 04/2017","substation":"industrial","voltage":"63000","osm":"way/157211478"}},{"type":"Feature","geometry":{"type":"Point","coordinates":[4.06785,46.60379]},"properties":{"name":"Gueugnon","operator":"RTE","operator:wikidata":"Q2178795","power":"substation","ref:FR:RTE":"GUEU5","ref:FR:RTE_nom":"GUEUGNON","source":"data.gouv.fr:RTE - 04/2017","voltage":"63000","osm":"way/157211479"}},{"type":"Feature","geometry":{"type":"Point","coordinates":[3.73853,46.62197]},"properties":{"barrier":"wall","location":"outdoor","operator":"RTE","operator:wikidata":"Q2178795","power":"substation","ref:FR:RTE":"SORNA","ref:FR:RTE_nom":"SORNAT","source":"data.gouv.fr:RTE - 04/2017","substation":"transmission","voltage":"63000;20000","osm":"way/157211480"}},{"type":"Feature","geometry":{"type":"Point","coordinates":[4.27237,46.44426]},"properties":{"barrier":"wall","location":"outdoor","name":"Charolles","operator":"Enedis","operator:wikidata":"Q3587594","power":"substation","ref:FR:RTE":"CHARO","ref:FR:RTE_nom":"CHAROLLES","source":"data.gouv.fr:RTE - 04/2017","substation":"distribution","voltage":"63000;20000","osm":"way/157214344"}},{"type":"Feature","geometry":{"type":"Point","coordinates":[4.00386,46.4899]},"properties":{"barrier":"wall","location":"outdoor","operator":"RTE","operator:wikidata":"Q2178795","power":"substation","ref:FR:RTE":"DIGOI","ref:FR:RTE_nom":"DIGOIN","source":"data.gouv.fr:RTE - 04/2017","substation":"distribution","voltage":"63000;20000","osm":"way/157214349"}},{"type":"Feature","geometry":{"type":"Point","coordinates":[4.10751,46.46055]},"properties":{"barrier":"wall","name":"Paray-le-Monial","operator":"RTE","operator:wikidata":"Q2178795","power":"substation","ref:FR:RTE":"P.MON","ref:FR:RTE_nom":"PARAY-LE-MONIAL","source":"data.gouv.fr:RTE - 04/2017","substation":"transmission","voltage":"63000","osm":"way/157214350"}},{"type":"Feature","geometry":{"type":"Point","coordinates":[4.2996,46.29664]},"properties":{"barrier":"fence","location":"outdoor","name":"La Clayette","operator":"RTE","operator:wikidata":"Q2178795","power":"substation","ref:FR:RTE":"CLAYE","ref:FR:RTE_nom":"CLAYETTE (LA)","source":"data.gouv.fr:RTE - 04/2017","substation":"distribution","voltage":"63000;20000","osm":"way/157220991"}},{"type":"Feature","geometry":{"type":"Point","coordinates":[4.50473,46.9775]},"properties":{"barrier":"fence","name":"Épinac","operator":"RTE","operator:wikidata":"Q2178795","power":"substation","ref:FR:RTE":"EPINA","ref:FR:RTE_nom":"EPINAC","source":"data.gouv.fr:RTE - 04/2017","voltage":"63000","osm":"way/157260776"}},{"type":"Feature","geometry":{"type":"Point","coordinates":[3.4238,46.25187]},"properties":{"barrier":"fence","operator":"RTE","operator:wikidata":"Q2178795","power":"substation","ref:FR:RTE":"CREC5","ref:FR:RTE_nom":"CRECHY","source":"data.gouv.fr:RTE - 04/2017","substation":"industrial","voltage":"63000","osm":"way/157388678"}},{"type":"Feature","geometry":{"type":"Point","coordinates":[4.24729,45.63882]},"properties":{"operator":"RTE","power":"substation","ref:FR:RTE":"MTRON","ref:FR:RTE_nom":"MONTROND","source":"data.gouv.fr:RTE - 04/2017","voltage":"63000","osm":"way/157391508"}},{"type":"Feature","geometry":{"type":"Point","coordinates":[4.04565,46.27147]},"properties":{"barrier":"fence","location":"outdoor","name":"Marcigny","operator":"RTE","power":"substation","ref:FR:RTE":"MARCI","ref:FR:RTE_nom":"MARCIGNY","source":"data.gouv.fr:RTE - 04/2017","substation":"distribution","voltage":"63000;20000","osm":"way/157502530"}},{"type":"Feature","geometry":{"type":"Point","coordinates":[4.44979,46.79037]},"properties":{"operator":"RTE","operator:wikidata":"Q2178795","power":"substation","ref:FR:RTE":"BREU5","ref:FR:RTE_nom":"BREUIL","source":"data.gouv.fr:RTE - 04/2017","substation":"industrial","voltage":"150000","osm":"way/157504230"}},{"type":"Feature","geometry":{"type":"Point","coordinates":[4.45025,46.78867]},"properties":{"barrier":"fence","name":"Breuil","operator":"RTE","operator:wikidata":"Q2178795","power":"substation","ref:FR:RTE":"BREU5","ref:FR:RTE_nom":"BREUIL","source":"data.gouv.fr:RTE - 04/2017","substation":"transmission","voltage":"225000","osm":"way/157504231"}},{"type":"Feature","geometry":{"type":"Point","coordinates":[6.16313,46.87193]},"properties":{"barrier":"fence","location":"outdoor","name":"Poste électrique de Frasne","operator":"RTE","operator:wikidata":"Q2178795","power":"substation","ref:FR:RTE":"FRASN","ref:FR:RTE_nom":"FRASNE","source":"cadastre-dgi-fr source : Direction Générale des Impôts - Cadastre ; mise à jour : 2012","start_date":"2012-10","substation":"transmission","voltage":"400000;225000;63000","osm":"way/159167277"}},{"type":"Feature","geometry":{"type":"Point","coordinates":[3.85077,46.90715]},"properties":{"operator":"RTE","power":"substation","ref:FR:RTE":"SSHON","ref:FR:RTE_nom":"ST-HONORE","source":"data.gouv.fr:RTE - 04/2017","voltage":"63000","osm":"way/160313672"}},{"type":"Feature","geometry":{"type":"Point","coordinates":[6.27091,45.24049]},"properties":{"building":"yes","location":"indoor","operator":"RTE","operator:wikidata":"Q2178795","power":"substation","ref:FR:RTE":"CORB8","ref:FR:RTE_nom":"CORBIER (LE)","source":"data.gouv.fr:RTE - 04/2017","substation":"distribution","voltage":"63000;45000","osm":"way/165048669"}},{"type":"Feature","geometry":{"type":"Point","coordinates":[2.84666,46.95748]},"properties":{"barrier":"fence","location":"outdoor","name":"Poste Électrique Nérondes","operator":"RTE","power":"substation","ref:FR:RTE":"NERON","ref:FR:RTE_nom":"NERONDES","substation":"transmission","voltage":"90000;63000;20000","osm":"way/166345245"}},{"type":"Feature","geometry":{"type":"Point","coordinates":[3.00346,47.08544]},"properties":{"location":"outdoor","operator":"RTE","power":"substation","ref:FR:RTE":"BEFFE","ref:FR:RTE_nom":"BEFFES","source":"data.gouv.fr:RTE - 04/2017","substation":"transmission","voltage":"63000","osm":"way/166475474"}},{"type":"Feature","geometry":{"type":"Point","coordinates":[3.25611,46.93391]},"properties":{"barrier":"fence","operator:type":"private","power":"substation","ref:FR:RTE":"IMPHY","ref:FR:RTE_nom":"IMPHY","source":"data.gouv.fr:RTE - 04/2017","substation":"industrial","voltage":"63000","osm":"way/166482502"}},{"type":"Feature","geometry":{"type":"Point","coordinates":[3.265,46.9325]},"properties":{"barrier":"fence","operator:type":"private","power":"substation","ref:FR:RTE":"CHAZE","ref:FR:RTE_nom":"CHAZEAU","source":"data.gouv.fr:RTE - 04/2017","substation":"industrial","voltage":"63000","osm":"way/166482504"}},{"type":"Feature","geometry":{"type":"Point","coordinates":[4.73012,45.98726]},"properties":{"barrier":"wall","operator":"Enedis","operator:wikidata":"Q3587594","power":"substation","ref:FR:RTE":"AMPE5","ref:FR:RTE_nom":"AMPERE","source":"data.gouv.fr:RTE - 04/2017","substation":"distribution","voltage":"63000","osm":"way/166613641"}},{"type":"Feature","geometry":{"type":"Point","coordinates":[8.88924,45.86731]},"properties":{"name":"Arcisate","operator":"e-distribuzione S.p.A.","operator:wikidata":"Q3725215","operator:wikipedia":"it:E-distribuzione","power":"substation","ref:terna":"MMILARSM","substation":"distribution","voltage":"150000","osm":"way/167171330"}},{"type":"Feature","geometry":{"type":"Point","coordinates":[6.54859,45.20611]},"properties":{"barrier":"fence","location":"outdoor","name":"Sous-station de la Bronsonnière","operator":"SNCF Réseau","operator:wikidata":"Q21605526","power":"substation","ref:FR:RTE":"BRONS","ref:FR:RTE_nom":"BRONSONNIERE (LA)","ref:FR:SNCF_Reseau:GAIA":"1443ef58-6668-11e3-8cff-01f464e0362d","substation":"traction","voltage":"63000;1500","osm":"way/167632366"}},{"type":"Feature","geometry":{"type":"Point","coordinates":[6.5785,45.20468]},"properties":{"barrier":"fence","name":"Orelle","operator":"Électricité de France","operator:short":"EDF","operator:wikidata":"Q274591","power":"substation","ref:FR:RTE":"ORELL","ref:FR:RTE_nom":"ORELLE","source":"data.gouv.fr:RTE - 04/2017","substation":"generation","voltage":"225000","osm":"way/167632373"}},{"type":"Feature","geometry":{"type":"Point","coordinates":[6.66864,45.19499]},"properties":{"barrier":"fence","name":"P.C. Terre Froide","operator":"SNCF Réseau","operator:wikidata":"Q21605526","power":"substation","ref:FR:RTE":"T.FRO","ref:FR:RTE_nom":"TERRES-FROIDES","substation":"traction","voltage":"63000","osm":"way/167638874"}},{"type":"Feature","geometry":{"type":"Point","coordinates":[6.30569,46.29568]},"properties":{"barrier":"fence","location":"outdoor","operator":"RTE","operator:wikidata":"Q2178795","power":"substation","ref:FR:RTE":"DOUVA","ref:FR:RTE_nom":"DOUVAINE","source":"data.gouv.fr:RTE - 04/2017","substation":"distribution","voltage":"63000;20000","osm":"way/167992851"}},{"type":"Feature","geometry":{"type":"Point","coordinates":[4.8858,45.8122]},"properties":{"operator":"RTE","operator:wikidata":"Q2178795","power":"substation","ref:FR:RTE":"RILLI","ref:FR:RTE_nom":"RILLIEUX","source":"data.gouv.fr:RTE - 04/2017","voltage":"63000","osm":"way/168055937"}},{"type":"Feature","geometry":{"type":"Point","coordinates":[4.10758,44.78165]},"properties":{"barrier":"fence","location":"outdoor","name":"Poste électrique de La Palisse","operator":"Enedis","operator:wikidata":"Q3587594","power":"substation","ref:FR:RTE":"PALIS","ref:FR:RTE_nom":"PALISSE","substation":"distribution","voltage":"63000;20000","osm":"way/170061439"}},{"type":"Feature","geometry":{"type":"Point","coordinates":[2.06424,47.41843]},"properties":{"barrier":"fence","operator":"RTE","power":"substation","ref:FR:RTE":"CHAI5","ref:FR:RTE_nom":"CHAINEAU (LA)","source":"data.gouv.fr:RTE - 04/2017","substation":"transmission","voltage":"90000","osm":"way/170212231"}},{"type":"Feature","geometry":{"type":"Point","coordinates":[4.59768,44.81632]},"properties":{"operator":"RTE","power":"substation","ref:FR:RTE":"SSSA5","ref:FR:RTE_nom":"ST-SAUVEUR","source":"data.gouv.fr:RTE - 04/2017","voltage":"63000","osm":"way/171855077"}},{"type":"Feature","geometry":{"type":"Point","coordinates":[6.10007,45.43029]},"properties":{"barrier":"fence","name":"Poste électrique de La Chapelle du Bard","operator":"RTE","operator:wikidata":"Q2178795","power":"substation","ref:FR:RTE":"C.BAR","ref:FR:RTE_nom":"CHAPELLE DU BARD (LA)","source":"data.gouv.fr:RTE - 04/2017","substation":"transmission","voltage":"63000;20000","osm":"way/173653835"}},{"type":"Feature","geometry":{"type":"Point","coordinates":[5.35609,44.76149]},"properties":{"operator":"RTE","operator:wikidata":"Q2178795","power":"substation","ref:FR:RTE":"DIE","ref:FR:RTE_nom":"DIE","source":"data.gouv.fr:RTE - 04/2017","voltage":"63000","osm":"way/173989045"}},{"type":"Feature","geometry":{"type":"Point","coordinates":[6.02651,46.19086]},"properties":{"frequency":"50","name":"Poste électrique de Verbois","operator":"Swissgrid","operator:wikidata":"Q2373251","power":"substation","ref:FR:RTE":".VERB","source":"Orthophotos du SITG (Système d'Information du Territoire Genevois)","substation":"transmission","voltage":"380000;220000;150000","osm":"way/177392130"}},{"type":"Feature","geometry":{"type":"Point","coordinates":[6.04246,45.47073]},"properties":{"barrier":"fence","location":"outdoor","operator":"RTE","operator:wikidata":"Q2178795","power":"substation","ref:FR:RTE":"SSLAC","ref:FR:RTE_nom":"STE-HELENE-DU-LAC","source":"data.gouv.fr:RTE - 04/2017","substation":"distribution","voltage":"63000;20000","osm":"way/178068583"}},{"type":"Feature","geometry":{"type":"Point","coordinates":[4.68693,47.32638]},"properties":{"barrier":"wall","location":"outdoor","name":"Poste électrique de Vielmoulin","operator":"RTE","operator:wikidata":"Q2178795","power":"substation","ref:FR:RTE":"VIELM","ref:FR:RTE_nom":"VIELMOULIN","source":"data.gouv.fr:RTE - 04/2017","substation":"transmission","voltage":"400000;225000;63000;20000","osm":"way/179260933"}},{"type":"Feature","geometry":{"type":"Point","coordinates":[5.34319,45.05855]},"properties":{"barrier":"fence","operator":"RTE","operator:wikidata":"Q2178795","power":"substation","ref:FR:RTE":"P.ROY","ref:FR:RTE_nom":"PONT-EN-ROYANS","source":"data.gouv.fr:RTE - 04/2017","substation":"transmission","voltage":"63000","osm":"way/180929253"}},{"type":"Feature","geometry":{"type":"Point","coordinates":[5.30021,45.04355]},"properties":{"barrier":"fence","operator":"RTE","operator:wikidata":"Q2178795","power":"substation","ref:FR:RTE":"SSROY","ref:FR:RTE_nom":"ST-THOMAS-EN-ROYANS","source":"data.gouv.fr:RTE - 04/2017","substation":"transmission","voltage":"63000","osm":"way/180929255"}},{"type":"Feature","geometry":{"type":"Point","coordinates":[5.48817,45.08068]},"properties":{"operator":"RTE","operator:wikidata":"Q2178795","power":"substation","ref:FR:RTE":"BZNE","ref:FR:RTE_nom":"LA BOURNE","source":"data.gouv.fr:RTE - 04/2017","substation":"generation","voltage":"63000","osm":"way/180929256"}},{"type":"Feature","geometry":{"type":"Point","coordinates":[5.3963,45.20793]},"properties":{"operator":"RTE","operator:wikidata":"Q2178795","power":"substation","ref:FR:RTE":"VINAY","ref:FR:RTE_nom":"VINAY","source":"data.gouv.fr:RTE - 04/2017","voltage":"63000","osm":"way/180929258"}},{"type":"Feature","geometry":{"type":"Point","coordinates":[5.22497,45.07669]},"properties":{"barrier":"fence","operator":"RTE","operator:wikidata":"Q2178795","power":"substation","ref:FR:RTE":"SSHIL","ref:FR:RTE_nom":"ST-HILAIRE","source":"data.gouv.fr:RTE - 04/2017","substation":"transmission","voltage":"63000","osm":"way/180929259"}},{"type":"Feature","geometry":{"type":"Point","coordinates":[5.74408,45.44327]},"properties":{"barrier":"fence","location":"outdoor","operator":"RTE","operator:wikidata":"Q2178795","power":"substation","ref:FR:RTE":"ECHEL","ref:FR:RTE_nom":"ECHELLES (LES)","source":"data.gouv.fr:RTE - 04/2017","substation":"distribution","voltage":"63000","osm":"way/180930966"}},{"type":"Feature","geometry":{"type":"Point","coordinates":[6.07488,45.27979]},"properties":{"barrier":"fence","location":"outdoor","operator":"RTE","operator:wikidata":"Q2178795","operator:wikipedia":"fr:RTE (entreprise)","power":"substation","ref:FR:RTE":"F.FRA","ref:FR:RTE_nom":"FOND-DE-FRANCE","source":"data.gouv.fr:RTE - 04/2017","substation":"transmission","voltage":"63000","osm":"way/180955892"}},{"type":"Feature","geometry":{"type":"Point","coordinates":[5.05518,44.52073]},"properties":{"operator":"RTE","operator:wikidata":"Q2178795","operator:wikipedia":"fr:RTE (entreprise)","power":"substation","ref:FR:RTE":"DIEUL","ref:FR:RTE_nom":"DIEULEFIT","source":"data.gouv.fr:RTE - 04/2017","voltage":"63000","osm":"way/181093898"}},{"type":"Feature","geometry":{"type":"Point","coordinates":[6.07867,45.03104]},"properties":{"barrier":"fence","name":"Poste électrique de Saint-Guillerme","operator":"RTE","operator:wikidata":"Q2178795","power":"substation","ref:FR:RTE":"SSGUI","ref:FR:RTE_nom":"ST-GUILLERME","source":"data.gouv.fr:RTE - 04/2017","substation":"transmission","voltage":"225000;63000;20000","osm":"way/181412906"}},{"type":"Feature","geometry":{"type":"Point","coordinates":[6.39231,46.06794]},"properties":{"barrier":"fence","location":"outdoor","operator":"RTE","operator:wikidata":"Q2178795","power":"substation","ref:FR:RTE":"BONN8","ref:FR:RTE_nom":"BONNEVILLE","source":"data.gouv.fr:RTE - 04/2017","substation":"distribution","voltage":"63000;20000","osm":"way/181709802"}},{"type":"Feature","geometry":{"type":"Point","coordinates":[6.53443,45.32366]},"properties":{"building":"industrial","location":"indoor","operator":"Enedis","operator:wikidata":"Q3587594","power":"substation","ref:FR:RTE":"MENUI","ref:FR:RTE_nom":"MENUIRES (LES)","source":"cadastre-dgi-fr source : Direction Générale des Impôts - Cadastre. Mise à jour : 2012","substation":"distribution","utility":"power","voltage":"63000;20000","osm":"way/181944019"}},{"type":"Feature","geometry":{"type":"Point","coordinates":[6.72505,45.91598]},"properties":{"barrier":"fence","location":"outdoor","name":"Poste électrique de Passy","operator":"RTE","operator:wikidata":"Q2178795","power":"substation","ref:FR:RTE":"PASSY","ref:FR:RTE_nom":"PASSY","source":"data.gouv.fr:RTE - 04/2017","substation":"transmission","voltage":"225000","osm":"way/182816228"}},{"type":"Feature","geometry":{"type":"Point","coordinates":[6.40992,45.24635]},"properties":{"barrier":"fence","location":"outdoor","operator":"RTE","operator:wikidata":"Q2178795","power":"substation","ref:FR:RTE":"BOCHE","ref:FR:RTE_nom":"BOCHET (LE)","source":"data.gouv.fr:RTE - 04/2017","substation":"industrial","voltage":"63000;45000","osm":"way/182933434"}},{"type":"Feature","geometry":{"type":"Point","coordinates":[6.8086,44.76002]},"properties":{"operator":"RTE","operator:wikidata":"Q2178795","power":"substation","ref:FR:RTE":"C.QUE","ref:FR:RTE_nom":"CHATEAU-QUEYRAS","source":"data.gouv.fr:RTE - 04/2017","voltage":"63000","osm":"way/182935383"}},{"type":"Feature","geometry":{"type":"Point","coordinates":[9.91479,45.54253]},"properties":{"name":"Chiari CP","operator":"Enel Distribuzione","operator:wikidata":"Q3725215","power":"substation","ref:terna":"MMILCHEM","substation":"distribution","voltage":"150000","osm":"way/182939803"}},{"type":"Feature","geometry":{"type":"Point","coordinates":[6.03919,45.50449]},"properties":{"barrier":"fence","operator":"RTE","operator:wikidata":"Q2178795","power":"substation","ref:FR:RTE":"MTMEL","ref:FR:RTE_nom":"MONTMELIAN","source":"data.gouv.fr:RTE - 04/2017","voltage":"63000","osm":"way/182973809"}},{"type":"Feature","geometry":{"type":"Point","coordinates":[6.55427,45.49399]},"properties":{"barrier":"fence","location":"outdoor","name":"Poste électrique de Contamine","operator":"RTE","operator:wikidata":"Q2178795","power":"substation","ref:FR:RTE":"CONTA","ref:FR:RTE_nom":"CONTAMINE","substation":"transmission","voltage":"225000;63000","osm":"way/183105308"}},{"type":"Feature","geometry":{"type":"Point","coordinates":[4.44327,44.91179]},"properties":{"barrier":"fence","operator":"RTE","operator:wikidata":"Q2178795","power":"substation","ref:FR:RTE":"CHEYL","ref:FR:RTE_nom":"CHEYLARD (LE)","source":"data.gouv.fr:RTE - 04/2017","substation":"distribution","voltage":"63000","osm":"way/183116231"}},{"type":"Feature","geometry":{"type":"Point","coordinates":[5.48044,45.69352]},"properties":{"barrier":"fence","location":"outdoor","operator":"RTE","operator:wikidata":"Q2178795","power":"substation","ref:FR:RTE":"MORES","ref:FR:RTE_nom":"MORESTEL","source":"data.gouv.fr:RTE - 04/2017","substation":"distribution","voltage":"63000;20000","osm":"way/183158451"}},{"type":"Feature","geometry":{"type":"Point","coordinates":[5.41879,45.80388]},"properties":{"barrier":"fence","operator":"RTE","operator:wikidata":"Q2178795","power":"substation","ref:FR:RTE":"BOUVE","ref:FR:RTE_nom":"BOUVESSE","source":"data.gouv.fr:RTE - 04/2017","voltage":"63000","osm":"way/183172366"}},{"type":"Feature","geometry":{"type":"Point","coordinates":[5.69328,45.76919]},"properties":{"barrier":"fence","location":"outdoor","operator":"RTE","operator:wikidata":"Q2178795","power":"substation","ref:FR:RTE":"BELLE","ref:FR:RTE_nom":"BELLEY","source":"data.gouv.fr:RTE - 04/2017","substation":"distribution","voltage":"63000;20000","osm":"way/183174376"}},{"type":"Feature","geometry":{"type":"Point","coordinates":[5.77757,45.70871]},"properties":{"barrier":"fence","location":"outdoor","name":"Poste source","operator":"RTE","operator:wikidata":"Q2178795","power":"substation","ref:FR:RTE":"YENNE","ref:FR:RTE_nom":"YENNE","source":"data.gouv.fr:RTE - 04/2017","substation":"distribution","voltage":"63000;20000","osm":"way/183174377"}},{"type":"Feature","geometry":{"type":"Point","coordinates":[5.49923,45.92452]},"properties":{"barrier":"fence","operator":"RTE","operator:wikidata":"Q2178795","power":"substation","ref:FR:RTE":"TENAY","ref:FR:RTE_nom":"TENAY","source":"data.gouv.fr:RTE - 04/2017","substation":"transmission;traction","voltage":"63000","osm":"way/183175849"}},{"type":"Feature","geometry":{"type":"Point","coordinates":[5.59915,45.82706]},"properties":{"barrier":"fence","location":"outdoor","operator":"SNCF Réseau","operator:wikidata":"Q2178795","power":"substation","ref:FR:RTE":"ROSSI","ref:FR:RTE_nom":"ROSSILLON","source":"data.gouv.fr:RTE - 04/2017","substation":"traction","voltage":"63000","osm":"way/183175850"}},{"type":"Feature","geometry":{"type":"Point","coordinates":[6.08118,45.89432]},"properties":{"barrier":"fence","name":"Poste électrique de Chavanod","operator":"RTE","operator:wikidata":"Q2178795","power":"substation","ref:FR:RTE":"CHAV6","ref:FR:RTE_nom":"CHAVANOD","source":"data.gouv.fr:RTE - 04/2017","substation":"transmission","voltage":"225000;63000","osm":"way/183182430"}},{"type":"Feature","geometry":{"type":"Point","coordinates":[5.84245,45.93283]},"properties":{"barrier":"fence","location":"outdoor","operator":"RTE","operator:wikidata":"Q2178795","power":"substation","ref:FR:RTE":"MOTZ","ref:FR:RTE_nom":"MOTZ","source":"data.gouv.fr:RTE - 04/2017","substation":"distribution","voltage":"63000;20000","osm":"way/183182431"}},{"type":"Feature","geometry":{"type":"Point","coordinates":[5.94301,45.87207]},"properties":{"barrier":"fence","operator":"SNCF Réseau","operator:wikidata":"Q21605526","owner":"SNCF Réseau","power":"substation","ref:FR:RTE":"RUMIL","ref:FR:RTE_nom":"RUMILLY","source":"data.gouv.fr:RTE - 04/2017","substation":"traction","voltage":"63000","osm":"way/183183589"}},{"type":"Feature","geometry":{"type":"Point","coordinates":[5.95544,45.86512]},"properties":{"barrier":"fence","location":"outdoor","operator":"RTE","operator:wikidata":"Q2178795","power":"substation","ref:FR:RTE":"AUMON","ref:FR:RTE_nom":"AUMONE (L )","source":"data.gouv.fr:RTE - 04/2017","substation":"distribution","voltage":"63000;20000","osm":"way/183183590"}},{"type":"Feature","geometry":{"type":"Point","coordinates":[6.43309,45.75059]},"properties":{"barrier":"fence","location":"outdoor","operator":"RTE","operator:wikidata":"Q2178795","power":"substation","ref:FR:RTE":"UGINE","ref:FR:RTE_nom":"UGINE","substation":"transmission","voltage":"225000;63000","osm":"way/183266820"}},{"type":"Feature","geometry":{"type":"Point","coordinates":[6.4034,45.6932]},"properties":{"barrier":"wall","name":"Poste électrique de Venthon","operator":"RTE","operator:wikidata":"Q2178795","power":"substation","ref:FR:RTE":"VEN.P","ref:FR:RTE_nom":"VENTHON-POSTE","substation":"transmission","voltage":"42000;225000","osm":"way/183266838"}},{"type":"Feature","geometry":{"type":"Point","coordinates":[6.17839,45.56422]},"properties":{"barrier":"fence","location":"outdoor","name":"Sous-Station de Saint-Pierre-d'Albigny","operator":"SNCF Réseau","operator:wikidata":"Q21605526","power":"substation","ref:FR:RTE":"SSAL6","ref:FR:RTE_nom":"ST-PIERRE-D ALBIGNY","source":"data.gouv.fr:RTE - 04/2017","substation":"traction","voltage":"63000;1500","osm":"way/183281169"}},{"type":"Feature","geometry":{"type":"Point","coordinates":[6.16068,45.54996]},"properties":{"barrier":"fence","location":"outdoor","operator":"RTE","operator:wikidata":"Q2178795","power":"substation","ref:FR:RTE":"SSAL5","ref:FR:RTE_nom":"ST-PIERRE-D ALBIGNY","source":"data.gouv.fr:RTE - 04/2017","substation":"distribution","voltage":"63000;20000","osm":"way/183281915"}},{"type":"Feature","geometry":{"type":"Point","coordinates":[6.43496,45.75201]},"properties":{"barrier":"fence","location":"outdoor","operator":"RTE","operator:wikidata":"Q2178795","power":"substation","ref:FR:RTE":"ARLY","ref:FR:RTE_nom":"ARLY","substation":"transmission","voltage":"63000","osm":"way/183290973"}},{"type":"Feature","geometry":{"type":"Point","coordinates":[6.2951,45.75199]},"properties":{"barrier":"fence","location":"outdoor","name":"Poste électrique de Faverges","operator":"RTE","operator:wikidata":"Q2178795","power":"substation","ref:FR:RTE":"FAVER","ref:FR:RTE_nom":"FAVERGES","source":"data.gouv.fr:RTE - 04/2017","substation":"distribution","voltage":"63000;20000","osm":"way/183299986"}},{"type":"Feature","geometry":{"type":"Point","coordinates":[6.31982,45.88466]},"properties":{"barrier":"fence","location":"outdoor","name":"Poste électrique de Thônes","operator":"RTE","operator:wikidata":"Q2178795","power":"substation","ref:FR:RTE":"THONE","ref:FR:RTE_nom":"THONES","substation":"transmission","voltage":"63000;20000","wikidata":"Q111135949","osm":"way/183301788"}},{"type":"Feature","geometry":{"type":"Point","coordinates":[6.87441,45.92057]},"properties":{"barrier":"fence","location":"outdoor","name":"Poste source de Chamonix","operator":"Enedis","operator:wikidata":"Q3587594","power":"substation","ref:FR:RTE":"CHAMO","ref:FR:RTE_nom":"CHAMONIX","substation":"distribution","voltage":"63000;20000","osm":"way/183318491"}},{"type":"Feature","geometry":{"type":"Point","coordinates":[5.88719,46.11369]},"properties":{"barrier":"fence","operator":"SNCF Réseau","operator:wikidata":"Q21605526","owner":"SNCF Réseau","power":"substation","ref:FR:RTE":"LONGE","ref:FR:RTE_nom":"LONGERAY","source":"data.gouv.fr:RTE - 04/2017","substation":"traction","voltage":"63000;1500","osm":"way/183404619"}},{"type":"Feature","geometry":{"type":"Point","coordinates":[6.57289,45.37558]},"properties":{"operator":"RTE","operator:wikidata":"Q2178795","operator:wikipedia":"fr:RTE (entreprise)","power":"substation","ref:FR:RTE":"MOTTA","ref:FR:RTE_nom":"MOTTARET","source":"data.gouv.fr:RTE - 04/2017","voltage":"63000","osm":"way/183461681"}},{"type":"Feature","geometry":{"type":"Point","coordinates":[4.3087,44.50512]},"properties":{"operator":"RTE","operator:wikidata":"Q2178795","operator:wikipedia":"fr:RTE (entreprise)","power":"substation","ref:FR:RTE":"L.MON","ref:FR:RTE_nom":"LAURAC-MONTREAL","source":"data.gouv.fr:RTE - 04/2017","voltage":"63000","osm":"way/183950587"}},{"type":"Feature","geometry":{"type":"Point","coordinates":[4.72954,44.61299]},"properties":{"barrier":"fence","frequency":"50","name":"Sous-station SNCF de Meysse","operator":"SNCF Réseau","operator:wikidata":"Q21605526","power":"substation","ref:FR:RTE":"MEYSS","ref:FR:RTE_nom":"MEYSSE","source":"data.gouv.fr:RTE - 04/2017","substation":"traction","voltage":"63000;1500","osm":"way/183965935"}},{"type":"Feature","geometry":{"type":"Point","coordinates":[4.76386,44.62634]},"properties":{"operator":"SNCF Réseau","operator:wikidata":"Q21605526","power":"substation","ref:FR:RTE":"C.AYG","ref:FR:RTE_nom":"CHAMP-DE-L AYGUES","source":"data.gouv.fr:RTE - 04/2017","substation":"traction","voltage":"63000","osm":"way/183969784"}},{"type":"Feature","geometry":{"type":"Point","coordinates":[4.78596,44.7038]},"properties":{"barrier":"fence","operator":"SNCF Réseau","power":"substation","ref:FR:RTE":"SAULC","ref:FR:RTE_nom":"SAULCE-SUR-RHONE (LA)","source":"data.gouv.fr:RTE - 04/2017","substation":"traction","voltage":"63000","osm":"way/183969957"}},{"type":"Feature","geometry":{"type":"Point","coordinates":[4.56268,44.97723]},"properties":{"operator":"RTE","operator:wikidata":"Q2178795","power":"substation","ref:FR:RTE":"LAMAS","ref:FR:RTE_nom":"LAMASTRE","source":"data.gouv.fr:RTE - 04/2017","substation":"distribution","voltage":"63000","osm":"way/183971147"}},{"type":"Feature","geometry":{"type":"Point","coordinates":[4.72851,45.74566]},"properties":{"barrier":"fence","location":"outdoor","operator":"RTE","operator:wikidata":"Q2178795","power":"substation","ref:FR:RTE":"CRAPO","ref:FR:RTE_nom":"CRAPONNE","source":"data.gouv.fr:RTE - 04/2017","substation":"transmission","voltage":"63000;20000","osm":"way/183986723"}},{"type":"Feature","geometry":{"type":"Point","coordinates":[3.25305,44.50911]},"properties":{"barrier":"fence","operator":"RTE","operator:wikidata":"Q2178795","power":"substation","ref:FR:RTE":"MONAS","ref:FR:RTE_nom":"MONASTIER (LE)","source":"data.gouv.fr:RTE - 04/2017","substation":"transmission;traction","voltage":"63000","osm":"way/184117900"}},{"type":"Feature","geometry":{"type":"Point","coordinates":[6.65936,45.55291]},"properties":{"barrier":"fence","location":"outdoor","name":"Poste électrique de Aime","operator":"RTE","operator:wikidata":"Q2178795","power":"substation","ref:FR:RTE":"AIME","ref:FR:RTE_nom":"AIME","substation":"transmission","voltage":"63000;20000","osm":"way/184257086"}},{"type":"Feature","geometry":{"type":"Point","coordinates":[6.64674,45.4396]},"properties":{"barrier":"fence","location":"outdoor","operator":"RTE","operator:wikidata":"Q2178795","power":"substation","ref:FR:RTE":"BOZEL","ref:FR:RTE_nom":"BOZEL","source":"data.gouv.fr:RTE - 04/2017","substation":"generation","voltage":"63000","osm":"way/184261934"}},{"type":"Feature","geometry":{"type":"Point","coordinates":[5.78033,45.07866]},"properties":{"operator":"RTE","operator:wikidata":"Q2178795","operator:wikipedia":"fr:RTE (entreprise)","power":"substation","ref:FR:RTE":"VIZIL","ref:FR:RTE_nom":"VIZILLE","source":"data.gouv.fr:RTE - 04/2017","voltage":"63000","osm":"way/184279130"}},{"type":"Feature","geometry":{"type":"Point","coordinates":[6.69483,45.51517]},"properties":{"building":"yes","location":"indoor","operator":"Enedis","operator:wikidata":"Q3587594","power":"substation","ref:FR:RTE":"PLAGN","ref:FR:RTE_nom":"PLAGNE (LA)","source":"cadastre-dgi-fr source : Direction Générale des Impôts - Cadastre. Mise à jour : 2012","substation":"distribution","voltage":"63000;20000","osm":"way/184838006"}},{"type":"Feature","geometry":{"type":"Point","coordinates":[6.21478,45.03614]},"properties":{"barrier":"fence","location":"outdoor","operator":"SAFHER","power":"substation","ref:FR:RTE":"OCHE","ref:FR:RTE_nom":"OCHE (L)","substation":"generation","voltage":"63000","osm":"way/185295251"}},{"type":"Feature","geometry":{"type":"Point","coordinates":[2.50975,46.71785]},"properties":{"frequency":"50","name":"Poste électrique de Saint-Amand","operator":"RTE","operator:wikidata":"Q2178795","power":"substation","ref:FR:RTE":"SSAMA","ref:FR:RTE_nom":"SAINT-AMAND-MONTROND","source":"data.gouv.fr:RTE - 04/2017","substation":"distribution","voltage":"90000","osm":"way/185496301"}},{"type":"Feature","geometry":{"type":"Point","coordinates":[2.29414,46.85848]},"properties":{"barrier":"fence","frequency":"50","location":"outdoor","name":"Poste Électrique de Venesmes","operator":"RTE","power":"substation","ref:FR:RTE":"VENES","ref:FR:RTE_nom":"VENESMES","source":"data.gouv.fr:RTE - 04/2017","voltage":"90000","osm":"way/185496302"}},{"type":"Feature","geometry":{"type":"Point","coordinates":[5.78295,45.84236]},"properties":{"operator":"RTE","operator:wikidata":"Q2178795","power":"substation","ref:FR:RTE":"CULOZ","ref:FR:RTE_nom":"CULOZ","source":"data.gouv.fr:RTE - 04/2017","substation":"traction","voltage":"63000","osm":"way/186033481"}},{"type":"Feature","geometry":{"type":"Point","coordinates":[8.2347,46.70083]},"properties":{"addr:city":"Innertkirchen","addr:country":"CH","addr:housenumber":"27","addr:postcode":"3862","addr:street":"Grimselstrasse","building":"transformer_station","ele":"636","operator":"KWO","power":"substation","substation":"transformer","voltage":"150000","osm":"way/188598951"}},{"type":"Feature","geometry":{"type":"Point","coordinates":[6.05692,45.86508]},"properties":{"barrier":"fence","name":"Poste électrique de Montagny-Les Lanches","operator":"RTE","operator:wikidata":"Q2178795","power":"substation","ref:FR:RTE":"M.LAN","ref:FR:RTE_nom":"MONTAGNY-LES-LANCHES","source":"data.gouv.fr:RTE - 04/2017","substation":"transmission","voltage":"400000;63000","osm":"way/199229562"}},{"type":"Feature","geometry":{"type":"Point","coordinates":[3.70328,46.54314]},"properties":{"barrier":"fence","location":"outdoor","operator":"RTE","operator:wikidata":"Q2178795","power":"substation","ref:FR:RTE":"FTAI9","ref:FR:RTE_nom":"FONTAINES(LES)","source":"data.gouv.fr:RTE - 04/2017","substation":"industrial","voltage":"63000","osm":"way/199238293"}},{"type":"Feature","geometry":{"type":"Point","coordinates":[2.30702,47.05054]},"properties":{"operator":"RTE","operator:wikidata":"Q2178795","power":"substation","ref:FR:RTE":"ORCH5","ref:FR:RTE_nom":"ORCHIDEES (LES)","source":"Bing 2011","substation":"distribution","voltage":"90000","osm":"way/199421654"}},{"type":"Feature","geometry":{"type":"Point","coordinates":[2.36835,47.09481]},"properties":{"barrier":"fence","frequency":"50","name":"Poste Électrique Les Rivages","operator":"SNCF Réseau","operator:wikidata":"Q21605526","power":"substation","ref:FR:RTE":"RIVAG","ref:FR:RTE_nom":"RIVAGES (LES)","source":"Bing 2011","substation":"traction","voltage":"90000;25000","osm":"way/199421655"}},{"type":"Feature","geometry":{"type":"Point","coordinates":[2.4977,47.11241]},"properties":{"frequency":"50","location":"outdoor","name":"Poste Électrique Saint-Germain-du-Puy","operator":"RTE","power":"substation","ref:FR:RTE":"SSPUY","ref:FR:RTE_nom":"ST-GERMAIN-DU-PUY","source":"data.gouv.fr:RTE - 2022-02","voltage":"90000","osm":"way/200502342"}},{"type":"Feature","geometry":{"type":"Point","coordinates":[3.17277,47.38966]},"properties":{"barrier":"fence","operator":"Enedis","operator:wikidata":"Q2178795","power":"substation","ref:FR:RTE":"PERR7","ref:FR:RTE_nom":"PERROY","source":"data.gouv.fr:RTE - 04/2017","substation":"distribution","voltage":"63000","osm":"way/201285030"}},{"type":"Feature","geometry":{"type":"Point","coordinates":[2.93428,47.41633]},"properties":{"operator":"RTE","power":"substation","ref:FR:RTE":"COSNE","ref:FR:RTE_nom":"COSNE","source":"data.gouv.fr:RTE - 04/2017","voltage":"63000","osm":"way/201285031"}},{"type":"Feature","geometry":{"type":"Point","coordinates":[6.5108,46.38576]},"properties":{"barrier":"fence","name":"Poste électrique de Vuarche","operator":"RTE","operator:wikidata":"Q2178795","power":"substation","ref:FR:RTE":"VUARC","ref:FR:RTE_nom":"VUARCHE","source":"data.gouv.fr:RTE - 04/2017","substation":"industrial","voltage":"63000","osm":"way/203222261"}},{"type":"Feature","geometry":{"type":"Point","coordinates":[6.06347,46.32611]},"properties":{"barrier":"fence","name":"Poste source de Gex","operator":"RTE","power":"substation","ref:FR:RTE":"GEX","ref:FR:RTE_nom":"GEX","source":"data.gouv.fr:RTE - 04/2017","substation":"distribution","voltage":"63000;20000","osm":"way/203276030"}},{"type":"Feature","geometry":{"type":"Point","coordinates":[5.83989,46.37904]},"properties":{"name":"Poste électrique de Saint-Claude","operator":"RTE","operator:wikidata":"Q2178795","operator:wikipedia":"fr:RTE (entreprise)","power":"substation","ref:FR:RTE":"SSCL5","ref:FR:RTE_nom":"ST-CLAUDE","source":"data.gouv.fr:RTE - 04/2017","voltage":"63000","osm":"way/203830209"}},{"type":"Feature","geometry":{"type":"Point","coordinates":[4.84858,45.82183]},"properties":{"operator":"RTE","power":"substation","ref:FR:RTE":"G.VIO","ref:FR:RTE_nom":"GRANDS-VIOLETS","source":"Bing","voltage":"63000","osm":"way/207953869"}},{"type":"Feature","geometry":{"type":"Point","coordinates":[6.31915,45.5267]},"properties":{"barrier":"fence","name":"Poste Électrique de Randens","operator":"RTE","operator:wikidata":"Q2178795","power":"substation","ref:FR:RTE":"RANDE","ref:FR:RTE_nom":"RANDENS","substation":"transmission","voltage":"225000;150000;45000;42000","osm":"way/208424341"}},{"type":"Feature","geometry":{"type":"Point","coordinates":[6.07277,44.55571]},"properties":{"barrier":"wall","location":"outdoor","name":"Poste électrique de Gap","operator":"Enedis","operator:wikidata":"Q3587594","power":"substation","ref:FR:RTE":"GAP","ref:FR:RTE_nom":"GAP","substation":"distribution","voltage":"63000","osm":"way/208798154"}},{"type":"Feature","geometry":{"type":"Point","coordinates":[3.3587,47.18367]},"properties":{"barrier":"wall","location":"outdoor","operator":"RTE","power":"substation","ref:FR:RTE":"DOUDO","ref:FR:RTE_nom":"DOUDOYE","source":"data.gouv.fr:RTE - 04/2017","substation":"distribution","voltage":"63000","osm":"way/210358840"}},{"type":"Feature","geometry":{"type":"Point","coordinates":[5.23869,46.20003]},"properties":{"name":"Poste électrique de Brou","operator":"RTE","operator:wikidata":"Q2178795","power":"substation","ref:FR:RTE":"BROU","ref:FR:RTE_nom":"BROU","source":"data.gouv.fr:RTE - 04/2017","voltage":"63000","osm":"way/214806107"}},{"type":"Feature","geometry":{"type":"Point","coordinates":[4.41515,46.80683]},"properties":{"operator":"RTE","operator:wikidata":"Q2178795","power":"substation","ref:FR:RTE":"CREUS","ref:FR:RTE_nom":"CREUSOT (LE)","source":"data.gouv.fr:RTE - 04/2017","voltage":"63000","osm":"way/215544522"}},{"type":"Feature","geometry":{"type":"Point","coordinates":[2.42954,47.48271]},"properties":{"barrier":"fence","operator":"RTE","power":"substation","ref:FR:RTE":"AUBI5","ref:FR:RTE_nom":"AUBIGNY","source":"data.gouv.fr:RTE - 04/2017","voltage":"63000","osm":"way/218865840"}},{"type":"Feature","geometry":{"type":"Point","coordinates":[2.83621,47.33839]},"properties":{"operator":"RTE","operator:wikidata":"Q2178795","power":"substation","ref:FR:RTE":"SANCE","ref:FR:RTE_nom":"SANCERRE","source":"data.gouv.fr:RTE - 04/2017","substation":"distribution","voltage":"63000","osm":"way/219142204"}},{"type":"Feature","geometry":{"type":"Point","coordinates":[2.54546,47.30323]},"properties":{"operator":"RTE","operator:wikidata":"Q2178795","power":"substation","ref:FR:RTE":"HENRI","ref:FR:RTE_nom":"HENRICHEMONT","source":"data.gouv.fr:RTE - 04/2017","substation":"distribution","voltage":"63000","osm":"way/219142221"}},{"type":"Feature","geometry":{"type":"Point","coordinates":[2.64019,47.45148]},"properties":{"operator":"Enedis","operator:wikidata":"Q3587594","power":"substation","ref:FR:RTE":"VAILL","ref:FR:RTE_nom":"VAILLY","source":"data.gouv.fr:RTE - 04/2017","substation":"distribution","voltage":"63000","osm":"way/219142233"}},{"type":"Feature","geometry":{"type":"Point","coordinates":[6.14948,45.9414]},"properties":{"barrier":"fence","location":"outdoor","name":"Poste électrique d'Argonay","operator":"RTE","operator:wikidata":"Q2178795","power":"substation","ref:FR:RTE":"ARGON","ref:FR:RTE_nom":"ARGONAY","source":"data.gouv.fr:RTE - 04/2017","substation":"distribution","voltage":"63000;20000","osm":"way/227956654"}},{"type":"Feature","geometry":{"type":"Point","coordinates":[6.1122,45.90179]},"properties":{"building":"service","description":"Pas de transformation, uniquement sectionnement","location":"indoor","name":"Poste électrique de Chevene","operator":"RTE","operator:wikidata":"Q2178795","power":"substation","ref:FR:RTE":"CHEV8","ref:FR:RTE_nom":"CHEVENE","source":"cadastre-dgi-fr source : Direction Générale des Impôts - Cadastre;mise à jour : 2008","substation":"transmission","voltage":"63000","osm":"way/227956655"}},{"type":"Feature","geometry":{"type":"Point","coordinates":[6.1123,45.90244]},"properties":{"barrier":"fence","name":"Poste électrique du Thiou","operator":"RTE","operator:wikidata":"Q2178795","power":"substation","ref:FR:RTE":"THIOU","ref:FR:RTE_nom":"THIOU (LE)","source":"data.gouv.fr:RTE - 04/2017","substation":"industrial","voltage":"63000;20000","osm":"way/227956658"}},{"type":"Feature","geometry":{"type":"Point","coordinates":[6.0815,45.89363]},"properties":{"barrier":"fence","name":"Portique 225 kV de Chavanod","operator":"RTE","operator:wikidata":"Q2178795","power":"substation","substation":"transition","voltage":"225000","osm":"way/227956671"}},{"type":"Feature","geometry":{"type":"Point","coordinates":[6.09954,45.89987]},"properties":{"barrier":"fence","location":"outdoor","operator":"RTE","operator:wikidata":"Q2178795","power":"substation","substation":"transition","voltage":"63000","osm":"way/227956676"}},{"type":"Feature","geometry":{"type":"Point","coordinates":[6.09439,45.9117]},"properties":{"barrier":"fence","name":"Poste électrique du Fier","operator":"RTE","operator:wikidata":"Q2178795","power":"substation","ref:FR:RTE":"FIER","ref:FR:RTE_nom":"FIER","source":"data.gouv.fr:RTE - 04/2017","substation":"industrial","voltage":"63000","osm":"way/228134526"}},{"type":"Feature","geometry":{"type":"Point","coordinates":[5.99959,45.37967]},"properties":{"barrier":"fence","location":"outdoor","name":"Les Merciers","operator":"RTE","operator:wikidata":"Q2178795","power":"substation","ref:FR:RTE":"MERCI","ref:FR:RTE_nom":"MERCIERS (LES)","source":"data.gouv.fr:RTE - 04/2017","substation":"industrial","voltage":"225000","osm":"way/229370540"}},{"type":"Feature","geometry":{"type":"Point","coordinates":[5.8877,45.23507]},"properties":{"operator":"RTE","operator:wikidata":"Q2178795","operator:wikipedia":"fr:RTE (entreprise)","power":"substation","ref:FR:RTE":"LANCE","ref:FR:RTE_nom":"LANCEY","source":"data.gouv.fr:RTE - 04/2017","voltage":"63000","osm":"way/229370541"}},{"type":"Feature","geometry":{"type":"Point","coordinates":[6.00153,45.3847]},"properties":{"barrier":"fence","name":"Poste électrique du Cheylas","operator":"RTE","operator:wikidata":"Q2178795","power":"substation","ref":"CHEYLAS","ref:FR:RTE":"CHEY6","ref:FR:RTE_nom":"CHEYLAS (LE)","source":"data.gouv.fr:RTE - 04/2017","substation":"transmission","voltage":"400000","osm":"way/229597405"}},{"type":"Feature","geometry":{"type":"Point","coordinates":[5.07578,45.65424]},"properties":{"barrier":"fence","location":"outdoor","name":"Sous-station de Grenay","operator":"SNCF Réseau","operator:wikidata":"Q21605526","power":"substation","ref:FR:RTE":"GRENA","ref:FR:RTE_nom":"GRENAY","ref:FR:SNCF_Reseau:GAIA":"144229ba-6668-11e3-8cff-01f464e0362d","source":"data.gouv.fr:RTE - 04/2017","substation":"traction","voltage":"225000","osm":"way/229907568"}},{"type":"Feature","geometry":{"type":"Point","coordinates":[6.36186,45.28471]},"properties":{"barrier":"fence","location":"outdoor","name":"Poste électrique d'Hermillon","operator":"Électricité de France","operator:wikidata":"Q274591","power":"substation","ref:FR:RTE":"HERMI","ref:FR:RTE_nom":"HERMILLON","substation":"generation","voltage":"225000;15000","osm":"way/230168571"}},{"type":"Feature","geometry":{"type":"Point","coordinates":[6.58279,45.44968]},"properties":{"building":"yes","location":"indoor","operator":"RTE","operator:wikidata":"Q2178795","power":"substation","ref:FR:RTE":"VNOTA","ref:FR:RTE_nom":"VIGNOTAN","source":"Bing","substation":"transmission","voltage":"63000","osm":"way/231511652"}},{"type":"Feature","geometry":{"type":"Point","coordinates":[5.63255,46.34779]},"properties":{"barrier":"fence","name":"Poste électrique de Chancia","operator":"RTE","operator:wikidata":"Q2178795","power":"substation","ref:FR:RTE":"CHANC","ref:FR:RTE_nom":"CHANCIA","source":"data.gouv.fr:RTE - 04/2017","substation":"transmission","voltage":"63000","osm":"way/234066172"}},{"type":"Feature","geometry":{"type":"Point","coordinates":[6.63505,46.01719]},"properties":{"building":"yes","location":"indoor","name":"Poste électrique d'Araches","operator":"Enedis","operator:wikidata":"Q3587594","power":"substation","ref:FR:RTE":"ARACH","ref:FR:RTE_nom":"ARACHES","source":"cadastre-dgi-fr source : Direction Générale des Finances Publiques - Cadastre. Mise à jour : 2013","substation":"distribution","voltage":"63000;20000","osm":"way/234178354"}},{"type":"Feature","geometry":{"type":"Point","coordinates":[5.59162,46.29211]},"properties":{"barrier":"fence","operator":"RTE","operator:wikidata":"Q2178795","power":"substation","ref:FR:RTE":"COISE","ref:FR:RTE_nom":"COISELET","source":"data.gouv.fr:RTE - 04/2017","substation":"transition","voltage":"63000","osm":"way/234396309"}},{"type":"Feature","geometry":{"type":"Point","coordinates":[5.6487,46.26239]},"properties":{"barrier":"wall","name":"Oyonnax","operator":"RTE","operator:wikidata":"Q2178795","power":"substation","ref:FR:RTE":"OYONN","ref:FR:RTE_nom":"OYONNAX","source":"data.gouv.fr:RTE - 04/2017","substation":"distribution","voltage":"63000","osm":"way/234396310"}},{"type":"Feature","geometry":{"type":"Point","coordinates":[4.85037,46.81752]},"properties":{"barrier":"fence","building":"service","fence_type":"chain_link","operator":"RTE","operator:wikidata":"Q2178795","power":"substation","ref:FR:RTE":"CHAL6","ref:FR:RTE_nom":"CHALON","source":"data.gouv.fr:RTE - 04/2017","substation":"distribution","voltage":"63000","osm":"way/235503112"}},{"type":"Feature","geometry":{"type":"Point","coordinates":[5.55329,46.27659]},"properties":{"barrier":"fence","fixme":"name","operator":"RTE","operator:wikidata":"Q2178795","power":"substation","ref:FR:RTE":"MOUX","ref:FR:RTE_nom":"MOUX","source":"data.gouv.fr:RTE - 04/2017","substation":"transmission","voltage":"63000","osm":"way/236579817"}},{"type":"Feature","geometry":{"type":"Point","coordinates":[2.25719,47.10478]},"properties":{"name":"Aubin","operator":"SNCF Réseau","operator:wikidata":"Q21605526","power":"substation","ref:FR:RTE":"AUBIN","ref:FR:RTE_nom":"AUBIN","source":"Bing 2011","substation":"traction","voltage":"90000","osm":"way/240360619"}},{"type":"Feature","geometry":{"type":"Point","coordinates":[2.60437,44.60546]},"properties":{"barrier":"fence","location":"outdoor","operator":"EDF","power":"substation","ref:FR:RTE":"GOLIN","ref:FR:RTE_nom":"GOLINHAC","source":"data.gouv.fr:RTE - 12/2017","substation":"transmission","voltage":"225000","osm":"way/241264423"}},{"type":"Feature","geometry":{"type":"Point","coordinates":[3.25012,44.8661]},"properties":{"barrier":"fence","location":"outdoor","operator":"SNCF Réseau","operator:wikidata":"Q21605526","power":"substation","ref:FR:RTE":"ARCOM","ref:FR:RTE_nom":"ARCOMIE","ref:FR:SNCF_Reseau:GAIA":"1441949a-6668-11e3-8cff-01f464e0362d","source":"data.gouv.fr:RTE - 04/2017","substation":"traction","voltage":"63000","osm":"way/241691029"}},{"type":"Feature","geometry":{"type":"Point","coordinates":[5.05084,46.50493]},"properties":{"name":"Romenay","operator":"RTE","operator:wikidata":"Q2178795","power":"substation","ref:FR:RTE":"ROMEN","ref:FR:RTE_nom":"ROMENAY","source":"data.gouv.fr:RTE - 04/2017","voltage":"63000","osm":"way/242627359"}},{"type":"Feature","geometry":{"type":"Point","coordinates":[3.08937,46.20105]},"properties":{"barrier":"wall","location":"outdoor","name":"Poste électrique de Bellenaves","operator":"Enedis","power":"substation","ref:FR:RTE":"BELL4","ref:FR:RTE_nom":"BELLENAVES","source":"data.gouv.fr:RTE - 04/2017","substation":"distribution","voltage":"63000","osm":"way/243007465"}},{"type":"Feature","geometry":{"type":"Point","coordinates":[3.36287,46.57072]},"properties":{"barrier":"fence","frequency":"50","location":"outdoor","name":"Poste électrique d'Yzeure","operator":"Enedis","operator:wikidata":"Q3587594","power":"substation","ref:FR:RTE":"YZEUR","ref:FR:RTE_nom":"YZEURE","source":"data.gouv.fr:RTE - 04/2017","substation":"distribution","voltage":"63000;20000","osm":"way/243007630"}},{"type":"Feature","geometry":{"type":"Point","coordinates":[3.29166,46.27381]},"properties":{"barrier":"wall","frequency":"50","location":"outdoor","name":"Poste source de Bayet","operator":"Enedis","operator:wikidata":"Q3587594","power":"substation","substation":"distribution","voltage":"63000;20000","osm":"way/243007631"}},{"type":"Feature","geometry":{"type":"Point","coordinates":[4.74877,45.95106]},"properties":{"building":"service","operator":"RTE","operator:wikidata":"Q2178795","power":"substation","ref:FR:RTE":"SSBE5","ref:FR:RTE_nom":"ST BERNARD","source":"data.gouv.fr:RTE - 04/2017","voltage":"63000","osm":"way/243058314"}},{"type":"Feature","geometry":{"type":"Point","coordinates":[4.87328,46.6511]},"properties":{"name":"Sennecey (SNCF)","operator":"RTE","operator:wikidata":"Q2178795","power":"substation","ref:FR:RTE":"SENNE","ref:FR:RTE_nom":"SENNECEY","source":"data.gouv.fr:RTE - 04/2017","substation":"traction","voltage":"63000","osm":"way/243097169"}},{"type":"Feature","geometry":{"type":"Point","coordinates":[4.81837,45.74444]},"properties":{"building":"industrial","operator":"Enedis","operator:wikidata":"Q3587594","power":"substation","ref:FR:RTE":"PERRA","ref:FR:RTE_nom":"PERRACHE","source":"data.gouv.fr:RTE - 04/2017","substation":"distribution","voltage":"225000","osm":"way/243285438"}},{"type":"Feature","geometry":{"type":"Point","coordinates":[2.64338,44.72993]},"properties":{"building":"industrial","layer":"-2","location":"underground","name":"Centrale souterraine de Montézic","operator":"EDF","power":"substation","ref:FR:RTE":"MTEZI","ref:FR:RTE_nom":"MONTEZIC","substation":"generation","voltage":"400000","osm":"way/244052591"}},{"type":"Feature","geometry":{"type":"Point","coordinates":[2.69018,44.77983]},"properties":{"barrier":"wall","location":"outdoor","name":"Poste source de Rueyres","operator":"Enedis","operator:wikidata":"Q3587594","power":"substation","substation":"distribution","voltage":"63000;20000","osm":"way/244052593"}},{"type":"Feature","geometry":{"type":"Point","coordinates":[4.1734,46.78679]},"properties":{"barrier":"fence","operator":"Enedis","operator:wikidata":"Q3587594","power":"substation","ref:FR:RTE":"ARRO5","ref:FR:RTE_nom":"ARROUX","source":"data.gouv.fr:RTE - 04/2017","substation":"distribution","voltage":"63000","osm":"way/249977444"}},{"type":"Feature","geometry":{"type":"Point","coordinates":[4.49002,46.91484]},"properties":{"barrier":"wall","location":"outdoor","name":"Sous-station de Saint-Martin-de-Commune","operator":"SNCF Réseau","operator:wikidata":"Q21605526","owner":"SNCF Réseau","power":"substation","railway:position":"257.002","ref:FR:RTE":"COMMU","ref:FR:RTE_nom":"COMMUNE","ref:FR:SNCF_Reseau:GAIA":"14440d60-6668-11e3-8cff-01f464e0362d","source":"data.gouv.fr:RTE - 04/2017","substation":"traction","voltage":"225000;25000","osm":"way/250718790"}},{"type":"Feature","geometry":{"type":"Point","coordinates":[4.34932,46.66658]},"properties":{"name":"Poste Lucy","operator":"RTE","operator:wikidata":"Q2178795","power":"substation","ref:FR:RTE":"LUCY","ref:FR:RTE_nom":"LUCY","source":"data.gouv.fr:RTE - 04/2017","voltage":"63000","osm":"way/251659928"}},{"type":"Feature","geometry":{"type":"Point","coordinates":[4.75064,46.90245]},"properties":{"operator":"RTE","operator:wikidata":"Q2178795","operator:wikipedia":"fr:RTE (entreprise)","power":"substation","ref:FR:RTE":"MOLLE","ref:FR:RTE_nom":"MOLLEPIERRE","source":"cadastre-dgi-fr source : Direction Générale des Impôts - Cadastre. Mise à jour : 2013","voltage":"63000","osm":"way/252861313"}},{"type":"Feature","geometry":{"type":"Point","coordinates":[4.75121,44.75021]},"properties":{"operator":"SNCF Réseau","power":"substation","ref:FR:RTE":"POUZI","ref:FR:RTE_nom":"POUZIN (LE)","substation":"traction","voltage":"63000;25000","osm":"way/253090274"}},{"type":"Feature","geometry":{"type":"Point","coordinates":[5.87441,45.07239]},"properties":{"building":"industrial","operator":"RTE","operator:wikidata":"Q2178795","power":"substation","ref:FR:RTE":"GAVET","ref:FR:RTE_nom":"GAVET (FERROPEM)","source":"RTE 2021","voltage":"63000","osm":"way/253757247"}},{"type":"Feature","geometry":{"type":"Point","coordinates":[6.02086,46.23492]},"properties":{"barrier":"fence","name":"Poste électrique de Saint-Genis-Pouilly","operator":"RTE","power":"substation","ref:FR:RTE":"SSPOU","ref:FR:RTE_nom":"ST-GENIS-POUILLY","source":"SITG-2016","substation":"transmission","voltage":"63000","osm":"way/253818513"}},{"type":"Feature","geometry":{"type":"Point","coordinates":[5.64186,46.37143]},"properties":{"name":"Poste électrique de Saut-Mortier","operator":"RTE","power":"substation","ref:FR:RTE":"S.MOR","ref:FR:RTE_nom":"SAUT-MORTIER","source":"data.gouv.fr:RTE - 04/2017","voltage":"63000","osm":"way/254671323"}},{"type":"Feature","geometry":{"type":"Point","coordinates":[4.07432,46.60815]},"properties":{"barrier":"wall","location":"outdoor","name":"Poste source de Geugnon","operator":"Enedis","operator:wikidata":"Q3587594","power":"substation","ref:FR:RTE":"GUEU8","ref:FR:RTE_nom":"GUEUGNON","source":"data.gouv.fr:RTE - 04/2017","substation":"distribution","voltage":"63000","osm":"way/257838834"}},{"type":"Feature","geometry":{"type":"Point","coordinates":[5.20611,46.21536]},"properties":{"barrier":"fence","operator":"RTE","operator:wikidata":"Q2178795","power":"substation","ref:FR:RTE":"VIRIA","ref:FR:RTE_nom":"VIRIAT","source":"data.gouv.fr:RTE - 04/2017","substation":"transmission","voltage":"63000","osm":"way/259236626"}},{"type":"Feature","geometry":{"type":"Point","coordinates":[5.21198,46.20834]},"properties":{"operator":"SNCF Réseau","power":"substation","ref:FR:RTE":"CADAL","ref:FR:RTE_nom":"CADALLES (LES)","source":"data.gouv.fr:RTE - 04/2017","substation":"traction","voltage":"63000","osm":"way/259236629"}},{"type":"Feature","geometry":{"type":"Point","coordinates":[5.30539,46.08986]},"properties":{"operator":"RTE","power":"substation","ref:FR:RTE":"PAIRE","ref:FR:RTE_nom":"PAIREUX (LE)","source":"data.gouv.fr:RTE - 04/2017","substation":"traction","voltage":"63000","osm":"way/259240917"}},{"type":"Feature","geometry":{"type":"Point","coordinates":[5.3758,46.04442]},"properties":{"operator":"ENe","power":"substation","ref:FR:RTE":"HAUT6","ref:FR:RTE_nom":"HAUTERIVE","source":"data.gouv.fr:RTE - 04/2017","substation":"distribution","voltage":"63000","osm":"way/259240919"}},{"type":"Feature","geometry":{"type":"Point","coordinates":[5.61952,46.23658]},"properties":{"barrier":"fence","fence_type":"chain_link","name":"Poste électrique de Bellignat","operator":"RTE","operator:wikidata":"Q2178795","power":"substation","ref:FR:RTE":"BELLI","ref:FR:RTE_nom":"BELLIGNAT","source":"data.gouv.fr:RTE - 04/2017","substation":"transmission","voltage":"63000","osm":"way/259244279"}},{"type":"Feature","geometry":{"type":"Point","coordinates":[5.56822,46.1742]},"properties":{"name":"Poste électrique de la Cluse","operator":"RTE","power":"substation","ref:FR:RTE":"CLUS5","ref:FR:RTE_nom":"CLUSE (LA)","source":"data.gouv.fr:RTE - 04/2017","voltage":"63000","osm":"way/259244280"}},{"type":"Feature","geometry":{"type":"Point","coordinates":[4.91713,47.08335]},"properties":{"operator":"SNCF Réseau","operator:wikidata":"Q21605526","power":"substation","ref:FR:RTE":"CORGO","ref:FR:RTE_nom":"CORGOLOIN","source":"data.gouv.fr:RTE - 04/2017","substation":"traction","voltage":"63000","osm":"way/259553155"}},{"type":"Feature","geometry":{"type":"Point","coordinates":[6.57556,46.39607]},"properties":{"addr:housename":"3","location":"outdoor","operator":"Enedis","operator:wikidata":"Q3587594","power":"substation","ref:FR:RTE":"EVIAN","ref:FR:RTE_nom":"EVIAN","source":"data.gouv.fr:RTE - 04/2017","substation":"distribution","voltage":"63000","osm":"way/259737769"}},{"type":"Feature","geometry":{"type":"Point","coordinates":[6.58566,46.10759]},"properties":{"barrier":"fence","location":"outdoor","operator":"RTE","operator:wikidata":"Q2178795","power":"substation","ref:FR:RTE":"TANIN","ref:FR:RTE_nom":"TANINGES","source":"data.gouv.fr:RTE - 04/2017","substation":"distribution","voltage":"63000","osm":"way/259737770"}},{"type":"Feature","geometry":{"type":"Point","coordinates":[6.76261,46.29342]},"properties":{"barrier":"fence","location":"outdoor","name":"Poste électrique d'Abondance","operator":"RTE","operator:wikidata":"Q2178795","power":"substation","ref:FR:RTE":"ABOND","ref:FR:RTE_nom":"ABONDANCE","source":"data.gouv.fr:RTE - 2021-06","substation":"distribution","voltage":"63000","osm":"way/259737771"}},{"type":"Feature","geometry":{"type":"Point","coordinates":[6.63273,45.95633]},"properties":{"barrier":"fence","location":"outdoor","name":"Sallanches","operator":"RTE","operator:wikidata":"Q2178795","power":"substation","ref:FR:RTE":"SALLA","ref:FR:RTE_nom":"SALLANCHES","source":"data.gouv.fr:RTE - 04/2017","substation":"transmission","voltage":"63000;20000","osm":"way/259741452"}},{"type":"Feature","geometry":{"type":"Point","coordinates":[6.94973,46.05101]},"properties":{"barrier":"fence","location":"outdoor","name":"Poste électrique de Vallorcine","operator":"RTE","power":"substation","ref:FR:RTE":"VALLO","ref:FR:RTE_nom":"VALLORCINE","source":"data.gouv.fr:RTE - 04/2017","substation":"transmission","voltage":"225000","osm":"way/260211728"}},{"type":"Feature","geometry":{"type":"Point","coordinates":[6.65042,44.67197]},"properties":{"barrier":"fence","operator":"Électricité de France","operator:short":"EDF","operator:wikidata":"Q274591","power":"substation","ref:FR:RTE":"EYGLI","ref:FR:RTE_nom":"EYGLIERS","source":"data.gouv.fr:RTE - 04/2017","substation":"generation","voltage":"63000","osm":"way/261424959"}},{"type":"Feature","geometry":{"type":"Point","coordinates":[2.74042,44.82886]},"properties":{"building":"yes","layer":"2","location":"roof","name":"Poste électrique de Sarrans","operator":"EDF","operator:wikidata":"Q274591","power":"substation","ref:FR:RTE":"SARRA","ref:FR:RTE_nom":"SARRANS","source":"data.gouv.fr:RTE - 12/2017","substation":"generation","voltage":"225000","wikidata":"Q111075055","osm":"way/262121267"}},{"type":"Feature","geometry":{"type":"Point","coordinates":[5.71495,46.62599]},"properties":{"operator":"RTE","operator:wikidata":"Q2178795","operator:wikipedia":"fr:RTE (entreprise)","power":"substation","ref:FR:RTE":"BLYE","ref:FR:RTE_nom":"BLYE","source":"data.gouv.fr:RTE - 04/2017","voltage":"63000","osm":"way/262141254"}},{"type":"Feature","geometry":{"type":"Point","coordinates":[5.46134,46.20542]},"properties":{"barrier":"fence","name":"Sous-station de Cize","operator":"SNCF Réseau","operator:wikidata":"Q21605526","power":"substation","ref:FR:RTE":"CIZ5","ref:FR:RTE_nom":"CIZE (CLIENT)","substation":"traction","voltage":"225000","osm":"way/262729684"}},{"type":"Feature","geometry":{"type":"Point","coordinates":[6.06603,45.93579]},"properties":{"barrier":"fence","location":"indoor","name":"Poste électrique de Poisy","operator":"Enedis","operator:wikidata":"Q3587594","power":"substation","ref:FR:RTE":"POISY","ref:FR:RTE_nom":"POISY","source":"data.gouv.fr:RTE - 04/2017","substation":"distribution","voltage":"63000;20000","osm":"way/263991077"}},{"type":"Feature","geometry":{"type":"Point","coordinates":[4.96961,45.6768]},"properties":{"barrier":"fence","location":"outdoor","name":"Sous-station de Chandieu","operator":"SNCF Réseau","operator:wikidata":"Q21605526","power":"substation","ref:FR:RTE":"CHAND","ref:FR:RTE_nom":"CHANDIEU","ref:FR:SNCF_Reseau:GAIA":"14433622-6668-11e3-8cff-01f464e0362d","ref:RTE:codnat":"CHAND","source":"data.gouv.fr:RTE - 04/2017","substation":"traction","voltage":"63000","osm":"way/263991078"}},{"type":"Feature","geometry":{"type":"Point","coordinates":[6.29259,46.08524]},"properties":{"barrier":"fence","location":"outdoor","name":"Sous-station de Cornier","operator":"SNCF Réseau","operator:wikidata":"Q21605526","owner":"SNCF Réseau","power":"substation","substation":"traction","voltage":"63000;25000","osm":"way/268547996"}},{"type":"Feature","geometry":{"type":"Point","coordinates":[6.50743,46.06639]},"properties":{"barrier":"wall","location":"outdoor","operator":"RTE","operator:wikidata":"Q2178795","power":"substation","ref:FR:RTE":"VOUGY","ref:FR:RTE_nom":"VOUGY","source":"data.gouv.fr:RTE - 04/2017","substation":"distribution","voltage":"63000;20000","osm":"way/268548082"}},{"type":"Feature","geometry":{"type":"Point","coordinates":[6.5844,46.06032]},"properties":{"barrier":"fence","name":"Poste électrique de l'Epinette","operator":"RTE","operator:wikidata":"Q2178795","power":"substation","ref:FR:RTE":"CLUSE","ref:FR:RTE_nom":"CLUSES","source":"data.gouv.fr:RTE - 04/2017","substation":"distribution","voltage":"63000;20000","osm":"way/269910719"}},{"type":"Feature","geometry":{"type":"Point","coordinates":[5.8212,45.91189]},"properties":{"barrier":"fence","location":"outdoor","operator":"RTE","operator:wikidata":"Q2178795","power":"substation","ref:FR:RTE":"ANGLE","ref:FR:RTE_nom":"ANGLEFORT","source":"data.gouv.fr:RTE - 04/2017","substation":"industrial","voltage":"63000","osm":"way/269910765"}},{"type":"Feature","geometry":{"type":"Point","coordinates":[5.17752,46.14825]},"properties":{"barrier":"fence","operator":"RTE","operator:wikidata":"Q2178795","power":"substation","ref:FR:RTE":"SERVA","ref:FR:RTE_nom":"SERVAS","source":"data.gouv.fr:RTE - 04/2017","substation":"transmission","voltage":"63000","osm":"way/270269103"}},{"type":"Feature","geometry":{"type":"Point","coordinates":[6.79129,45.61964]},"properties":{"barrier":"fence","location":"outdoor","name":"Poste électrique de Malgovert","operator":"RTE","operator:wikidata":"Q2178795","power":"substation","ref:FR:RTE":"MALGO","ref:FR:RTE_nom":"MALGOVERT","substation":"transmission","voltage":"225000;63000","osm":"way/273536873"}},{"type":"Feature","geometry":{"type":"Point","coordinates":[2.20613,44.69954]},"properties":{"operator":"RTE","power":"substation","ref:FR:RTE":"MAURS","ref:FR:RTE_nom":"MAURS","source":"bing2014","substation":"transmission","voltage":"63000","osm":"way/281581267"}},{"type":"Feature","geometry":{"type":"Point","coordinates":[8.91221,46.16202]},"properties":{"barrier":"fence","landuse":"industrial","name":"Magadino","power":"substation","substation":"transmission","voltage":"220000;150000","osm":"way/281815404"}},{"type":"Feature","geometry":{"type":"Point","coordinates":[6.69367,46.19038]},"properties":{"barrier":"fence","location":"indoor","operator":"Enedis","operator:wikidata":"Q3587594","power":"substation","ref:FR:RTE":"MORZI","ref:FR:RTE_nom":"MORZINE","substation":"distribution","voltage":"63000;20000","osm":"way/283834475"}},{"type":"Feature","geometry":{"type":"Point","coordinates":[6.76705,46.1982]},"properties":{"building":"yes","location":"indoor","name":"Poste électrique d'Avoriaz","operator":"RTE","operator:wikidata":"Q2178795","power":"substation","ref:FR:RTE":"AVORI","ref:FR:RTE_nom":"AVORIAZ","source":"data.gouv.fr:RTE - 04/2017","substation":"distribution","voltage":"63000;20000","osm":"way/283835467"}},{"type":"Feature","geometry":{"type":"Point","coordinates":[6.4945,46.12387]},"properties":{"building":"yes","name":"Centrale électrique","operator":"RTE","operator:wikidata":"Q2178795","power":"substation","ref:FR:RTE":"GIFFR","ref:FR:RTE_nom":"GIFFRE (LE)","source":"data.gouv.fr:RTE - 04/2017","voltage":"63000","osm":"way/285808042"}},{"type":"Feature","geometry":{"type":"Point","coordinates":[6.51077,46.38871]},"properties":{"barrier":"fence","location":"outdoor","name":"Poste électrique du Mottay","operator":"RTE","operator:wikidata":"Q2178795","power":"substation","ref:FR:RTE":"MOTT6","ref:FR:RTE_nom":"MOTTAY (LE)","source":"data.gouv.fr:RTE - 04/2017","substation":"industrial","voltage":"63000;20000","osm":"way/288902457"}},{"type":"Feature","geometry":{"type":"Point","coordinates":[4.86928,45.81521]},"properties":{"barrier":"fence","operator":"RTE","operator:wikidata":"Q2178795","power":"substation","ref:FR:RTE":"CHANO","ref:FR:RTE_nom":"CHANOZ","source":"data.gouv.fr:RTE - 04/2017","voltage":"63000","osm":"way/298623671"}},{"type":"Feature","geometry":{"type":"Point","coordinates":[4.66306,46.42781]},"properties":{"barrier":"wall","location":"outdoor","name":"Poste électrique de Cluny","operator":"RTE","power":"substation","ref:FR:RTE":"CLUNY","ref:FR:RTE_nom":"CLUNY","source":"data.gouv.fr:RTE - 04/2017","substation":"distribution","voltage":"63000","osm":"way/303251091"}},{"type":"Feature","geometry":{"type":"Point","coordinates":[6.00339,47.2691]},"properties":{"barrier":"fence","location":"outdoor","name":"Sous-station des Quatrouillots","operator":"SNCF Réseau","operator:wikidata":"Q21605526","operator:wikipedia":"fr:SNCF Réseau","owner":"SNCF Reseau","power":"substation","ref:FR:RTE":"QUATR","ref:FR:RTE_nom":"QUATROUILLOTS (LES)","source":"data.gouv.fr:RTE - 04/2017","substation":"traction","voltage":"225000;25000","osm":"way/305072067"}},{"type":"Feature","geometry":{"type":"Point","coordinates":[8.8389,46.43869]},"properties":{"barrier":"fence","fixme":"name","name":"Centrale idroelettrica Piottino, Lavorgo","operator":"Swissgrid","operator:wikidata":"Q2373251","power":"substation","substation":"transmission","voltage":"150000","osm":"way/305192122"}},{"type":"Feature","geometry":{"type":"Point","coordinates":[6.3748,46.0466]},"properties":{"building":"industrial","layer":"2","location":"indoor","operator":"EDF","operator:wikidata":"Q274591","power":"substation","ref:FR:RTE":"SSFAU","ref:FR:RTE_nom":"ST-PIERRE-DE-FAUCIGNY","source":"data.gouv.fr:RTE - 04/2017","substation":"generation","voltage":"63000","osm":"way/311654479"}},{"type":"Feature","geometry":{"type":"Point","coordinates":[6.42323,45.66211]},"properties":{"barrier":"fence","location":"outdoor","operator":"SNCF Réseau","operator:wikidata":"Q21605526","owner":"SNCF Réseau","power":"substation","ref:FR:RTE":"NANT5","ref:FR:RTE_nom":"NANTET","substation":"traction","voltage":"63000","osm":"way/314620308"}},{"type":"Feature","geometry":{"type":"Point","coordinates":[4.50376,46.74712]},"properties":{"barrier":"wall","location":"outdoor","name":"Poste électrique Henri-Paul","note":"Périmètre fermé, ne pas tronçonner","operator":"RTE","operator:wikidata":"Q2178795","power":"substation","ref:FR:RTE":"H.PAU","ref:FR:RTE_nom":"HENRI-PAUL","source":"data.gouv.fr:RTE - 04/2017","substation":"transmission","voltage":"400000;225000;150000;63000;20000","wikidata":"Q124990039","osm":"way/318502246"}},{"type":"Feature","geometry":{"type":"Point","coordinates":[6.72082,45.21342]},"properties":{"barrier":"fence","location":"outdoor","operator":"Électricité de France","operator:short":"EDF","operator:wikidata":"Q274591","power":"substation","ref:FR:RTE":"AVRIE","ref:FR:RTE_nom":"AVRIEUX","substation":"generation","voltage":"10500;63000","osm":"way/319267837"}},{"type":"Feature","geometry":{"type":"Point","coordinates":[5.83487,45.97079]},"properties":{"barrier":"fence","location":"outdoor","operator":"CNR","power":"substation","ref:FR:RTE":"SEYSS","ref:FR:RTE_nom":"SEYSSEL","source":"data.gouv.fr:RTE - 04/2017","substation":"generation","voltage":"63000","osm":"way/320118815"}},{"type":"Feature","geometry":{"type":"Point","coordinates":[2.78477,44.51917]},"properties":{"operator":"RTE","power":"substation","ref:FR:RTE":"MIST5","ref:FR:RTE_nom":"MISTROU","voltage":"63000","osm":"way/335585985"}},{"type":"Feature","geometry":{"type":"Point","coordinates":[8.50477,47.38521]},"properties":{"addr:housenumber":"9","addr:street":"Hardgutstrasse","alt_name":"Unterwerk Altstetten-Alt","building":"industrial","frequency":"50","location":"indoor","name":"Unterwerk Hardgut","operator":"EWZ","power":"substation","substation":"distribution","voltage":"150000","osm":"way/356676410"}},{"type":"Feature","geometry":{"type":"Point","coordinates":[6.58472,45.20253]},"properties":{"barrier":"fence","location":"outdoor","name":"Poste électrique de Bissorte","operator":"RTE","power":"substation","ref:FR:RTE":"BISSO","ref:FR:RTE_nom":"BISSORTE","source":"data.gouv.fr:RTE - 04/2017","substation":"transmission","voltage":"63000;42000","osm":"way/356989554"}},{"type":"Feature","geometry":{"type":"Point","coordinates":[4.23638,45.73276]},"properties":{"building":"yes","frequency":"50","operator":"Enedis","operator:wikidata":"Q3587594","power":"substation","source":"cadastre-dgi-fr source : Direction Générale des Finances Publiques - Cadastre. Mise à jour : 2015","substation":"distribution","voltage":"63000;20000","osm":"way/364077434"}},{"type":"Feature","geometry":{"type":"Point","coordinates":[8.13108,46.39571]},"properties":{"barrier":"fence","landuse":"industrial","name":"Unterstation Fiesch","operator":"Gommer Kraftwerke AG","power":"substation","rating":"185 MVA;8500 kVA;12500 kVA","start_date":"1974","substation":"transmission","voltage":"225000;65000;16000","website":"https://www.gkw-ag.ch/de/kraftwerke/fiesch","osm":"way/364949845"}},{"type":"Feature","geometry":{"type":"Point","coordinates":[5.12034,46.33191]},"properties":{"barrier":"wall","name":"Montrevel PCCN","operator":"Enedis","power":"substation","ref:FR:RTE":"MTREV","ref:FR:RTE_nom":"MONTREVEL","source":"data.gouv.fr:RTE - 04/2017","substation":"distribution","voltage":"63000","osm":"way/366112789"}},{"type":"Feature","geometry":{"type":"Point","coordinates":[4.00468,45.26209]},"properties":{"location":"outdoor","operator":"RTE","operator:wikidata":"Q2178795","power":"substation","ref:FR:RTE":"A.NOR","ref:FR:RTE_nom":"ANCE-DU-NORD","source":"data.gouv.fr:RTE - 04/2017","substation":"transmission","voltage":"63000","osm":"way/366533822"}},{"type":"Feature","geometry":{"type":"Point","coordinates":[2.74714,45.08308]},"properties":{"building":"yes","location":"indoor","operator":"RTE","power":"substation","ref:FR:RTE":"LIORA","ref:FR:RTE_nom":"LIORAN","source":"cadastre-dgi-fr source : Direction Générale des Finances Publiques - Cadastre. Mise à jour : 2015","voltage":"63000","osm":"way/370089166"}},{"type":"Feature","geometry":{"type":"Point","coordinates":[6.58013,45.20418]},"properties":{"barrier":"wall","location":"outdoor","operator":"RTE","operator:wikidata":"Q2178795","power":"substation","substation":"transition","voltage":"400000","osm":"way/371282334"}},{"type":"Feature","geometry":{"type":"Point","coordinates":[6.56242,45.50433]},"properties":{"barrier":"fence","name":"Sous-station SNCF","operator":"SNCF Réseau","operator:wikidata":"Q21605526","owner":"SNCF Réseau","power":"substation","ref:FR:RTE":"BERMO","ref:FR:RTE_nom":"BERMONTS","substation":"traction","voltage":"63000;25000","osm":"way/371662892"}},{"type":"Feature","geometry":{"type":"Point","coordinates":[2.22423,45.24205]},"properties":{"barrier":"fence","location":"outdoor","operator":"EDF","power":"substation","ref:FR:RTE":"AIGLE","ref:FR:RTE_nom":"AIGLE (L )","substation":"transmission","voltage":"225000","osm":"way/397002685"}},{"type":"Feature","geometry":{"type":"Point","coordinates":[2.22335,45.24377]},"properties":{"barrier":"fence","operator":"EDF","operator:wikidata":"Q274591","power":"substation","ref:FR:RTE":"AIGLE","ref:FR:RTE_nom":"AIGLE (L )","substation":"generation","voltage":"225000","osm":"way/397002698"}},{"type":"Feature","geometry":{"type":"Point","coordinates":[2.4983,45.41307]},"properties":{"barrier":"fence","location":"roof","name":"Poste électrique de Bort","name:FR:RTE":"BORT","operator":"Électricité de France","operator:short":"EDF","operator:wikidata":"Q274591","power":"substation","ref:FR:RTE":"BORT","ref:FR:RTE_nom":"BORT","start_date":"1952","substation":"generation","voltage":"225000","osm":"way/397641831"}},{"type":"Feature","geometry":{"type":"Point","coordinates":[2.36489,45.38963]},"properties":{"barrier":"fence","location":"outdoor","name":"Poste électrique de Marèges","operator":"SHEM","operator:wikidata":"Q3488393","power":"substation","ref:FR:RTE":"MAREG","ref:FR:RTE_nom":"MAREGES","substation":"generation","voltage":"225000;90000","osm":"way/397641832"}},{"type":"Feature","geometry":{"type":"Point","coordinates":[2.36619,45.39073]},"properties":{"barrier":"fence","location":"outdoor","name":"Poste électrique de Saint Pierre","operator":"SHEM","operator:wikidata":"Q3488393","power":"substation","ref:FR:RTE":"SSPMA","ref:FR:RTE_nom":"ST-PIERRE-MAREGES","substation":"generation","voltage":"225000","osm":"way/397641847"}},{"type":"Feature","geometry":{"type":"Point","coordinates":[2.68284,44.76809]},"properties":{"barrier":"fence","building":"yes","location":"roof","name":"Brommat 1","operator":"EDF","operator:wikidata":"Q274591","power":"substation","ref:FR:RTE":"BROMM","ref:FR:RTE_nom":"BROMMAT","start_date":"1933","voltage":"225000","osm":"way/398618755"}},{"type":"Feature","geometry":{"type":"Point","coordinates":[4.78808,44.67599]},"properties":{"barrier":"fence","location":"outdoor","operator":"CNR","power":"substation","ref:FR:RTE":"L.NE5","ref:FR:RTE_nom":"LOGIS-NEUF (POSTE CENTRALE)","substation":"generation","voltage":"225000","osm":"way/401865591"}},{"type":"Feature","geometry":{"type":"Point","coordinates":[5.68524,44.96415]},"properties":{"barrier":"fence","location":"outdoor","name":"Portique de Monteynard","operator":"Électricité de France","operator:short":"EDF","operator:wikidata":"Q274591","power":"substation","ref:FR:RTE":"MTEYN","ref:FR:RTE_nom":"MONTEYNARD","substation":"transition","voltage":"225000","osm":"way/402057119"}},{"type":"Feature","geometry":{"type":"Point","coordinates":[6.03194,45.46558]},"properties":{"barrier":"fence","location":"outdoor","name":"Sous-station des Mollettes","operator":"SNCF Réseau","operator:wikidata":"Q21605526","power":"substation","ref:FR:RTE":"MOLL5","ref:FR:RTE_nom":"MOLLETTES (LES)","source":"data.gouv.fr:RTE - 12/2017","substation":"traction","voltage":"225000;25000","osm":"way/422963115"}},{"type":"Feature","geometry":{"type":"Point","coordinates":[5.77228,44.8721]},"properties":{"barrier":"fence","operator":"RTE","operator:wikidata":"Q2178795","power":"substation","ref:FR:RTE":"SSCOG","ref:FR:RTE_nom":"ST-PIERRE-COGNET","source":"data.gouv.fr:RTE - 04/2017","substation":"generation","voltage":"225000","osm":"way/424678723"}},{"type":"Feature","geometry":{"type":"Point","coordinates":[5.2589,45.79562]},"properties":{"barrier":"wall","name":"Poste électrique de Saint-Vulbas","operator":"RTE","operator:wikidata":"Q2178795","power":"substation","source":"cadastre-dgi-fr source : Direction Générale des Impôts - Cadastre. Mise à jour : 2009","voltage":"400000;225000;63000","osm":"way/426020756"}},{"type":"Feature","geometry":{"type":"Point","coordinates":[9.98907,45.62432]},"properties":{"name":"Cortefranca","operator":"Enel Distribuzione","operator:wikidata":"Q3725215","operator:wikipedia":"it:E-distribuzione","power":"substation","ref:terna":"MMILCRTM","substation":"distribution","voltage":"150000","osm":"way/435114152"}},{"type":"Feature","geometry":{"type":"Point","coordinates":[6.13902,45.04784]},"properties":{"location":"indoor","operator":"GEGrenoble","power":"substation","ref:FR:RTE":"MIZOE","ref:FR:RTE_nom":"MIZOEN","substation":"generation","voltage":"63000","osm":"way/435314733"}},{"type":"Feature","geometry":{"type":"Point","coordinates":[6.8863,45.28617]},"properties":{"barrier":"fence","location":"indoor","name":"Poste électrique de Lanslebourg","operator":"Enedis","operator:wikidata":"Q3587594","power":"substation","ref:FR:RTE":"LANSL","ref:FR:RTE_nom":"LANSLEBOURG","substation":"distribution","voltage":"63000;20000","osm":"way/435393130"}},{"type":"Feature","geometry":{"type":"Point","coordinates":[4.22948,44.70271]},"properties":{"barrier":"fence","location":"outdoor","name":"Poste de Montpezat","operator":"RTE","operator:wikidata":"Q2178795","power":"substation","ref:FR:RTE":"MTPEZ","ref:FR:RTE_nom":"MONTPEZAT","source":"Bing","substation":"transmission","voltage":"225000","osm":"way/440538762"}},{"type":"Feature","geometry":{"type":"Point","coordinates":[4.23105,44.70201]},"properties":{"barrier":"fence","name":"Poste de Montpezat","operator":"RTE","operator:wikidata":"Q2178795","power":"substation","ref:FR:RTE":"MTPEZ","ref:FR:RTE_nom":"MONTPEZAT","source":"Bing","substation":"transmission","voltage":"63000","osm":"way/440538763"}},{"type":"Feature","geometry":{"type":"Point","coordinates":[2.06773,45.07114]},"properties":{"barrier":"fence","operator":"EDF","operator:wikidata":"Q274591","power":"substation","ref:FR:RTE":"SSGEN","ref:FR:RTE_nom":"ST-GENIEZ","source":"data.gouv.fr:RTE - 04/2017","substation":"generation","voltage":"90000","osm":"way/446564668"}},{"type":"Feature","geometry":{"type":"Point","coordinates":[4.75544,44.63455]},"properties":{"barrier":"fence","frequency":"50","location":"outdoor","operator":"Électricité de France","operator:short":"EDF","operator:wikidata":"Q274591","power":"substation","ref:FR:RTE":"CRUA5","substation":"generation","voltage":"400000","osm":"way/448722471"}},{"type":"Feature","geometry":{"type":"Point","coordinates":[4.75608,44.6352]},"properties":{"barrier":"fence","frequency":"50","location":"outdoor","operator":"Électricité de France","operator:short":"EDF","operator:wikidata":"Q274591","power":"substation","ref:FR:RTE":"CRUA5","substation":"generation","voltage":"400000","osm":"way/448722478"}},{"type":"Feature","geometry":{"type":"Point","coordinates":[4.75308,44.63211]},"properties":{"barrier":"fence","frequency":"50","location":"outdoor","operator":"Électricité de France","operator:short":"EDF","operator:wikidata":"Q274591","power":"substation","ref:FR:RTE":"CRUA5","substation":"generation","voltage":"400000","osm":"way/448722485"}},{"type":"Feature","geometry":{"type":"Point","coordinates":[4.75371,44.63277]},"properties":{"barrier":"fence","frequency":"50","location":"outdoor","operator":"Électricité de France","operator:short":"EDF","operator:wikidata":"Q274591","power":"substation","ref:FR:RTE":"CRUA5","substation":"generation","voltage":"400000","osm":"way/448722491"}},{"type":"Feature","geometry":{"type":"Point","coordinates":[6.16115,46.87227]},"properties":{"barrier":"fence","name":"Poste source de Frasne","operator":"Enedis","operator:wikidata":"Q3587594","power":"substation","ref:FR:RTE":"BAUMO","ref:FR:RTE_nom":"BAUMONT","substation":"distribution","voltage":"63000;20000","osm":"way/449413597"}},{"type":"Feature","geometry":{"type":"Point","coordinates":[5.70949,45.1196]},"properties":{"operator":"RTE","operator:wikidata":"Q2178795","power":"substation","ref:FR:RTE":"P.CL5","ref:FR:RTE_nom":"PONT DE CLAIX","source":"data.gouv.fr:RTE - 04/2017","voltage":"63000","osm":"way/450066308"}},{"type":"Feature","geometry":{"type":"Point","coordinates":[5.70848,45.11995]},"properties":{"operator":"RTE","operator:wikidata":"Q2178795","power":"substation","ref:FR:RTE":"P.CL5","ref:FR:RTE_nom":"PONT DE CLAIX","source":"data.gouv.fr:RTE - 04/2017","voltage":"63000","osm":"way/450066372"}},{"type":"Feature","geometry":{"type":"Point","coordinates":[5.70107,45.12304]},"properties":{"operator":"SNCF Réseau","operator:wikidata":"Q21605526","power":"substation","ref:FR:RTE":"P.CL5","ref:FR:RTE_nom":"PONT DE CLAIX","voltage":"63000","osm":"way/450076034"}},{"type":"Feature","geometry":{"type":"Point","coordinates":[4.92793,45.52138]},"properties":{"barrier":"wall","location":"outdoor","name":"Poste électrique de Pont-Évêque","operator":"RTE","operator:wikidata":"Q2178795","power":"substation","ref:FR:RTE":"P.EVE","ref:FR:RTE_nom":"PONT-EVEQUE","source":"data.gouv.fr:RTE - 04/2017","substation":"transmission","voltage":"225000;63000","osm":"way/454932860"}},{"type":"Feature","geometry":{"type":"Point","coordinates":[6.47074,45.56376]},"properties":{"barrier":"fence","location":"outdoor","name":"Poste électrique de Feissons","operator":"Électricité de France","operator:wikidata":"Q274591","power":"substation","ref:FR:RTE":"FEISS","ref:FR:RTE_nom":"FEISSONS","substation":"generation","voltage":"63000","osm":"way/455838097"}},{"type":"Feature","geometry":{"type":"Point","coordinates":[6.86061,45.60065]},"properties":{"barrier":"fence","location":"outdoor","name":"Poste électrique de Viclaire","operator":"RTE","operator:wikidata":"Q2178795","power":"substation","ref:FR:RTE":"VICLA","ref:FR:RTE_nom":"VICLAIRE","source":"data.gouv.fr:RTE - 04/2017","substation":"transmission","voltage":"63000","osm":"way/455838176"}},{"type":"Feature","geometry":{"type":"Point","coordinates":[6.92377,45.50481]},"properties":{"building":"yes","location":"indoor","power":"substation","voltage":"63000","osm":"way/455838180"}},{"type":"Feature","geometry":{"type":"Point","coordinates":[5.7917,45.04636]},"properties":{"barrier":"fence","location":"outdoor","operator":"Électricité de France","operator:short":"EDF","operator:wikidata":"Q274591","power":"substation","ref:FR:RTE":"L.MOR","ref:FR:RTE_nom":"LAC-MORT","substation":"transmission","voltage":"63000","osm":"way/457802666"}},{"type":"Feature","geometry":{"type":"Point","coordinates":[5.91496,46.7453]},"properties":{"barrier":"fence","location":"outdoor","name":"Aciéries de Champagnole","operator":"RTE","operator:wikidata":"Q2178795","operator:wikipedia":"fr:RTE (entreprise)","power":"substation","ref:FR:RTE":"A.CHA","ref:FR:RTE_nom":"ACIERIES-DE-CHAMPAGNOLE","source":"data.gouv.fr:RTE - 04/2017","substation":"industrial","voltage":"63000","osm":"way/461939988"}},{"type":"Feature","geometry":{"type":"Point","coordinates":[5.59209,46.29308]},"properties":{"barrier":"fence","location":"outdoor","operator":"EDF","power":"substation","ref:FR:RTE":"COISE","ref:FR:RTE_nom":"COISELET","substation":"transmission","voltage":"63000","osm":"way/462675201"}},{"type":"Feature","geometry":{"type":"Point","coordinates":[6.05423,47.2672]},"properties":{"barrier":"wall","location":"outdoor","name":"Poste électrique de Palente","operator":"RTE","operator:wikidata":"Q2178795","power":"substation","ref:FR:RTE":"PALEN","ref:FR:RTE_nom":"PALENTE","source":"cadastre-dgi-fr source : Direction Générale des Impôts - Cadastre ; mise à jour : 2009","substation":"transmission","voltage":"225000;63000","osm":"way/468096792"}},{"type":"Feature","geometry":{"type":"Point","coordinates":[4.40513,45.41316]},"properties":{"barrier":"wall","frequency":"50","location":"outdoor","name":"Poste électrique de La Rivière","operator":"RTE","operator:wikidata":"Q2178795","power":"substation","ref:FR:RTE":"RIVIE","ref:FR:RTE_nom":"RIVIERE (LA)","source":"data.gouv.fr:RTE - 04/2017","substation":"transmission","voltage":"225000;63000;20000","osm":"way/473670083"}},{"type":"Feature","geometry":{"type":"Point","coordinates":[6.32026,45.52705]},"properties":{"barrier":"fence","name":"Station EDF de Randens","operator":"Électricité de France","operator:wikidata":"Q274591","power":"substation","substation":"generation","voltage":"150000","osm":"way/473905273"}},{"type":"Feature","geometry":{"type":"Point","coordinates":[6.33652,45.6505]},"properties":{"operator":"SNCF Réseau","operator:wikidata":"Q21605526","power":"substation","ref:FR:RTE":"GILLY","ref:FR:RTE_nom":"GILLY","source":"data.gouv.fr:RTE - 04/2017","substation":"traction","voltage":"63000","osm":"way/475531675"}},{"type":"Feature","geometry":{"type":"Point","coordinates":[5.5552,47.13435]},"properties":{"fixme":"name","operator":"RTE","operator:wikidata":"Q2178795","operator:wikipedia":"fr:RTE (entreprise)","power":"substation","ref:FR:RTE":"R.NEN","ref:FR:RTE_nom":"ROCHEFORT-SUR-NENON","source":"data.gouv.fr:RTE - 04/2017","substation":"industrial","voltage":"63000","osm":"way/475665938"}},{"type":"Feature","geometry":{"type":"Point","coordinates":[2.1907,45.95336]},"properties":{"barrier":"fence","location":"outdoor","name":"Poste source d'Aubusson","operator":"Enedis","operator:wikidata":"Q3587594","power":"substation","substation":"distribution","voltage":"63000;20000","osm":"way/475704762"}},{"type":"Feature","geometry":{"type":"Point","coordinates":[3.92219,47.49887]},"properties":{"barrier":"fence","location":"outdoor","name":"Poste électrique de la Croix-Verte","operator":"RTE","operator:wikidata":"Q2178795","power":"substation","ref:FR:RTE":"C.VE5","ref:FR:RTE_nom":"CROIX-VERTE (LA)","source":"data.gouv.fr:RTE - 04/2017","voltage":"63000","osm":"way/475954285"}},{"type":"Feature","geometry":{"type":"Point","coordinates":[3.25437,45.55582]},"properties":{"barrier":"wall","frequency":"50","location":"outdoor","name":"Poste électrique d'Issoire","operator":"RTE","operator:wikidata":"Q2178795","power":"substation","ref:FR:RTE":"MAZE5","ref:FR:RTE_nom":"MAZE (CLIENT)","source":"data.gouv.fr:RTE - 04/2017","substation":"industrial","voltage":"63000;225000","osm":"way/477926841"}},{"type":"Feature","geometry":{"type":"Point","coordinates":[2.3706,46.80394]},"properties":{"frequency":"50","location":"outdoor","name":"Poste Électrique de Bigny","operator":"RTE","power":"substation","ref:FR:RTE":"BIGNY","ref:FR:RTE_nom":"BIGNY","source":"data.gouv.fr:RTE - 04/2017","voltage":"90000","osm":"way/481332881"}},{"type":"Feature","geometry":{"type":"Point","coordinates":[2.59236,46.89138]},"properties":{"barrier":"fence","frequency":"50","location":"outdoor","name":"Poste Électrique Dun","operator":"RTE","power":"substation","ref:FR:RTE":"DUN","ref:FR:RTE_nom":"DUN","source":"data.gouv.fr:RTE - 04/2017","voltage":"90000","osm":"way/481335268"}},{"type":"Feature","geometry":{"type":"Point","coordinates":[2.38559,47.09904]},"properties":{"barrier":"fence","frequency":"50","location":"outdoor","name":"Poste Électrique Le Paradis","operator":"Michelin","operator:wikidata":"Q151107","power":"substation","ref:FR:RTE":"PARAD","ref:FR:RTE_nom":"PARADIS (LE)","substation":"industrial","voltage":"90000","osm":"way/481345587"}},{"type":"Feature","geometry":{"type":"Point","coordinates":[2.03291,47.0113]},"properties":{"barrier":"fence","operator":"SNCF Réseau","operator:wikidata":"Q21605526","power":"substation","ref:FR:RTE":"GENEV","ref:FR:RTE_nom":"GENEVRAIE (LA)","ref:FR:SNCF_Reseau:GAIA":"1440de40-6668-11e3-8cff-01f464e0362d","source":"data.gouv.fr:RTE - 04/2017","substation":"traction","voltage":"90000","osm":"way/488445273"}},{"type":"Feature","geometry":{"type":"Point","coordinates":[2.04891,47.42042]},"properties":{"frequency":"50","location":"outdoor","name":"Salbris","operator":"SNCF Réseau","operator:wikidata":"Q21605526","power":"substation","ref:FR:RTE":"SALBR","ref:FR:RTE_nom":"SALBRIS","substation":"traction","voltage":"90000","osm":"way/488854512"}},{"type":"Feature","geometry":{"type":"Point","coordinates":[1.99964,44.60644]},"properties":{"barrier":"fence","name":"Poste de Figeac","operator":"RTE","operator:wikidata":"Q2178795","power":"substation","ref:FR:RTE":"FIGEA","ref:FR:RTE_nom":"FIGEAC","source":"data.gouv.fr:RTE - 04/2017","voltage":"63000","osm":"way/490159566"}},{"type":"Feature","geometry":{"type":"Point","coordinates":[5.39692,47.05886]},"properties":{"operator":"RTE","operator:wikidata":"Q2178795","power":"substation","ref:FR:RTE":"TAVAU","ref:FR:RTE_nom":"TAVAUX (STE SOLVAY A TAVAUX)","source":"data.gouv.fr:RTE - 12/2018","substation":"industrial","voltage":"225000","osm":"way/490176634"}},{"type":"Feature","geometry":{"type":"Point","coordinates":[4.85656,46.80654]},"properties":{"operator":"RTE","operator:wikidata":"Q2178795","power":"substation","ref:FR:RTE":"CHA.N","ref:FR:RTE_nom":"CHALON-NORD","source":"data.gouv.fr:RTE - 04/2017","voltage":"63000","osm":"way/490176635"}},{"type":"Feature","geometry":{"type":"Point","coordinates":[4.45228,46.78233]},"properties":{"operator":"RTE","power":"substation","ref:FR:RTE":"P.BO8","ref:FR:RTE_nom":"PETIT-BOULAY","source":"data.gouv.fr:RTE - 04/2017","substation":"industrial","voltage":"150000","osm":"way/490176636"}},{"type":"Feature","geometry":{"type":"Point","coordinates":[4.81222,46.2871]},"properties":{"name":"Mâcon-Sud","operator":"RTE","operator:wikidata":"Q2178795","power":"substation","ref:FR:RTE":"MAC.S","ref:FR:RTE_nom":"MACON-SUD","source":"data.gouv.fr:RTE - 04/2017","voltage":"63000","osm":"way/490186056"}},{"type":"Feature","geometry":{"type":"Point","coordinates":[6.77566,47.42152]},"properties":{"barrier":"fence","location":"outdoor","name":"Poste électrique du Bourguignon","operator":"RTE","operator:wikidata":"Q2178795","power":"substation","ref:FR:RTE":"BZGUI","ref:FR:RTE_nom":"BOURGUIGNON","source":"data.gouv.fr:RTE - 04/2017","start_date":"2012","substation":"transmission","voltage":"225000;63000","osm":"way/490191058"}},{"type":"Feature","geometry":{"type":"Point","coordinates":[5.17897,46.79998]},"properties":{"operator":"RTE","power":"substation","ref:FR:RTE":"MERVA","ref:FR:RTE_nom":"MERVANS","source":"data.gouv.fr:RTE - 04/2017","substation":"traction","voltage":"63000","osm":"way/490392947"}},{"type":"Feature","geometry":{"type":"Point","coordinates":[5.07938,47.32498]},"properties":{"frequency":"50","name":"Poste électrique de Saint-Apollinaire","operator":"RTE","operator:wikidata":"Q2178795","power":"substation","ref:FR:RTE":"SSAPO","ref:FR:RTE_nom":"ST-APOLLINAIRE","source":"data.gouv.fr:RTE - 2021-01","substation":"distribution","voltage":"63000;20000","osm":"way/490392948"}},{"type":"Feature","geometry":{"type":"Point","coordinates":[4.99572,47.22199]},"properties":{"frequency":"50","operator":"SNCF Réseau","operator:wikidata":"Q21605526","power":"substation","ref:FR:RTE":"GEVRE","ref:FR:RTE_nom":"GEVREY","source":"data.gouv.fr:RTE - 04/2017","substation":"traction","voltage":"63000","osm":"way/490392949"}},{"type":"Feature","geometry":{"type":"Point","coordinates":[5.36251,46.27103]},"properties":{"name":"Poste électrique de Treffort","operator":"RTE","operator:wikidata":"Q2178795","power":"substation","ref:FR:RTE":"TREFF","ref:FR:RTE_nom":"TREFFORT","source":"data.gouv.fr:RTE - 04/2017","voltage":"63000","osm":"way/490505178"}},{"type":"Feature","geometry":{"type":"Point","coordinates":[4.39562,45.46055]},"properties":{"frequency":"50","name":"Poste électrique du Marais (Ascometal)","operator":"RTE","operator:wikidata":"Q2178795","power":"substation","ref:FR:RTE":"MARA5","ref:FR:RTE_nom":"MARAIS","source":"data.gouv.fr:RTE - 04/2017","substation":"industrial","voltage":"63000","osm":"way/490505180"}},{"type":"Feature","geometry":{"type":"Point","coordinates":[5.21843,46.34016]},"properties":{"barrier":"fence","name":"Etrez 63 kV","operator":"RTE","operator:wikidata":"Q2178795","power":"substation","ref:FR:RTE":"ETREZ","ref:FR:RTE_nom":"ETREZ","source":"data.gouv.fr:RTE - 04/2017","substation":"industrial","utility":"power","voltage":"63000","osm":"way/490505464"}},{"type":"Feature","geometry":{"type":"Point","coordinates":[5.99555,47.25653]},"properties":{"barrier":"fence","operator":"RTE","operator:wikidata":"Q2178795","operator:wikipedia":"fr:RTE (entreprise)","power":"substation","ref:FR:RTE":"MTBOU","ref:FR:RTE_nom":"MONTBOUCONS","source":"data.gouv.fr:RTE - 04/2017","start_date":"2000","voltage":"63000","osm":"way/490508647"}},{"type":"Feature","geometry":{"type":"Point","coordinates":[4.84345,45.68543]},"properties":{"operator":"RTE","operator:wikidata":"Q2178795","power":"substation","ref:FR:RTE":"RAMB5","ref:FR:RTE_nom":"RAMBOZ","source":"data.gouv.fr:RTE - 04/2017","voltage":"63000","osm":"way/490508648"}},{"type":"Feature","geometry":{"type":"Point","coordinates":[4.90131,45.71097]},"properties":{"operator":"RTE","operator:wikidata":"Q2178795","power":"substation","ref:FR:RTE":"PARIL","ref:FR:RTE_nom":"PARILLY","source":"data.gouv.fr:RTE - 04/2017","voltage":"63000","osm":"way/490508649"}},{"type":"Feature","geometry":{"type":"Point","coordinates":[4.71351,45.77818]},"properties":{"operator":"RTE","operator:wikidata":"Q2178795","power":"substation","ref:FR:RTE":"BROSS","ref:FR:RTE_nom":"BROSSE","source":"data.gouv.fr:RTE - 04/2017","voltage":"63000","osm":"way/490508650"}},{"type":"Feature","geometry":{"type":"Point","coordinates":[4.81749,45.71129]},"properties":{"name":"Sous-station de la Saulaie","operator":"SNCF Réseau","operator:wikidata":"Q21605526","power":"substation","ref:FR:RTE":"SAULA","ref:FR:RTE_nom":"SAULAIE (LA)","source":"data.gouv.fr:RTE - 04/2017","substation":"traction","voltage":"63000","osm":"way/490508651"}},{"type":"Feature","geometry":{"type":"Point","coordinates":[4.82335,45.71006]},"properties":{"operator":"RTE","operator:wikidata":"Q2178795","power":"substation","ref:FR:RTE":"MOIS5","ref:FR:RTE_nom":"MOISSAN","source":"data.gouv.fr:RTE - 04/2017","voltage":"63000","osm":"way/490508652"}},{"type":"Feature","geometry":{"type":"Point","coordinates":[4.89567,45.80549]},"properties":{"location":"outdoor","operator":"RTE","power":"substation","ref:FR:RTE":"CREPI","ref:FR:RTE_nom":"CREPIEUX","source":"data.gouv.fr:RTE - 04/2017","substation":"industrial","voltage":"63000","osm":"way/490508654"}},{"type":"Feature","geometry":{"type":"Point","coordinates":[6.51816,45.45695]},"properties":{"barrier":"fence","location":"outdoor","operator":"Électricité de France","operator:short":"EDF","operator:wikidata":"Q274591","power":"substation","ref:FR:RTE":"RAGEA","ref:FR:RTE_nom":"RAGEAT (LA)","substation":"generation","voltage":"63000","osm":"way/491465448"}},{"type":"Feature","geometry":{"type":"Point","coordinates":[6.0797,46.27004]},"properties":{"barrier":"fence","name":"Poste électrique de Prévessin-Moëns","operator":"RTE","power":"substation","ref:FR:RTE":"P.MOE","ref:FR:RTE_nom":"PREVESSIN-MOENS","source":"data.gouv.fr:RTE - 04/2017","voltage":"63000","osm":"way/491655569"}},{"type":"Feature","geometry":{"type":"Point","coordinates":[5.10075,45.84611]},"properties":{"operator":"RTE","operator:wikidata":"Q2178795","power":"substation","ref:FR:RTE":"BALAN","ref:FR:RTE_nom":"BALAN","source":"data.gouv.fr:RTE - 04/2017","voltage":"63000","osm":"way/493264931"}},{"type":"Feature","geometry":{"type":"Point","coordinates":[5.421,46.11334]},"properties":{"name":"Poste électrique d’Allement (portique)","operator":"RTE","power":"substation","ref:FR:RTE":"ALLE5","ref:FR:RTE_nom":"ALLEMENT","source":"data.gouv.fr:RTE - 04/2017","voltage":"63000","osm":"way/494778233"}},{"type":"Feature","geometry":{"type":"Point","coordinates":[3.00299,44.89112]},"properties":{"location":"outdoor","operator":"EDF","power":"substation","ref:FR:RTE":"LANAU","ref:FR:RTE_nom":"LANAU","source":"data.gouv.fr:RTE - 12/2017","substation":"transmission","voltage":"225000","osm":"way/495078839"}},{"type":"Feature","geometry":{"type":"Point","coordinates":[3.02386,45.22266]},"properties":{"barrier":"fence","operator":"RTE","power":"substation","ref:FR:RTE":"PEYRU","ref:FR:RTE_nom":"PEYRUSSE","source":"data.gouv.fr:RTE - 04/2017","substation":"generation","voltage":"63000","osm":"way/495078841"}},{"type":"Feature","geometry":{"type":"Point","coordinates":[3.69722,47.25513]},"properties":{"barrier":"fence","operator":"RTE","operator:wikidata":"Q2178795","power":"substation","ref:FR:RTE":"CORB9","ref:FR:RTE_nom":"CORBIGNY","source":"data.gouv.fr:RTE - 04/2017","voltage":"63000","osm":"way/498068698"}},{"type":"Feature","geometry":{"type":"Point","coordinates":[3.93883,47.05773]},"properties":{"operator":"RTE","power":"substation","ref:FR:RTE":"C.CHI","ref:FR:RTE_nom":"CHATEAU-CHINON","source":"data.gouv.fr:RTE - 04/2017","voltage":"63000","osm":"way/498068699"}},{"type":"Feature","geometry":{"type":"Point","coordinates":[4.31822,46.95574]},"properties":{"operator":"RTE","power":"substation","ref:FR:RTE":"AUTUN","ref:FR:RTE_nom":"AUTUN","source":"data.gouv.fr:RTE - 04/2017","voltage":"63000","osm":"way/498125917"}},{"type":"Feature","geometry":{"type":"Point","coordinates":[3.30585,44.66076]},"properties":{"operator":"RTE","operator:wikidata":"Q2178795","operator:wikipedia":"fr:RTE (entreprise)","power":"substation","ref:FR:RTE":"SSSA7","ref:FR:RTE_nom":"ST-SAUVEUR","source":"data.gouv.fr:RTE - 04/2017","substation":"traction","voltage":"63000","osm":"way/498126333"}},{"type":"Feature","geometry":{"type":"Point","coordinates":[5.90161,45.69692]},"properties":{"name":"Poste électrique SNCF","operator":"RTE","operator:wikidata":"Q2178795","power":"substation","ref:FR:RTE":"A.BA5","ref:FR:RTE_nom":"AIX-LES-BAINS","source":"data.gouv.fr:RTE - 04/2017","substation":"traction","voltage":"63000","osm":"way/501257383"}},{"type":"Feature","geometry":{"type":"Point","coordinates":[5.91294,45.6941]},"properties":{"barrier":"wall","name":"Poste électrique d'Aix-les-Bains","operator":"RTE","operator:wikidata":"Q2178795","power":"substation","ref:FR:RTE":"A.BAI","ref:FR:RTE_nom":"AIX-LES-BAINS","source":"data.gouv.fr:RTE - 04/2017","substation":"transmission","voltage":"63000","osm":"way/501257385"}},{"type":"Feature","geometry":{"type":"Point","coordinates":[6.43858,45.18714]},"properties":{"location":"indoor","name":"Poste source de Valloire","operator":"Sorea","power":"substation","ref:FR:RTE":"COL","ref:FR:RTE_nom":"COL (LE)","substation":"distribution","voltage":"150000;20000","osm":"way/502191069"}},{"type":"Feature","geometry":{"type":"Point","coordinates":[6.03073,45.47048]},"properties":{"barrier":"fence","frequency":"0","landuse":"industrial","name":"Station de conversion Savoie piemont 320 kV","operator":"RTE","operator:wikidata":"Q2178795","power":"substation","start_date":"2022","substation":"converter","voltage":"400000","osm":"way/508026463"}},{"type":"Feature","geometry":{"type":"Point","coordinates":[6.8618,45.60145]},"properties":{"barrier":"fence","location":"outdoor","name":"livraison régies","operator":"RTE","operator:wikidata":"Q2178795","power":"substation","substation":"distribution","voltage":"63000;20000","osm":"way/510980787"}},{"type":"Feature","geometry":{"type":"Point","coordinates":[6.79059,45.61818]},"properties":{"barrier":"fence","location":"outdoor","operator":"EDF","operator:wikidata":"Q274591","power":"substation","substation":"generation","voltage":"225000","osm":"way/511832884"}},{"type":"Feature","geometry":{"type":"Point","coordinates":[6.77204,45.6107]},"properties":{"barrier":"fence","name":"Bourg-Saint-Maurice","operator":"SNCF Réseau","operator:wikidata":"Q21605526","power":"substation","ref:FR:RTE":"B.MAU","ref:FR:RTE_nom":"BOURG-ST-MAURICE","substation":"traction","voltage":"63000;25000","osm":"way/512157903"}},{"type":"Feature","geometry":{"type":"Point","coordinates":[4.88857,45.78812]},"properties":{"barrier":"wall","operator":"RTE","operator:wikidata":"Q2178795","power":"substation","ref:FR:RTE":"FEYSS","ref:FR:RTE_nom":"FEYSSINE(LA)","source":"data.gouv.fr:RTE - 04/2017","substation":"industrial","voltage":"63000","osm":"way/513653625"}},{"type":"Feature","geometry":{"type":"Point","coordinates":[6.36704,45.66563]},"properties":{"barrier":"wall","operator":"Enedis","operator:wikidata":"Q3587594","power":"substation","ref:FR:RTE":"ARLAN","ref:FR:RTE_nom":"ARLANDE (L )","source":"data.gouv.fr:RTE - 04/2017","substation":"distribution","voltage":"63000","osm":"way/518136754"}},{"type":"Feature","geometry":{"type":"Point","coordinates":[6.02694,45.89574]},"properties":{"barrier":"fence","location":"outdoor","operator":"EDF","power":"substation","ref:FR:RTE":"CHAVA","ref:FR:RTE_nom":"CHAVAROCHE","source":"data.gouv.fr:RTE - 04/2017","substation":"generation","voltage":"63000","osm":"way/520131509"}},{"type":"Feature","geometry":{"type":"Point","coordinates":[8.54736,47.37416]},"properties":{"addr:city":"Zürich","addr:housenumber":"10","addr:postcode":"8001","addr:street":"Sempersteig","frequency":"50","layer":"-1","location":"underground","name":"Unterwerk Sempersteig","operator":"EWZ","operator:wikidata":"Q1326645","power":"substation","substation":"distribution","voltage":"150000;22000","osm":"way/520140567"}},{"type":"Feature","geometry":{"type":"Point","coordinates":[8.5232,47.3385]},"properties":{"addr:city":"Zürich","addr:housenumber":"9a","addr:postcode":"8038","addr:street":"Hesenlooweg","frequency":"50","layer":"-1","location":"indoor","name":"Unterwerk Frohalp","operator":"EWZ","operator:wikidata":"Q1326645","power":"substation","substation":"distribution","voltage":"150000;22000","osm":"way/520515580"}},{"type":"Feature","geometry":{"type":"Point","coordinates":[8.50402,47.41244]},"properties":{"area":"yes","frequency":"50","location":"outdoor","name":"Unterwerk Hönggerberg","operator":"EWZ","operator:wikidata":"Q1326645","power":"substation","substation":"distribution","voltage":"150000;22000","osm":"way/520515581"}},{"type":"Feature","geometry":{"type":"Point","coordinates":[8.54406,47.3993]},"properties":{"addr:city":"Zürich","addr:housenumber":"10","addr:postcode":"8057","addr:street":"Hirschwiesenstrasse","alt_name":"EWZ Unterwerk Irchel","frequency":"50","layer":"-1","location":"underground","name":"Unterwerk Irchel","operator":"EWZ","power":"substation","substation":"distribution","voltage":"150000;22000","osm":"way/521929331"}},{"type":"Feature","geometry":{"type":"Point","coordinates":[5.73454,45.54277]},"properties":{"barrier":"fence","location":"outdoor","operator":"RTE","operator:wikidata":"Q2178795","power":"substation","ref:FR:RTE":"BRIDO","ref:FR:RTE_nom":"BRIDOIRE (LA)","source":"data.gouv.fr:RTE - 04/2017","substation":"transmission","voltage":"63000","osm":"way/523396336"}},{"type":"Feature","geometry":{"type":"Point","coordinates":[8.48969,47.38258]},"properties":{"alt_name":"Unterwerk Altstetten-Neu","frequency":"50","location":"indoor","name":"Unterwerk Altstetten","note":"Auf der ehemaligen Freiluftschaltanlage stehen nur noch Isolatoren; Anlage vermutlich in Gebäude 68 verlegt.","operator":"EWZ","power":"substation","substation":"distribution","voltage":"150000;22000","osm":"way/530012504"}},{"type":"Feature","geometry":{"type":"Point","coordinates":[6.11968,45.45168]},"properties":{"barrier":"fence","location":"outdoor","operator":"RTE","operator:wikidata":"Q2178795","power":"substation","ref:FR:RTE":"ROCH6","ref:FR:RTE_nom":"ROCHETTE (LA)","source":"data.gouv.fr:RTE - 04/2017","substation":"industrial","voltage":"63000","osm":"way/530434146"}},{"type":"Feature","geometry":{"type":"Point","coordinates":[6.12187,45.43939]},"properties":{"barrier":"fence","location":"outdoor","operator":"Électricité de France","operator:short":"EDF","operator:wikidata":"Q274591","power":"substation","ref:FR:RTE":"BENS","ref:FR:RTE_nom":"LE BENS","source":"data.gouv.fr:RTE - 04/2017","substation":"generation","voltage":"63000","osm":"way/530434152"}},{"type":"Feature","geometry":{"type":"Point","coordinates":[6.56288,45.4987]},"properties":{"location":"outdoor","operator":"Électricité de France","operator:short":"EDF","operator:wikidata":"Q274591","power":"substation","ref:FR:RTE":"POM.C","ref:FR:RTE_nom":"POMBLIERE (POSTE CENTRALE)","substation":"generation","voltage":"63000","osm":"way/536508851"}},{"type":"Feature","geometry":{"type":"Point","coordinates":[6.43768,45.64203]},"properties":{"barrier":"wall","location":"outdoor","operator":"RTE","operator:wikidata":"Q2178795","power":"substation","ref:FR:RTE":"VERNA","ref:FR:RTE_nom":"VERNAYS (LES)","source":"data.gouv.fr:RTE - 04/2017","substation":"industrial","voltage":"63000","osm":"way/540272343"}},{"type":"Feature","geometry":{"type":"Point","coordinates":[4.79424,45.3435]},"properties":{"barrier":"wall","operator":"RTE","operator:wikidata":"Q2178795","power":"substation","ref:FR:RTE":"PAPIN","ref:FR:RTE_nom":"PAPIN","source":"data.gouv.fr:RTE - 04/2017","substation":"distribution","voltage":"225000","osm":"way/545808274"}},{"type":"Feature","geometry":{"type":"Point","coordinates":[4.87222,44.9611]},"properties":{"barrier":"fence","location":"outdoor","operator":"CNR","power":"substation","ref:FR:RTE":"B.VAL","ref:FR:RTE_nom":"BOURG-LES-VALENCE","substation":"generation","voltage":"225000","osm":"way/553509645"}},{"type":"Feature","geometry":{"type":"Point","coordinates":[4.8114,44.82357]},"properties":{"barrier":"fence","location":"outdoor","operator":"CNR;RTE","power":"substation","ref:FR:RTE":"BXCHA","ref:FR:RTE_nom":"BEAUCHASTEL","substation":"transmission","voltage":"225000","osm":"way/553509651"}},{"type":"Feature","geometry":{"type":"Point","coordinates":[4.17774,45.22305]},"properties":{"operator":"RTE","operator:wikidata":"Q2178795","power":"substation","ref:FR:RTE":"VENDE","ref:FR:RTE_nom":"VENDETS","source":"data.gouv.fr:RTE - 04/2017","voltage":"63000","osm":"way/564734569"}},{"type":"Feature","geometry":{"type":"Point","coordinates":[4.1872,45.16144]},"properties":{"operator":"RTE","operator:wikidata":"Q2178795","power":"substation","ref:FR:RTE":"VERSI","ref:FR:RTE_nom":"VERSILHAC","source":"data.gouv.fr:RTE - 04/2017","voltage":"63000","osm":"way/564734570"}},{"type":"Feature","geometry":{"type":"Point","coordinates":[4.14607,45.24596]},"properties":{"operator":"RTE","operator:wikidata":"Q2178795","power":"substation","ref:FR:RTE":"P.LIG","ref:FR:RTE_nom":"PONT-DE-LIGNON","source":"data.gouv.fr:RTE - 12/2018","voltage":"63000","osm":"way/564734572"}},{"type":"Feature","geometry":{"type":"Point","coordinates":[4.69499,45.69598]},"properties":{"barrier":"wall","frequency":"50","height":"2","location":"outdoor","operator":"RTE","operator:wikidata":"Q2178795","power":"substation","ref:FR:RTE":"MESSI","ref:FR:RTE_nom":"MESSIMY-NEMOZ","source":"data.gouv.fr:RTE - 04/2017","start_date":"2017-01","substation":"distribution","voltage":"63000","osm":"way/568163282"}},{"type":"Feature","geometry":{"type":"Point","coordinates":[2.00812,45.15104]},"properties":{"location":"outdoor","operator":"RTE","power":"substation","ref:FR:RTE":"CHAST","ref:FR:RTE_nom":"CHASTANG (LE)","substation":"transmission","voltage":"225000","osm":"way/583372084"}},{"type":"Feature","geometry":{"type":"Point","coordinates":[2.00893,45.15101]},"properties":{"barrier":"fence","location":"outdoor","operator":"EDF","power":"substation","ref:FR:RTE":"CHAST","ref:FR:RTE_nom":"CHASTANG (LE)","substation":"transmission","voltage":"225000","osm":"way/583372101"}},{"type":"Feature","geometry":{"type":"Point","coordinates":[2.21882,44.94546]},"properties":{"barrier":"fence","location":"outdoor","operator":"EDF","operator:wikidata":"Q274591","power":"substation","ref:FR:RTE":"SSCAN","ref:FR:RTE_nom":"ST-ETIENNE-CANTALES","substation":"generation","voltage":"90000","osm":"way/585985159"}},{"type":"Feature","geometry":{"type":"Point","coordinates":[2.19443,45.0815]},"properties":{"barrier":"fence","location":"outdoor","name":"Poste électrique de l'Enchanet","operator":"EDF","operator:wikidata":"Q274591","power":"substation","ref:FR:RTE":"ENCHA","ref:FR:RTE_nom":"ENCHANET","substation":"transmission","voltage":"225000","osm":"way/585985166"}},{"type":"Feature","geometry":{"type":"Point","coordinates":[2.09735,47.21289]},"properties":{"operator":"SNCF Réseau","operator:wikidata":"Q21605526","power":"substation","ref:FR:RTE":"CHAG5","ref:FR:RTE_nom":"CHAGNOT","ref:FR:SNCF_Reseau:GAIA":"1440cc38-6668-11e3-8cff-01f464e0362d","source":"data.gouv.fr:RTE - 04/2017","substation":"traction","voltage":"90000","osm":"way/589493701"}},{"type":"Feature","geometry":{"type":"Point","coordinates":[6.13607,47.23338]},"properties":{"barrier":"fence","name":"Poste électrique de Saône","operator":"RTE","operator:wikidata":"Q2178795","power":"substation","ref:FR:RTE":"SAONE","ref:FR:RTE_nom":"SAONE","source":"data.gouv.fr:RTE - 04/2017","start_date":"2018-03","substation":"transmission","voltage":"225000","osm":"way/589691209"}},{"type":"Feature","geometry":{"type":"Point","coordinates":[6.07356,44.79046]},"properties":{"fixme":"A placer","operator":"RTE","operator:wikidata":"Q2178795","power":"substation","ref:FR:RTE":"SSMRI","ref:FR:RTE_nom":"ST-MAURICE","source":"data.gouv.fr:RTE - 04/2017","voltage":"63000","osm":"way/590596956"}},{"type":"Feature","geometry":{"type":"Point","coordinates":[3.89956,44.62027]},"properties":{"barrier":"fence","name":"Laveyrune","operator":"RTE","operator:wikidata":"Q2178795","power":"substation","ref:FR:RTE":"LAVEY","ref:FR:RTE_nom":"LAVEYRUNE","source":"data.gouv.fr:RTE - 04/2017","substation":"transmission","voltage":"225000","osm":"way/590596961"}},{"type":"Feature","geometry":{"type":"Point","coordinates":[3.82941,44.75012]},"properties":{"operator":"RTE","operator:wikidata":"Q2178795","power":"substation","ref:FR:RTE":"NAUSS","ref:FR:RTE_nom":"NAUSSAC","source":"data.gouv.fr:RTE - 04/2017","voltage":"63000","osm":"way/590596962"}},{"type":"Feature","geometry":{"type":"Point","coordinates":[3.64543,44.96816]},"properties":{"operator":"RTE","operator:wikidata":"Q2178795","power":"substation","ref:FR:RTE":"M.ALL","ref:FR:RTE_nom":"MONISTROL-D ALLIER","source":"data.gouv.fr:RTE - 04/2017","substation":"generation","voltage":"63000","osm":"way/590596963"}},{"type":"Feature","geometry":{"type":"Point","coordinates":[4.27185,44.68992]},"properties":{"operator":"RTE","operator:wikidata":"Q2178795","power":"substation","ref:FR:RTE":"P.VEY","ref:FR:RTE_nom":"PONT DE VEYRIERES","source":"data.gouv.fr:RTE - 04/2017","voltage":"63000","osm":"way/590596964"}},{"type":"Feature","geometry":{"type":"Point","coordinates":[5.42712,45.06106]},"properties":{"barrier":"fence","operator":"RTE","operator:wikidata":"Q2178795","power":"substation","ref:FR:RTE":"BZNIL","ref:FR:RTE_nom":"BOURNILLON","source":"data.gouv.fr:RTE - 04/2017","substation":"transmission","voltage":"63000","osm":"way/590596965"}},{"type":"Feature","geometry":{"type":"Point","coordinates":[5.26248,44.98176]},"properties":{"operator":"RTE","operator:wikidata":"Q2178795","operator:wikipedia":"fr:RTE (entreprise)","power":"substation","ref:FR:RTE":"BOUVA","ref:FR:RTE_nom":"BOUVANTE","source":"data.gouv.fr:RTE - 04/2017","voltage":"63000","osm":"way/590596966"}},{"type":"Feature","geometry":{"type":"Point","coordinates":[5.31756,45.12145]},"properties":{"operator":"Électricité de France","operator:short":"EDF","operator:wikidata":"Q274591","power":"substation","ref:FR:RTE":"BXVOI","ref:FR:RTE_nom":"BEAUVOIR","source":"data.gouv.fr:RTE - 04/2017","substation":"generation","voltage":"63000","osm":"way/590596967"}},{"type":"Feature","geometry":{"type":"Point","coordinates":[4.75372,44.64675]},"properties":{"frequency":"50","name":"Poste électrique de Cruas (client)","operator":"RTE","operator:wikidata":"Q2178795","power":"substation","ref:FR:RTE":"CRUAS","ref:FR:RTE_nom":"CRUAS","source":"data.gouv.fr:RTE - 04/2017","substation":"industrial","voltage":"63000","osm":"way/590596977"}},{"type":"Feature","geometry":{"type":"Point","coordinates":[4.76468,44.65985]},"properties":{"barrier":"fence","frequency":"50","name":"Poste électrique de Lafarge (ciments Lafarge à Cruas)","operator":"RTE","operator:wikidata":"Q2178795","power":"substation","ref:FR:RTE":"LAFA5","ref:FR:RTE_nom":"LAFARGE","source":"data.gouv.fr:RTE - 04/2017","substation":"industrial","voltage":"63000","osm":"way/590596978"}},{"type":"Feature","geometry":{"type":"Point","coordinates":[4.93065,44.82655]},"properties":{"barrier":"fence","operator":"Enedis","operator:wikidata":"Q3587594","power":"substation","ref:FR:RTE":"E.RHO","ref:FR:RTE_nom":"ETOILE-SUR-RHONE","source":"data.gouv.fr:RTE - 04/2017","substation":"distribution","voltage":"225000","osm":"way/590596979"}},{"type":"Feature","geometry":{"type":"Point","coordinates":[4.87999,44.89673]},"properties":{"operator":"RTE","operator:wikidata":"Q2178795","power":"substation","ref:FR:RTE":"PORTE","ref:FR:RTE_nom":"PORTES","source":"data.gouv.fr:RTE - 04/2017","voltage":"63000","osm":"way/590596980"}},{"type":"Feature","geometry":{"type":"Point","coordinates":[4.90471,44.93974]},"properties":{"operator":"RTE","power":"substation","ref:FR:RTE":"POLY5","ref:FR:RTE_nom":"POLYGONE","source":"data.gouv.fr:RTE - 04/2017","voltage":"63000","osm":"way/590596981"}},{"type":"Feature","geometry":{"type":"Point","coordinates":[5.01647,45.04434]},"properties":{"barrier":"fence","operator":"Enedis","operator:wikidata":"Q3587594","power":"substation","ref:FR:RTE":"MARI6","ref:FR:RTE_nom":"MARIE","source":"data.gouv.fr:RTE - 04/2017","substation":"distribution","voltage":"63000","osm":"way/590596982"}},{"type":"Feature","geometry":{"type":"Point","coordinates":[6.59621,46.32496]},"properties":{"fixme":"A placer","operator":"RTE","operator:wikidata":"Q2178795","power":"substation","ref:FR:RTE":"BIOGE","ref:FR:RTE_nom":"BIOGE","source":"data.gouv.fr:RTE - 04/2017","substation":"transmission","voltage":"63000","osm":"way/590596983"}},{"type":"Feature","geometry":{"type":"Point","coordinates":[4.99059,45.20576]},"properties":{"operator":"RTE","operator:wikidata":"Q2178795","operator:wikipedia":"fr:RTE (entreprise)","power":"substation","ref:FR:RTE":"SSAVI","ref:FR:RTE_nom":"ST-AVIT","source":"data.gouv.fr:RTE - 04/2017","voltage":"63000","osm":"way/590596986"}},{"type":"Feature","geometry":{"type":"Point","coordinates":[4.79765,45.3066]},"properties":{"operator":"CNR","power":"substation","ref:FR:RTE":"SABLO","ref:FR:RTE_nom":"SABLONS","source":"data.gouv.fr:RTE - 04/2017","substation":"generation","voltage":"225000","osm":"way/590596987"}},{"type":"Feature","geometry":{"type":"Point","coordinates":[4.84295,45.70247]},"properties":{"fixme":"A placer","operator":"RTE","operator:wikidata":"Q2178795","power":"substation","ref:FR:RTE":"P.BEN","ref:FR:RTE_nom":"PIERRE-BENITE","source":"data.gouv.fr:RTE - 04/2017","voltage":"63000","osm":"way/590596988"}},{"type":"Feature","geometry":{"type":"Point","coordinates":[4.87077,45.73775]},"properties":{"operator":"RTE","operator:wikidata":"Q2178795","power":"substation","ref:FR:RTE":"MERMO","ref:FR:RTE_nom":"MERMOZ","source":"data.gouv.fr:RTE - 04/2017","voltage":"63000","osm":"way/590596991"}},{"type":"Feature","geometry":{"type":"Point","coordinates":[4.62956,45.88186]},"properties":{"barrier":"fence","operator":"RTE","operator:wikidata":"Q2178795","power":"substation","ref:FR:RTE":"CHESS","ref:FR:RTE_nom":"CHESSY (-LES-MINES)","source":"data.gouv.fr:RTE - 04/2017","voltage":"63000","osm":"way/590596992"}},{"type":"Feature","geometry":{"type":"Point","coordinates":[4.91307,45.52536]},"properties":{"barrier":"fence","operator":"RTE","operator:wikidata":"Q2178795","power":"substation","ref:FR:RTE":"GERE","ref:FR:RTE_nom":"GERE","source":"data.gouv.fr:RTE - 04/2017","substation":"industrial","voltage":"63000","osm":"way/590596993"}},{"type":"Feature","geometry":{"type":"Point","coordinates":[5.12574,45.64295]},"properties":{"operator":"RTE","operator:wikidata":"Q2178795","power":"substation","ref:FR:RTE":"ARRIV","ref:FR:RTE_nom":"ARRIVAUX (LES)","source":"data.gouv.fr:RTE - 04/2017","voltage":"63000","osm":"way/590596994"}},{"type":"Feature","geometry":{"type":"Point","coordinates":[4.98994,45.71564]},"properties":{"barrier":"fence","operator":"Enedis","operator:wikidata":"Q3587594","power":"substation","ref:FR:RTE":"GENAS","ref:FR:RTE_nom":"GENAS","source":"data.gouv.fr:RTE - 04/2017","substation":"distribution","voltage":"63000","osm":"way/590596998"}},{"type":"Feature","geometry":{"type":"Point","coordinates":[4.31602,45.39351]},"properties":{"barrier":"fence","frequency":"50","name":"Sous-Station SNCF du Chambon-Feugerolles","operator":"SNCF Réseau","operator:wikidata":"Q21605526","power":"substation","ref:FR:RTE":"C.FEU","ref:FR:RTE_nom":"CHAMBON-FEUGEROLLES","source":"data.gouv.fr:RTE - 04/2017","substation":"traction","voltage":"63000;1500","osm":"way/590597001"}},{"type":"Feature","geometry":{"type":"Point","coordinates":[4.23008,45.73811]},"properties":{"barrier":"fence","frequency":"50","name":"Poste électrique des aciéries de Feurs","operator":"RTE","operator:wikidata":"Q2178795","power":"substation","ref:FR:RTE":"A.FEU","ref:FR:RTE_nom":"ACIERIES DE FEURS","source":"data.gouv.fr:RTE - 04/2017","substation":"industrial","voltage":"63000","osm":"way/590597004"}},{"type":"Feature","geometry":{"type":"Point","coordinates":[3.64993,45.68577]},"properties":{"operator":"RTE","operator:wikidata":"Q2178795","power":"substation","ref:FR:RTE":"OLLIE","ref:FR:RTE_nom":"OLLIERGUES","source":"data.gouv.fr:RTE - 04/2017","voltage":"63000","osm":"way/590597007"}},{"type":"Feature","geometry":{"type":"Point","coordinates":[3.20301,45.67887]},"properties":{"operator":"RTE","operator:wikidata":"Q2178795","power":"substation","ref:FR:RTE":"M.VEY","ref:FR:RTE_nom":"MARTRES DE VEYRE","source":"data.gouv.fr:RTE - 04/2017","voltage":"63000","osm":"way/590597011"}},{"type":"Feature","geometry":{"type":"Point","coordinates":[2.60714,46.35334]},"properties":{"operator":"RTE","operator:wikidata":"Q2178795","operator:wikipedia":"fr:RTE (entreprise)","power":"substation","ref:FR:RTE":"SSJA5","ref:FR:RTE_nom":"SAINT-JACQUES","source":"data.gouv.fr:RTE - 04/2017","voltage":"63000","osm":"way/590597014"}},{"type":"Feature","geometry":{"type":"Point","coordinates":[2.57863,46.39103]},"properties":{"operator":"RTE","operator:wikidata":"Q2178795","power":"substation","ref:FR:RTE":"SSVI7","ref:FR:RTE_nom":"SAINT-VICTOR","source":"data.gouv.fr:RTE - 04/2017","voltage":"63000","osm":"way/590597016"}},{"type":"Feature","geometry":{"type":"Point","coordinates":[2.83523,46.16486]},"properties":{"barrier":"fence","operator":"RTE","power":"substation","ref:FR:RTE":"SSMI5","ref:FR:RTE_nom":"ST ELOI LES MINES","source":"data.gouv.fr:RTE - 04/2017","substation":"industrial","voltage":"225000","osm":"way/590597017"}},{"type":"Feature","geometry":{"type":"Point","coordinates":[3.02923,47.18825]},"properties":{"operator":"RTE","power":"substation","ref:FR:RTE":"C.LO6","ref:FR:RTE_nom":"CHARITE-SUR-LOIRE (LA)","source":"data.gouv.fr:RTE - 04/2017","voltage":"63000","osm":"way/590597018"}},{"type":"Feature","geometry":{"type":"Point","coordinates":[5.61269,45.30772]},"properties":{"operator":"RTE","operator:wikidata":"Q2178795","power":"substation","ref:FR:RTE":"GORGE","ref:FR:RTE_nom":"GORGES (LES)","source":"data.gouv.fr:RTE - 04/2017","voltage":"63000","osm":"way/590866692"}},{"type":"Feature","geometry":{"type":"Point","coordinates":[6.02994,45.43278]},"properties":{"barrier":"fence","operator":"Électricité de France","operator:short":"EDF","operator:wikidata":"Q274591","power":"substation","ref:FR:RTE":"PTCH5","ref:FR:RTE_nom":"PONTCHARRA","source":"data.gouv.fr:RTE - 04/2017","substation":"generation","voltage":"63000","osm":"way/590866694"}},{"type":"Feature","geometry":{"type":"Point","coordinates":[5.94448,45.56589]},"properties":{"operator":"RTE","operator:wikidata":"Q2178795","power":"substation","ref:FR:RTE":"CBERY","ref:FR:RTE_nom":"CHAMBERY","source":"data.gouv.fr:RTE - 04/2017","voltage":"63000","osm":"way/590866695"}},{"type":"Feature","geometry":{"type":"Point","coordinates":[5.94252,45.56446]},"properties":{"operator":"RTE","operator:wikidata":"Q2178795","power":"substation","ref:FR:RTE":"B.RON","ref:FR:RTE_nom":"BUISSON-ROND","source":"data.gouv.fr:RTE - 04/2017","voltage":"63000","osm":"way/590866696"}},{"type":"Feature","geometry":{"type":"Point","coordinates":[6.10201,45.91776]},"properties":{"operator":"RTE","operator:wikidata":"Q2178795","power":"substation","ref:FR:RTE":"MEYTH","ref:FR:RTE_nom":"MEYTHET","source":"data.gouv.fr:RTE - 04/2017","substation":"industrial","voltage":"63000","osm":"way/590866698"}},{"type":"Feature","geometry":{"type":"Point","coordinates":[5.92079,45.90206]},"properties":{"fixme":"A placer","operator":"RTE","operator:wikidata":"Q2178795","power":"substation","ref:FR:RTE":"VALLI","ref:FR:RTE_nom":"VALLIERES","source":"data.gouv.fr:RTE - 04/2017","voltage":"63000","osm":"way/590866699"}},{"type":"Feature","geometry":{"type":"Point","coordinates":[5.81144,45.87873]},"properties":{"operator":"RTE","operator:wikidata":"Q2178795","power":"substation","ref:FR:RTE":"CXTAG","ref:FR:RTE_nom":"CHAUTAGNE","source":"data.gouv.fr:RTE - 04/2017","voltage":"63000","osm":"way/590866701"}},{"type":"Feature","geometry":{"type":"Point","coordinates":[5.69892,45.7252]},"properties":{"fixme":"A placer","operator":"RTE","operator:wikidata":"Q2178795","power":"substation","ref:FR:RTE":"BRENS","ref:FR:RTE_nom":"BRENS","source":"data.gouv.fr:RTE - 04/2017","voltage":"225000","osm":"way/590866702"}},{"type":"Feature","geometry":{"type":"Point","coordinates":[5.77206,45.84738]},"properties":{"barrier":"fence","operator":"Enedis","operator:wikidata":"Q3587594","power":"substation","ref:FR:RTE":"BRACH","ref:FR:RTE_nom":"BRACHAY","source":"data.gouv.fr:RTE - 04/2017","substation":"distribution","voltage":"63000","osm":"way/590866703"}},{"type":"Feature","geometry":{"type":"Point","coordinates":[5.97227,45.32963]},"properties":{"operator":"RTE","operator:wikidata":"Q2178795","power":"substation","ref:FR:RTE":"GONCE","ref:FR:RTE_nom":"GONCELIN","source":"data.gouv.fr:RTE - 12/2017","voltage":"63000","osm":"way/597529240"}},{"type":"Feature","geometry":{"type":"Point","coordinates":[5.92277,45.27019]},"properties":{"operator":"RTE","operator:wikidata":"Q2178795","power":"substation","ref:FR:RTE":"P.LAV","ref:FR:RTE_nom":"PRE LAVAL","source":"data.gouv.fr:RTE - 12/2017","voltage":"63000","osm":"way/597529241"}},{"type":"Feature","geometry":{"type":"Point","coordinates":[5.88243,45.26505]},"properties":{"barrier":"fence","operator":"Enedis","operator:wikidata":"Q3587594","power":"substation","ref:FR:RTE":"CROLL","ref:FR:RTE_nom":"CROLLES","source":"data.gouv.fr:RTE - 12/2017","substation":"distribution","voltage":"225000","osm":"way/597529242"}},{"type":"Feature","geometry":{"type":"Point","coordinates":[2.7086,44.6577]},"properties":{"operator":"RTE","power":"substation","ref:FR:RTE":"TOULU","ref:FR:RTE_nom":"TOULUCH","source":"data.gouv.fr:RTE - 12/2017","voltage":"63000","osm":"way/602239977"}},{"type":"Feature","geometry":{"type":"Point","coordinates":[2.87366,44.50509]},"properties":{"operator":"RTE","operator:wikidata":"Q2178795","power":"substation","ref:FR:RTE":"CSLNA","ref:FR:RTE_nom":"CASTELNAU","source":"data.gouv.fr:RTE - 12/2017","substation":"generation","voltage":"63000","osm":"way/602239978"}},{"type":"Feature","geometry":{"type":"Point","coordinates":[6.96914,45.45395]},"properties":{"building":"service","location":"indoor","name":"Poste source de Val d'Isère","operator":"Enedis","operator:wikidata":"Q3587594","power":"substation","ref:FR:RTE":"V.ISE","ref:FR:RTE_nom":"VAL-D ISERE","source":"cadastre-dgi-fr source : Direction Générale des Impôts - Cadastre. Mise à jour : 2012","substation":"distribution","voltage":"63000;20000","osm":"way/610899503"}},{"type":"Feature","geometry":{"type":"Point","coordinates":[5.86127,46.94831]},"properties":{"barrier":"fence","name":"Poste électrique des Mélincols","operator":"RTE","operator:wikidata":"Q2178795","operator:wikipedia":"fr:RTE (entreprise)","power":"substation","ref:FR:RTE":"MELI5","ref:FR:RTE_nom":"MELINCOLS","source":"https://twitter.com/enedis_als_frc/status/996693348164489216","start_date":"2018-05-16","substation":"yes","voltage":"63000","osm":"way/626420781"}},{"type":"Feature","geometry":{"type":"Point","coordinates":[6.56073,44.79]},"properties":{"barrier":"fence","location":"outdoor","operator":"Électricité de France","operator:short":"EDF","operator:wikidata":"Q274591","power":"substation","substation":"transmission","voltage":"63000","osm":"way/639225517"}},{"type":"Feature","geometry":{"type":"Point","coordinates":[4.88388,44.89016]},"properties":{"barrier":"wall","operator":"RTE","operator:wikidata":"Q2178795","power":"substation","ref:FR:RTE":"MOUR5","ref:FR:RTE_nom":"MOURETTES (LES)","source":"RTE - 6 juin 2020","substation":"transmission","voltage":"63000","osm":"way/659677650"}},{"type":"Feature","geometry":{"type":"Point","coordinates":[5.03448,47.30797]},"properties":{"frequency":"50","name":"Poste électrique de Petit-Bernard","operator":"RTE","operator:wikidata":"Q2178795","power":"substation","ref:FR:RTE":"P.BER","ref:FR:RTE_nom":"PETIT-BERNARD","source":"data.gouv.fr:RTE - 04/2017","substation":"distribution","voltage":"63000;20000","osm":"way/662839249"}},{"type":"Feature","geometry":{"type":"Point","coordinates":[4.77002,45.42883]},"properties":{"building":"yes","operator":"RTE","operator:wikidata":"Q2178795","power":"substation","ref:FR:RTE":"CLONA","ref:FR:RTE_nom":"CLONAS","source":"data.gouv.fr:RTE - 04/2017","voltage":"63000","osm":"way/672658170"}},{"type":"Feature","geometry":{"type":"Point","coordinates":[5.98081,45.12077]},"properties":{"barrier":"fence","location":"outdoor","name":"Poste électrique de Bâton","operator":"EDF","operator:wikidata":"Q274591","power":"substation","ref:FR:RTE":"BATON","ref:FR:RTE_nom":"BATON","substation":"generation","voltage":"63000","osm":"way/679104537"}},{"type":"Feature","geometry":{"type":"Point","coordinates":[5.77879,45.05708]},"properties":{"barrier":"fence","location":"outdoor","operator":"EDF","operator:wikidata":"Q274591","power":"substation","substation":"generation","voltage":"63000","osm":"way/682541817"}},{"type":"Feature","geometry":{"type":"Point","coordinates":[6.57688,45.20172]},"properties":{"building":"industrial","layer":"-3","location":"underground","name":"Super Bissorte","operator":"EDF","operator:wikidata":"Q274591","power":"substation","ref:FR:RTE":"S.BIS","ref:FR:RTE_nom":"SUPER-BISSORTE","substation":"generation","voltage":"400000","osm":"way/688244185"}},{"type":"Feature","geometry":{"type":"Point","coordinates":[6.50925,45.4968]},"properties":{"barrier":"fence","location":"outdoor","operator":"Enedis","operator:wikidata":"Q3587594","power":"substation","ref:FR:RTE":"COCHE","ref:FR:RTE_nom":"COCHE (LA)","substation":"distribution","voltage":"63000","osm":"way/692865431"}},{"type":"Feature","geometry":{"type":"Point","coordinates":[2.64628,45.3647]},"properties":{"barrier":"fence","operator":"EDF","operator:wikidata":"Q274591","power":"substation","ref:FR:RTE":"AUZER","ref:FR:RTE_nom":"AUZERETTE","source":"data.gouv.fr:RTE - 04/2017","substation":"generation","voltage":"90000","osm":"way/701978834"}},{"type":"Feature","geometry":{"type":"Point","coordinates":[2.34952,45.34751]},"properties":{"barrier":"fence","location":"outdoor","operator":"EDF","operator:wikidata":"Q274591","power":"substation","ref:FR:RTE":"N.USS","ref:FR:RTE_nom":"NEUVIC-D USSEL","substation":"generation","voltage":"90000","osm":"way/702313821"}},{"type":"Feature","geometry":{"type":"Point","coordinates":[6.05403,46.25186]},"properties":{"barrier":"fence","location":"outdoor","name":"Poste électrique de Bois-de-Serves","operator":"RTE","power":"substation","ref:FR:RTE":"B.SE5","ref:FR:RTE_nom":"BOIS-DE-SERVES","source":"RTE 2019","start_date":"2018-12","voltage":"400000","osm":"way/761507281"}},{"type":"Feature","geometry":{"type":"Point","coordinates":[5.03224,47.32629]},"properties":{"building":"yes","frequency":"50","name":"Poste électrique du Lavoir","operator":"RTE","operator:wikidata":"Q2178795","power":"substation","ref:FR:RTE":"LAVOI","ref:FR:RTE_nom":"LAVOIR","source":"data.gouv.fr:RTE - 04/2017","substation":"distribution","voltage":"63000;20000","osm":"way/788304679"}},{"type":"Feature","geometry":{"type":"Point","coordinates":[2.37231,45.41602]},"properties":{"operator":"RTE","power":"substation","ref:FR:RTE":"V.BEN","ref:FR:RTE_nom":"VAL-BENEYTE","source":"RTE - 6 juin 2020","voltage":"90000","osm":"way/818615586"}},{"type":"Feature","geometry":{"type":"Point","coordinates":[5.72229,45.07505]},"properties":{"operator":"RTE","operator:wikidata":"Q2178795","power":"substation","ref:FR:RTE":"CHAMP","ref:FR:RTE_nom":"CHAMP","source":"RTE - 6 juin 2020","voltage":"63000","osm":"way/818615588"}},{"type":"Feature","geometry":{"type":"Point","coordinates":[5.8886,45.07936]},"properties":{"barrier":"fence","operator":"RTE","operator:wikidata":"Q2178795","power":"substation","ref:FR:RTE":"CLAVA","ref:FR:RTE_nom":"CLAVAUX (LES)","source":"RTE - 6 juin 2020","substation":"transmission","voltage":"63000","osm":"way/818615597"}},{"type":"Feature","geometry":{"type":"Point","coordinates":[5.7044,45.12736]},"properties":{"operator":"RTE","operator:wikidata":"Q2178795","power":"substation","ref:FR:RTE":"P.CL5","ref:FR:RTE_nom":"PONT DE CLAIX","source":"RTE - 6 juin 2020","voltage":"63000","osm":"way/818615609"}},{"type":"Feature","geometry":{"type":"Point","coordinates":[5.30876,45.14581]},"properties":{"operator":"Enedis","operator:wikidata":"Q3587594","power":"substation","ref:FR:RTE":"SSMC5","ref:FR:RTE_nom":"ST-MARCELLIN","source":"RTE - 6 juin 2020","substation":"distribution","voltage":"63000","osm":"way/818615616"}},{"type":"Feature","geometry":{"type":"Point","coordinates":[2.44017,44.91696]},"properties":{"operator":"RTE","operator:wikidata":"Q2178795","power":"substation","ref:FR:RTE":"AURIL","ref:FR:RTE_nom":"AURILLAC","source":"RTE - 6 juin 2020","voltage":"90000","osm":"way/818615635"}},{"type":"Feature","geometry":{"type":"Point","coordinates":[5.73465,45.09295]},"properties":{"operator":"RTE","operator:wikidata":"Q2178795","power":"substation","ref:FR:RTE":"SSDID","ref:FR:RTE_nom":"ST-DIDIER","source":"RTE - 6 juin 2020","voltage":"63000","osm":"way/818615637"}},{"type":"Feature","geometry":{"type":"Point","coordinates":[5.73836,45.08856]},"properties":{"operator":"RTE","operator:wikidata":"Q2178795","power":"substation","ref:FR:RTE":"HERB5","ref:FR:RTE_nom":"HERBETTE (L)","source":"RTE - 6 juin 2020","voltage":"63000","osm":"way/818615640"}},{"type":"Feature","geometry":{"type":"Point","coordinates":[3.7197,44.79123]},"properties":{"barrier":"fence","name":"Poste électrique de Montgros","operator":"RTE","operator:wikidata":"Q2178795","power":"substation","ref:FR:RTE":"MTGRO","ref:FR:RTE_nom":"MONTGROS","source":"RTE - 6 juin 2020","start_date":"2019-09-30","substation":"transmission","voltage":"225000","osm":"way/818615647"}},{"type":"Feature","geometry":{"type":"Point","coordinates":[6.66159,47.36704]},"properties":{"barrier":"fence","operator":"Enedis","operator:wikidata":"Q3587594","power":"substation","ref:FR:RTE":"VAROI","ref:FR:RTE_nom":"VAROILLES (LES)","source":"RTE - 6 juin 2020","start_date":"2018-09","substation":"distribution","voltage":"225000","osm":"way/818615656"}},{"type":"Feature","geometry":{"type":"Point","coordinates":[4.30598,45.53337]},"properties":{"frequency":"50","name":"Poste électrique d'Andrézieux-Bouthéon (usine SNF)","operator":"RTE","operator:wikidata":"Q2178795","power":"substation","ref:FR:RTE":"A.BOU","ref:FR:RTE_nom":"ANDREZIEUX-BOUTHEON","source":"RTE - 6 juin 2020","substation":"industrial","voltage":"63000","osm":"way/823662698"}},{"type":"Feature","geometry":{"type":"Point","coordinates":[6.62485,45.19492]},"properties":{"name":"Le Freney","operator":"SNCF Réseau","operator:wikidata":"Q21605526","power":"substation","ref:FR:RTE":"FRENE","ref:FR:RTE_nom":"FRENEY","substation":"traction","voltage":"63000","osm":"way/823662699"}},{"type":"Feature","geometry":{"type":"Point","coordinates":[5.25887,45.79471]},"properties":{"name":"Poste électrique Saint Vulbas Ouest","operator":"RTE","operator:wikidata":"Q2178795","power":"substation","ref:FR:RTE":"SSV.O","ref:FR:RTE_nom":"ST-VULBAS-OUEST","source":"RTE - 6 juin 2020","substation":"transmission","voltage":"400000","osm":"way/823662702"}},{"type":"Feature","geometry":{"type":"Point","coordinates":[5.26017,45.79732]},"properties":{"name":"Poste électrique de Saint-Vulbas Est","operator":"RTE","operator:wikidata":"Q2178795","power":"substation","ref:FR:RTE":"SSV.E","ref:FR:RTE_nom":"ST-VULBAS-EST","source":"RTE - 6 juin 2020","substation":"transmission","voltage":"225000;63000","osm":"way/823662703"}},{"type":"Feature","geometry":{"type":"Point","coordinates":[6.71085,45.88708]},"properties":{"barrier":"fence","operator":"Électricité de France","operator:short":"EDF","operator:wikidata":"Q274591","power":"substation","ref:FR:RTE":"RATEA","ref:FR:RTE_nom":"RATEAUX (LES)","start_date":"1989","substation":"generation","voltage":"63000","osm":"way/823872737"}},{"type":"Feature","geometry":{"type":"Point","coordinates":[5.65951,45.2364]},"properties":{"operator":"RTE","operator:wikidata":"Q2178795","power":"substation","ref:FR:RTE":"SSE.C","ref:FR:RTE_nom":"ST-EGREVE CENTRALE","source":"RTE - 6 juin 2020","voltage":"63000","osm":"way/823872746"}},{"type":"Feature","geometry":{"type":"Point","coordinates":[3.26278,45.55511]},"properties":{"barrier":"fence","frequency":"50","location":"outdoor","name":"Poste électrique du Grand-Mas","operator":"RTE","operator:wikidata":"Q2178795","power":"substation","ref:FR:RTE":"G.MAS","ref:FR:RTE_nom":"GRAND-MAS (LE)","source":"RTE - 6 juin 2020","start_date":"2017-07","substation":"industrial","voltage":"225000","osm":"way/823872755"}},{"type":"Feature","geometry":{"type":"Point","coordinates":[3.07135,45.78308]},"properties":{"barrier":"wall","frequency":"50","location":"indoor","name":"Poste électrique de Fontgiève","operator":"Enedis","operator:wikidata":"Q3587594","power":"substation","ref:FR:RTE":"FTGIE","ref:FR:RTE_nom":"FONTGIEVE","source":"RTE - 6 juin 2020","substation":"distribution","voltage":"63000;20000","osm":"way/823872767"}},{"type":"Feature","geometry":{"type":"Point","coordinates":[5.73915,45.14574]},"properties":{"operator":"RTE","operator:wikidata":"Q2178795","power":"substation","ref:FR:RTE":"RUIRE","ref:FR:RTE_nom":"RUIRES (LES)","source":"RTE - 6 juin 2020","voltage":"63000","osm":"way/824179767"}},{"type":"Feature","geometry":{"type":"Point","coordinates":[5.885,45.26744]},"properties":{"building":"industrial","location":"indoor","operator":"RTE","power":"substation","ref:FR:RTE":"MONNE","ref:FR:RTE_nom":"MONNET","source":"RTE - 6 juin 2020","substation":"industrial","voltage":"225000","osm":"way/824179768"}},{"type":"Feature","geometry":{"type":"Point","coordinates":[6.51046,44.58043]},"properties":{"name":"Poste électrique de Pralong","operator":"RTE","operator:wikidata":"Q2178795","power":"substation","ref:FR:RTE":"PRAL5","ref:FR:RTE_nom":"PRALONG","substation":"transmission","voltage":"225000","osm":"way/850068180"}},{"type":"Feature","geometry":{"type":"Point","coordinates":[6.68218,45.44255]},"properties":{"building":"transformer_tower","operator":"EDF","power":"substation","ref:FR:RTE":"ZCPNY","ref:FR:RTE_nom":"CPNY / BOZEL PRALO 1","source":"RTE 2021","substation":"generation","voltage":"63000","osm":"way/875342243"}},{"type":"Feature","geometry":{"type":"Point","coordinates":[5.57601,45.32513]},"properties":{"barrier":"fence","name":"Sous-station Perelle","operator":"SNCF Réseau","operator:wikidata":"Q21605526","power":"substation","ref:FR:RTE":"PEREL","substation":"traction","voltage":"225000","osm":"way/882142536"}},{"type":"Feature","geometry":{"type":"Point","coordinates":[3.10065,45.78211]},"properties":{"frequency":"50","name":"Poste électrique de Liève","operator":"Enedis","operator:wikidata":"Q3587594","power":"substation","ref:FR:RTE":"LIEVE","ref:FR:RTE_nom":"LIEVE","source":"data.gouv.fr:RTE - 04/2017","substation":"distribution","voltage":"63000;20000","osm":"way/883893893"}},{"type":"Feature","geometry":{"type":"Point","coordinates":[6.4899,45.51497]},"properties":{"barrier":"fence","operator":"Enedis","operator:wikidata":"Q3587594","power":"substation","substation":"distribution","voltage":"63000","osm":"way/890828850"}},{"type":"Feature","geometry":{"type":"Point","coordinates":[9.93288,46.46371]},"properties":{"barrier":"fence","name":"Montebello","operator":"Repower","power":"substation","voltage":"150000","osm":"way/917150807"}},{"type":"Feature","geometry":{"type":"Point","coordinates":[5.74596,45.17188]},"properties":{"barrier":"fence","name":"Poste électrique de Bajatière","operator":"RTE","operator:wikidata":"Q2178795","power":"substation","ref:FR:RTE":"BAJAT","ref:FR:RTE_nom":"BAJATIERE","source":"data.gouv.fr:RTE - 2022-07","substation":"transmission","voltage":"63000","osm":"way/947037895"}},{"type":"Feature","geometry":{"type":"Point","coordinates":[5.74574,45.1742]},"properties":{"barrier":"fence","name":"Poste électrique Abbaye","operator":"GreenAlp","operator:wikidata":"Q115580260","power":"substation","ref:FR:GreenAlp":"ABBAYE","ref:FR:RTE":"ABBAY","substation":"distribution","voltage":"63000;20000","osm":"way/947037901"}},{"type":"Feature","geometry":{"type":"Point","coordinates":[8.83772,46.44136]},"properties":{"barrier":"wall","name":"Lavorgo","operator":"Swissgrid","operator:wikidata":"Q2373251","power":"substation","substation":"transmission","voltage":"400000","osm":"way/969811258"}},{"type":"Feature","geometry":{"type":"Point","coordinates":[5.99005,47.32091]},"properties":{"barrier":"fence","location":"outdoor","name":"Delecey","operator":"Enedis","operator:wikidata":"Q3587594","power":"substation","ref:FR:RTE":"GENEU","ref:FR:RTE_nom":"GENEUILLE","source":"data.gouv.fr:RTE - 04/2017","substation":"distribution","voltage":"63000","osm":"way/970860354"}},{"type":"Feature","geometry":{"type":"Point","coordinates":[3.38689,45.29874]},"properties":{"barrier":"fence","operator":"RTE","operator:wikidata":"Q2178795","power":"substation","ref:FR:RTE":"BRIOU","ref:FR:RTE_nom":"BRIOUDE","source":"data.gouv.fr:RTE - 04/2017","voltage":"63000","osm":"way/972391119"}},{"type":"Feature","geometry":{"type":"Point","coordinates":[6.38161,45.26592]},"properties":{"barrier":"fence","name":"Villargondran","operator":"SNCF Réseau","operator:wikidata":"Q21605526","owner":"SNCF Réseau","power":"substation","ref:FR:RTE":"VLARG","ref:FR:RTE_nom":"VILLARGONDRAN (SSJM SNCF)","start_date":"2022-09","substation":"traction","voltage":"63000","osm":"way/972644880"}},{"type":"Feature","geometry":{"type":"Point","coordinates":[6.56251,45.49687]},"properties":{"building":"industrial","operator":"RTE","operator:wikidata":"Q2178795","power":"substation","ref:FR:RTE":"POMBL","ref:FR:RTE_nom":"POMBLIERE","source":"RTE 2021","substation":"industrial","voltage":"63000","osm":"way/986795870"}},{"type":"Feature","geometry":{"type":"Point","coordinates":[5.7107,45.12108]},"properties":{"operator":"RTE","operator:wikidata":"Q2178795","power":"substation","ref:FR:RTE":"MARCE","ref:FR:RTE_nom":"MARCELINE","source":"RTE 2021","voltage":"63000","osm":"way/986798278"}},{"type":"Feature","geometry":{"type":"Point","coordinates":[4.60291,44.72415]},"properties":{"name":"Station de Privas","power":"substation","ref:FR:RTE":"PRIVA","ref:FR:RTE_nom":"PRIVAS","source":"RTE 2021","voltage":"63000","osm":"way/986799833"}},{"type":"Feature","geometry":{"type":"Point","coordinates":[5.87076,45.07448]},"properties":{"building":"industrial","layer":"-2","name":"Gavet","operator":"EDF","power":"substation","ref:FR:RTE":"GAVET","substation":"generation","voltage":"63000","osm":"way/1007131948"}},{"type":"Feature","geometry":{"type":"Point","coordinates":[6.28949,46.21003]},"properties":{"barrier":"fence","name":"Juvigny","operator":"RTE","operator:wikidata":"Q2178795","power":"substation","ref:FR:RTE":"JUVIG","ref:FR:RTE_nom":"JUVIGNY","start_date":"2021","substation":"transmission","voltage":"225000","osm":"way/1049744765"}},{"type":"Feature","geometry":{"type":"Point","coordinates":[3.91961,47.49661]},"properties":{"barrier":"fence","location":"outdoor","name":"Poste électrique d’Avallon","operator":"RTE","operator:wikidata":"Q2178795","power":"substation","ref:FR:RTE":"AVALL","ref:FR:RTE_nom":"AVALLON","source":"data.gouv.fr:RTE - 04/2017","substation":"transmission","voltage":"225000;63000","osm":"way/1056316394"}},{"type":"Feature","geometry":{"type":"Point","coordinates":[4.88396,44.88948]},"properties":{"operator":"RTE","operator:wikidata":"Q2178795","power":"substation","ref:FR:RTE":"GERBA","ref:FR:RTE_nom":"GERBAUD","source":"data.gouv.fr:RTE - 04/2017","substation":"industrial","voltage":"63000","osm":"way/1063743955"}},{"type":"Feature","geometry":{"type":"Point","coordinates":[4.91703,45.76575]},"properties":{"barrier":"fence","natural":"grassland","operator":"RTE","operator:wikidata":"Q2178795","power":"substation","substation":"transition","voltage":"225000","osm":"way/1069076347"}},{"type":"Feature","geometry":{"type":"Point","coordinates":[5.09173,47.30244]},"properties":{"barrier":"fence","frequency":"50","name":"Poste électrique de Coubertin","operator":"Enedis","operator:wikidata":"Q3587594","power":"substation","ref:FR:RTE":"COUB6","ref:FR:RTE_nom":"COUBERTIN","source":"RTE 2022","substation":"distribution","voltage":"63000;20000","osm":"way/1081289276"}},{"type":"Feature","geometry":{"type":"Point","coordinates":[4.86449,46.41398]},"properties":{"barrier":"fence","name":"La Salle","operator":"Enedis","operator:wikidata":"Q3587594","power":"substation","ref:FR:RTE":"SALL7","ref:FR:RTE_nom":"SALLE (LA)","source":"RTE 2022","voltage":"63000","osm":"way/1081289589"}},{"type":"Feature","geometry":{"type":"Point","coordinates":[3.30154,46.27248]},"properties":{"barrier":"fence","operator":"Total Direct Energie","operator:wikidata":"Q3029396","power":"substation","ref:FR:RTE":"MORA5","ref:FR:RTE_nom":"MORANDES (LES)","source":"RTE 2022","substation":"generation","voltage":"225000","osm":"way/1081289667"}},{"type":"Feature","geometry":{"type":"Point","coordinates":[6.63032,44.89004]},"properties":{"barrier":"fence","operator":"Energie développement services du Briançonnais","power":"substation","ref:FR:RTE":"SAGN5","ref:FR:RTE_nom":"SAGNES (LES)","source":"RTE 2022","substation":"distribution","voltage":"63000","osm":"way/1081289697"}},{"type":"Feature","geometry":{"type":"Point","coordinates":[6.71506,45.22327]},"properties":{"location":"indoor","operator":"EDF","power":"substation","ref:FR:RTE":"B.AUS","ref:FR:RTE_nom":"BOIS D AUSSOIS","substation":"industrial","voltage":"63000","osm":"way/1087087833"}},{"type":"Feature","geometry":{"type":"Point","coordinates":[6.71715,45.21598]},"properties":{"barrier":"fence","location":"outdoor","operator":"Électricité de France","operator:short":"EDF","operator:wikidata":"Q274591","power":"substation","ref:FR:RTE":"C.AVR","ref:FR:RTE_nom":"COMBE D AVRIEUX","substation":"generation","voltage":"225000","osm":"way/1087091143"}},{"type":"Feature","geometry":{"type":"Point","coordinates":[5.46478,46.21092]},"properties":{"barrier":"fence","operator":"EDF","power":"substation","ref:FR:RTE":"BOLOZ","ref:FR:RTE_nom":"BOLOZON","substation":"generation","voltage":"63000","osm":"way/1089523565"}},{"type":"Feature","geometry":{"type":"Point","coordinates":[4.83735,46.32459]},"properties":{"barrier":"fence","operator":"SNCF Réseau","operator:wikidata":"Q21605526","owner":"SNCF Réseau","power":"substation","ref:FR:RTE":"FLAC5","ref:FR:RTE_nom":"FLACE (SOUS STATION SNCF)","substation":"traction","voltage":"63000","osm":"way/1089562263"}},{"type":"Feature","geometry":{"type":"Point","coordinates":[4.91108,45.7582]},"properties":{"operator":"Enedis","operator:type":"private","operator:wikidata":"Q3587594","power":"substation","start_date":"2018-11","substation":"industrial","voltage":"63000","osm":"way/1089932201"}},{"type":"Feature","geometry":{"type":"Point","coordinates":[5.81256,46.05183]},"properties":{"operator":"CNR","operator:wikidata":"Q1121170","power":"substation","ref:FR:RTE":"GENIS","ref:FR:RTE_nom":"GENISSIAT","substation":"generation","voltage":"225000","osm":"way/1105377646"}},{"type":"Feature","geometry":{"type":"Point","coordinates":[6.69369,45.2109]},"properties":{"barrier":"fence","operator":"Régie d'Electricité de Villarodin","power":"substation","ref:FR:RTE":"RIVAL","substation":"distribution","voltage":"63000","osm":"way/1144455364"}},{"type":"Feature","geometry":{"type":"Point","coordinates":[8.53449,47.41405]},"properties":{"alt_name":"Unterwerk Oerlikon Neu","area":"yes","building:colour":"#9A9F9E","building:levels":"2","building:part":"yes","frequency":"50","gas_insulated":"yes","height":"9","layer":"-1","location":"indoor;underground","name":"Unterwerk Oerlikon","operator":"EWZ","operator:wikidata":"Q1326645","power":"substation","start_date":"2015-08","substation":"distribution","voltage":"150000;22000","osm":"way/1185696646"}},{"type":"Feature","geometry":{"type":"Point","coordinates":[8.53342,47.37131]},"properties":{"addr:city":"Zürich","addr:housenumber":"3","addr:postcode":"8001","addr:street":"Badweg","frequency":"50","layer":"-1","location":"underground","name":"Unterwerk Katz","operator":"EWZ","operator:wikidata":"Q1326645","power":"substation","substation":"distribution","voltage":"150000;22000","osm":"way/1192432841"}},{"type":"Feature","geometry":{"type":"Point","coordinates":[8.51216,47.37618]},"properties":{"frequency":"50","layer":"-1","location":"underground","name":"Unterwerk Sihlfeld","operator":"EWZ","operator:wikidata":"Q1326645","power":"substation","substation":"distribution","voltage":"150000;22000","osm":"way/1192806199"}},{"type":"Feature","geometry":{"type":"Point","coordinates":[8.53068,47.37763]},"properties":{"addr:city":"Zürich","addr:housenumber":"20a","addr:postcode":"8004","addr:street":"Kanonengasse","frequency":"50","layer":"-1","location":"underground","name":"Unterwerk Zeughaus","note":"Unterirdisch 1992-1996 unter Zeughaus 2 angelegt; im Dach sind die (neuen) Lüftungsschächte/Brandentlüftung erkennbar","operator":"EWZ","operator:wikidata":"Q1326645","power":"substation","substation":"distribution","voltage":"150000;22000","osm":"way/1192818206"}},{"type":"Feature","geometry":{"type":"Point","coordinates":[3.4979,44.52862]},"properties":{"barrier":"wall","operator":"RTE","operator:wikidata":"Q2178795","power":"substation","ref:FR:RTE":"MENDE","ref:FR:RTE_nom":"MENDE","source":"data.gouv.fr:RTE - 04/2017","substation":"transmission","voltage":"63000","osm":"way/1194109360"}},{"type":"Feature","geometry":{"type":"Point","coordinates":[4.97858,45.00567]},"properties":{"barrier":"fence","operator":"Enedis","operator:wikidata":"Q3587594","power":"substation","ref:FR:RTE":"G.CO6","ref:FR:RTE_nom":"GRAND-COURBIS","substation":"distribution","voltage":"225000","osm":"way/1231941645"}},{"type":"Feature","geometry":{"type":"Point","coordinates":[4.96309,47.15092]},"properties":{"operator":"SNCF Réseau","operator:wikidata":"Q21605526","power":"substation","ref:FR:RTE":"VOSNE","ref:FR:RTE_nom":"VOSNE","source":"data.gouv.fr:RTE - 04/2017","substation":"traction","voltage":"63000","osm":"way/1235838607"}},{"type":"Feature","geometry":{"type":"Point","coordinates":[4.30943,45.38963]},"properties":{"frequency":"50","name":"Poste source du Bec","operator":"Enedis","operator:wikidata":"Q3587594","power":"substation","substation":"distribution","voltage":"63000;20000","osm":"way/1292479325"}},{"type":"Feature","geometry":{"type":"Point","coordinates":[5.0224,45.37649]},"properties":{"barrier":"fence","operator":"RTE","operator:wikidata":"Q2178795","power":"substation","ref:FR:RTE":"REVE5","ref:FR:RTE_nom":"REVEL","source":"data.gouv.fr:RTE - 04/2017","voltage":"63000","osm":"way/1311914870"}},{"type":"Feature","geometry":{"type":"Point","coordinates":[5.02572,46.06955]},"properties":{"operator":"RTE","operator:wikidata":"Q2178795","power":"substation","ref:FR:RTE":"C.CHA","ref:FR:RTE_nom":"CHAPELLE-DU-CHATELARD(LA)","source":"data.gouv.fr:RTE - 04/2017","substation":"distribution","voltage":"63000","osm":"way/1321484149"}},{"type":"Feature","geometry":{"type":"Point","coordinates":[4.24713,45.46816]},"properties":{"frequency":"50","name":"Poste électrique de Grangent","operator":"Électricité de France","operator:short":"EDF","operator:wikidata":"Q274591","power":"substation","ref:FR:RTE":"GRAN6","ref:FR:RTE_nom":"GRANGENT","source":"data.gouv.fr:RTE - 04/2017","substation":"generation","voltage":"63000","osm":"way/1327496471"}},{"type":"Feature","geometry":{"type":"Point","coordinates":[3.56153,45.86163]},"properties":{"operator":"RTE","operator:wikidata":"Q2178795","power":"substation","ref:FR:RTE":"DUROL","ref:FR:RTE_nom":"DUROLLE","source":"data.gouv.fr:RTE - 04/2017","voltage":"63000","osm":"way/1328928942"}},{"type":"Feature","geometry":{"type":"Point","coordinates":[6.05094,45.3732]},"properties":{"barrier":"fence","operator":"GreenAlp","power":"substation","substation":"distribution","voltage":"63000","osm":"way/1353740905"}},{"type":"Feature","geometry":{"type":"Point","coordinates":[4.82242,45.10945]},"properties":{"barrier":"fence","operator":"CNR","power":"substation","ref:FR:RTE":"GERVA","substation":"generation","voltage":"225000","osm":"way/1417292871"}},{"type":"Feature","geometry":{"type":"Point","coordinates":[4.82205,45.10926]},"properties":{"barrier":"fence","operator":"CNR","power":"substation","ref:FR:RTE":"GERVA","substation":"generation","voltage":"63000","osm":"way/1417304825"}},{"type":"Feature","geometry":{"type":"Point","coordinates":[3.90001,44.62065]},"properties":{"barrier":"fence","power":"substation","substation":"generation","voltage":"225000","osm":"way/1420747391"}},{"type":"Feature","geometry":{"type":"Point","coordinates":[5.71689,45.48958]},"properties":{"operator":"RTE","operator:wikidata":"Q2178795","power":"substation","ref:FR:RTE":"SSBER","ref:FR:RTE_nom":"ST-BERON","source":"data.gouv.fr:RTE - 12/2018","voltage":"63000","osm":"way/1420807157"}},{"type":"Feature","geometry":{"type":"Point","coordinates":[4.93559,45.75106]},"properties":{"name":"Poste électrique de Decines","operator":"Enedis","operator:wikidata":"Q35","power":"substation","ref:FR:RTE":"DECIN","ref:FR:RTE_nom":"DECINES","substation":"distribution","voltage":"225000","osm":"way/1452991120"}},{"type":"Feature","geometry":{"type":"Point","coordinates":[4.90216,45.88164]},"properties":{"barrier":"fence","operator":"RTE","operator:wikidata":"Q2178795","power":"substation","ref:FR:RTE":"MIONN","ref:FR:RTE_nom":"MIONNAY","substation":"distribution","voltage":"225000","osm":"way/1456382432"}},{"type":"Feature","geometry":{"type":"Point","coordinates":[6.44393,45.64352]},"properties":{"barrier":"fence","operator:short":"EDF","operator:wikidata":"Q274591","power":"substation","ref:FR:RTE":"BATHI","ref:FR:RTE_nom":"BATHIE (LA)","substation":"industrial","voltage":"63000","osm":"way/1456584291"}},{"type":"Feature","geometry":{"type":"Point","coordinates":[6.43906,45.64423]},"properties":{"barrier":"fence","operator":"RTE","operator:wikidata":"Q2178795","power":"substation","ref:FR:RTE":"T.SAV","substation":"transmission","voltage":"63000","osm":"way/1456584292"}},{"type":"Feature","geometry":{"type":"Point","coordinates":[3.62242,44.72775]},"properties":{"barrier":"fence","operator":"Enedis","operator:wikidata":"Q3587594","power":"substation","ref:FR:RTE":"PANO5","ref:FR:RTE_nom":"PANOUSE","substation":"distribution","voltage":"63000","osm":"way/1467275171"}},{"type":"Feature","geometry":{"type":"Point","coordinates":[6.36059,45.27654]},"properties":{"name":"Henri Deville","operator":"RTE","operator:wikidata":"Q2178795","power":"substation","ref:FR:RTE":"H.DEV","ref:FR:RTE_nom":"HENRI DEVILLE","start_date":"2022","substation":"transmission","voltage":"63000","osm":"way/1486721833"}},{"type":"Feature","geometry":{"type":"Point","coordinates":[8.57147,47.41229]},"properties":{"frequency":"50","location":"outdoor","name":"Unterwerk Auwiesen und Unterwerk Aubrugg","note":"Anhand der Stromleitungen: der nördliche Teil ist das UW Auwiesen, der südliche Teil das UW Aubrugg (am Tor sind einfach beide aufgeführt)","operator":"EWZ","power":"substation","substation":"transmission;distribution","type":"multipolygon","voltage":"220000;150000;22000","osm":"relation/9310861"}},{"type":"Feature","geometry":{"type":"Point","coordinates":[7.27865,44.04386]},"properties":{"operator":"RTE","power":"substation","ref:FR:RTE":"SSVES","ref:FR:RTE_nom":"ST-MARTIN-VESUBIE","source":"data.gouv.fr:RTE - 04/2017","voltage":"150000","osm":"node/5094479197"}},{"type":"Feature","geometry":{"type":"Point","coordinates":[7.57693,44.03019]},"properties":{"operator":"RTE","operator:wikidata":"Q2178795","power":"substation","ref:FR:RTE":"PAGAN","ref:FR:RTE_nom":"PAGANIN","source":"data.gouv.fr:RTE - 04/2017","voltage":"63000","osm":"node/5094751044"}},{"type":"Feature","geometry":{"type":"Point","coordinates":[2.49922,43.62478]},"properties":{"operator":"RTE","operator:wikidata":"Q2178795","power":"substation","ref:FR:RTE":"BRAS5","ref:FR:RTE_nom":"BRASSAC","source":"data.gouv.fr:RTE - 12/2017","voltage":"63000","osm":"node/5718744724"}},{"type":"Feature","geometry":{"type":"Point","coordinates":[3.89522,43.62286]},"properties":{"barrier":"fence","frequency":"50","name":"Poste électrique de Saumade","operator":"RTE","operator:wikidata":"Q2178795","power":"substation","ref:FR:RTE":"SAUMA","ref:FR:RTE_nom":"SAUMADE","source":"data.gouv.fr:RTE - 04/2017","substation":"transmission","voltage":"225000;63000;20000","osm":"way/22938964"}},{"type":"Feature","geometry":{"type":"Point","coordinates":[4.06967,43.70432]},"properties":{"barrier":"fence","name":"Poste électrique de Saint-Christol","operator":"RTE","power":"substation","ref:FR:RTE":"SSCHR","ref:FR:RTE_nom":"ST-CHRISTOL","source":"data.gouv.fr:RTE - 04/2017","substation":"transmission","voltage":"225000","osm":"way/24035563"}},{"type":"Feature","geometry":{"type":"Point","coordinates":[4.00347,43.6262]},"properties":{"barrier":"fence","frequency":"50","name":"Poste électrique de Mauguio","operator":"Enedis","operator:wikidata":"Q3587594","power":"substation","ref:FR:RTE":"MAUGU","ref:FR:RTE_nom":"MAUGUIO","source":"data.gouv.fr:RTE - 04/2017","substation":"distribution","voltage":"63000;20000","osm":"way/24042218"}},{"type":"Feature","geometry":{"type":"Point","coordinates":[3.93851,43.57272]},"properties":{"barrier":"fence","frequency":"50","name":"Poste électrique de Fréjorgues","operator":"Enedis","operator:wikidata":"Q3587594","power":"substation","ref:FR:RTE":"FREJO","ref:FR:RTE_nom":"FREJORGUES","source":"data.gouv.fr:RTE - 04/2017","substation":"distribution","voltage":"63000;20000","osm":"way/25779135"}},{"type":"Feature","geometry":{"type":"Point","coordinates":[3.90746,43.629]},"properties":{"barrier":"fence","frequency":"50","name":"Sous-station SNCF de Castelnau","operator":"SNCF Réseau","operator:wikidata":"Q21605526","power":"substation","ref:FR:RTE":"CSLN5","ref:FR:RTE_nom":"CASTELNAU","source":"data.gouv.fr:RTE - 04/2017","substation":"traction","voltage":"63000;1500","osm":"way/26189753"}},{"type":"Feature","geometry":{"type":"Point","coordinates":[3.96054,43.65494]},"properties":{"barrier":"fence","name":"Poste Electrique de VENDARGUES","operator":"RTE","operator:wikidata":"Q2178795","power":"substation","ref:FR:RTE":"VENDA","ref:FR:RTE_nom":"VENDARGUES","source":"data.gouv.fr:RTE - 04/2017","substation":"distribution","voltage":"63000","osm":"way/26191648"}},{"type":"Feature","geometry":{"type":"Point","coordinates":[3.84943,43.58051]},"properties":{"alt_name":"Montpellier","barrier":"fence","name":"Poste électrique de Montpellier (Saint-Jean-de-Védas)","operator":"RTE","operator:wikidata":"Q2178795","power":"substation","ref:FR:RTE":"MTPEL","ref:FR:RTE_nom":"MONTPELLIER","source":"data.gouv.fr:RTE - 04/2017","substation":"transmission","voltage":"225000;63000","osm":"way/26272450"}},{"type":"Feature","geometry":{"type":"Point","coordinates":[3.71619,43.63263]},"properties":{"barrier":"fence","frequency":"50","location":"outdoor","name":"Poste électrique de Tamareau","operator":"RTE","operator:wikidata":"Q2178795","power":"substation","ref:FR:RTE":"TAMAR","ref:FR:RTE_nom":"TAMAREAU","source":"data.gouv.fr:RTE - 04/2017","substation":"transmission","voltage":"400000;225000","osm":"way/26376870"}},{"type":"Feature","geometry":{"type":"Point","coordinates":[5.85612,43.08722]},"properties":{"operator":"RTE","power":"substation","ref:FR:RTE":"JANAS","ref:FR:RTE_nom":"JANAS","source":"cadastre-dgi-fr source : Direction Générale des Impôts - Cadastre ; mise à jour : 2007","voltage":"63000","osm":"way/26388033"}},{"type":"Feature","geometry":{"type":"Point","coordinates":[3.8425,43.6469]},"properties":{"barrier":"wall","frequency":"50","name":"Poste électrique des Quatre Seigneurs","operator":"RTE","operator:wikidata":"Q2178795","power":"substation","ref:FR:RTE":"Q.SEI","ref:FR:RTE_nom":"QUATRE-SEIGNEURS","source":"data.gouv.fr:RTE - 04/2017","substation":"transmission","voltage":"225000;63000","osm":"way/26395237"}},{"type":"Feature","geometry":{"type":"Point","coordinates":[5.34286,43.44697]},"properties":{"barrier":"wall","location":"outdoor","name":"Poste électrique de Réaltor","operator":"RTE","operator:wikidata":"Q2178795","power":"substation","ref:FR:RTE":"REALT","ref:FR:RTE_nom":"REALTOR","source":"data.gouv.fr:RTE - 04/2017","substation":"transmission","voltage":"400000;225000","osm":"way/27259817"}},{"type":"Feature","geometry":{"type":"Point","coordinates":[5.32126,43.44368]},"properties":{"barrier":"fence","frequency":"50","location":"outdoor","name":"Sous-station SNCF de Cabriès","operator":"SNCF Réseau","operator:wikidata":"Q21605526","owner":"SNCF Réseau","power":"substation","ref:FR:RTE":"CABRI","ref:FR:RTE_nom":"CABRIES","ref:FR:SNCF_Reseau:GAIA":"14422c1a-6668-11e3-8cff-01f464e0362d","source":"data.gouv.fr:RTE - 2022-02","substation":"traction","voltage":"225000;25000","osm":"way/27259978"}},{"type":"Feature","geometry":{"type":"Point","coordinates":[5.35537,43.4854]},"properties":{"barrier":"fence","frequency":"50","name":"Poste électrique de La Duranne","operator":"RTE","operator:wikidata":"Q2178795","power":"substation","ref:FR:RTE":"DURAN","ref:FR:RTE_nom":"DURANNE (LA)","source":"data.gouv.fr:RTE - 04/2017","substation":"transmission","voltage":"225000;20000","osm":"way/27428702"}},{"type":"Feature","geometry":{"type":"Point","coordinates":[5.35372,43.39629]},"properties":{"barrier":"wall","location":"outdoor","name":"Poste électrique de Septèmes","operator":"RTE","operator:wikidata":"Q2178795","power":"substation","ref:FR:RTE":"SEPTE","ref:FR:RTE_nom":"SEPTEMES","source":"data.gouv.fr:RTE - 04/2017","substation":"distribution","voltage":"225000;63000;20000","osm":"way/27768969"}},{"type":"Feature","geometry":{"type":"Point","coordinates":[5.11578,43.63244]},"properties":{"barrier":"wall","location":"outdoor","name":"Poste électrique de Salon","operator":"EDF","power":"substation","ref:FR:RTE":"SALON","ref:FR:RTE_nom":"SALON","source":"data.gouv.fr:RTE - 04/2017","substation":"transmission","voltage":"225000","osm":"way/28068171"}},{"type":"Feature","geometry":{"type":"Point","coordinates":[2.85817,42.69579]},"properties":{"barrier":"fence","location":"outdoor","name":"Poste électrique de Mas-Bruno","operator":"RTE","operator:wikidata":"Q2178795","power":"substation","ref:FR:RTE":"M.BRU","ref:FR:RTE_nom":"MAS-BRUNO","source":"data.gouv.fr:RTE - 04/2017","substation":"transmission","voltage":"225000;63000;20000","osm":"way/36973630"}},{"type":"Feature","geometry":{"type":"Point","coordinates":[2.92335,42.68601]},"properties":{"barrier":"wall","frequency":"50","location":"outdoor","name":"Poste électrique de Cabestany","operator":"RTE","operator:wikidata":"Q2178795","power":"substation","ref:FR:RTE":"CABES","ref:FR:RTE_nom":"CABESTANY","source":"data.gouv.fr:RTE - 04/2017","substation":"distribution","voltage":"225000;63000;20000","osm":"way/37029850"}},{"type":"Feature","geometry":{"type":"Point","coordinates":[4.76329,43.42982]},"properties":{"barrier":"fence","operator":"RTE","operator:wikidata":"Q2178795","power":"substation","ref:FR:RTE":"EYSSE","ref:FR:RTE_nom":"EYSSELLE","source":"data.gouv.fr:RTE - 04/2017","voltage":"63000","osm":"way/42492795"}},{"type":"Feature","geometry":{"type":"Point","coordinates":[4.37151,43.83636]},"properties":{"building":"utility","frequency":"50","location":"indoor","name":"Poste électrique de Nîmes-Talabot","operator":"Enedis","operator:wikidata":"Q3587594","power":"substation","ref:FR:RTE":"NIME6","ref:FR:RTE_nom":"NIMES","source":"data.gouv.fr:RTE - 04/2017","substation":"distribution","voltage":"225000;20000","osm":"way/42979022"}},{"type":"Feature","geometry":{"type":"Point","coordinates":[4.72155,44.09472]},"properties":{"barrier":"fence","frequency":"50","location":"outdoor","name":"Poste électrique de Caderousse","operator":"RTE","operator:wikidata":"Q2178795","power":"substation","ref:FR:RTE":"CADER","ref:FR:RTE_nom":"CADEROUSSE","source":"cadastre-dgi-fr source : Direction Générale des Impôts - Cadastre;mise à jour : 2010","substation":"transmission","voltage":"63000","osm":"way/47860669"}},{"type":"Feature","geometry":{"type":"Point","coordinates":[8.78449,41.81602]},"properties":{"barrier":"fence","frequency":"50","location":"outdoor","name":"Poste électrique de Pietrosella","name:en":"Pietrosella Substation","name:fr":"Poste électrique de Pietrosella","operator":"Électricité de France","operator:source":"opendata-corse.edf.fr: Postes sources 2021/10","operator:wikidata":"Q274591","power":"substation","ref:FR:EDF_SEI_nom":"PIETROSELLA","substation":"distribution","voltage":"90000;20000","osm":"way/60924768"}},{"type":"Feature","geometry":{"type":"Point","coordinates":[2.98579,42.70783]},"properties":{"building":"service","frequency":"50","name":"Poste électrique de Canet","not:operator:wikidata":"Q2178795","operator":"Enedis","operator:wikidata":"Q3587594","power":"substation","ref:FR:RTE":"CANET","ref:FR:RTE_nom":"CANET","source":"data.gouv.fr:RTE - 12/2017","substation":"distribution","voltage":"63000;20000","osm":"way/62989676"}},{"type":"Feature","geometry":{"type":"Point","coordinates":[3.15653,42.45785]},"properties":{"building":"yes","frequency":"50","name":"Sous-station SNCF de Terrimbo","operator":"SNCF Réseau","operator:wikidata":"Q21605526","power":"substation","source":"cadastre-dgi-fr source : Direction Générale des Impôts - Cadastre. Mise à jour : 2010","substation":"traction","voltage":"63000;1500","osm":"way/64229310"}},{"type":"Feature","geometry":{"type":"Point","coordinates":[6.93459,43.66069]},"properties":{"barrier":"fence","operator":"RTE","power":"substation","ref:FR:RTE":"GRASS","ref:FR:RTE_nom":"GRASSE","source":"data.gouv.fr:RTE - 04/2017","substation":"transmission","voltage":"63000","osm":"way/68993085"}},{"type":"Feature","geometry":{"type":"Point","coordinates":[5.37901,43.28943]},"properties":{"building":"yes","frequency":"50","name":"Poste électrique Sylvabelle","operator":"Enedis","operator:wikidata":"Q3587594","power":"substation","ref:FR:RTE":"SYLVA","ref:FR:RTE_nom":"SYLVABELLE","source":"data.gouv.fr:RTE - 04/2017","substation":"distribution","voltage":"63000;20000","osm":"way/69141121"}},{"type":"Feature","geometry":{"type":"Point","coordinates":[6.94025,43.65569]},"properties":{"barrier":"wall","location":"outdoor","name":"Poste électrique de Plan de Grasse","operator":"RTE","power":"substation","ref:FR:RTE":"P.GR5","ref:FR:RTE_nom":"PLAN-DE-GRASSE","source":"data.gouv.fr:RTE - 04/2017","substation":"transmission","voltage":"225000","osm":"way/69332224"}},{"type":"Feature","geometry":{"type":"Point","coordinates":[4.83881,44.12875]},"properties":{"building":"yes","name":"EDF","operator":"RTE","operator:wikidata":"Q2178795","power":"substation","ref:FR:RTE":"CZEGE","ref:FR:RTE_nom":"COUREGES","source":"survey 2013","voltage":"63000","osm":"way/79256284"}},{"type":"Feature","geometry":{"type":"Point","coordinates":[2.80443,44.05123]},"properties":{"barrier":"wall","location":"outdoor","name":"Poste électrique de Saint-Victor","operator":"RTE","operator:wikidata":"Q2178795","power":"substation","ref:FR:RTE":"SSVIC","ref:FR:RTE_nom":"ST-VICTOR","source":"data.gouv.fr:RTE - 12/2018","substation":"transmission","voltage":"225000;63000;20000","osm":"way/80719004"}},{"type":"Feature","geometry":{"type":"Point","coordinates":[2.80421,42.73224]},"properties":{"barrier":"wall","frequency":"50","location":"outdoor","name":"Poste électrique de Baixas","operator":"RTE","operator:wikidata":"Q2178795","power":"substation","ref:FR:RTE":"BAIXA","ref:FR:RTE_nom":"BAIXAS","source":"cadastre-dgi-fr source : Direction Générale des Impôts - Cadastre. Mise à jour : 2010","source:imagery":"CNES/SPOT","substation":"transmission","voltage":"400000;225000;63000","osm":"way/82837097"}},{"type":"Feature","geometry":{"type":"Point","coordinates":[2.24179,43.58477]},"properties":{"barrier":"fence","operator":"Enedis","power":"substation","ref:FR:RTE":"CAS.S","ref:FR:RTE_nom":"CASTRES-SUD","substation":"distribution","voltage":"63000","osm":"way/88689863"}},{"type":"Feature","geometry":{"type":"Point","coordinates":[2.25297,43.62312]},"properties":{"barrier":"fence","location":"outdoor","name":"Poste électrique de Gourjade","operator":"RTE","operator:wikidata":"Q2178795","operator:wikipedia":"fr:RTE (entreprise)","power":"substation","ref:FR:RTE":"GOURJ","ref:FR:RTE_nom":"GOURJADE","source":"data.gouv.fr:RTE - 04/2017","substation":"transmission","voltage":"225000;63000;20000","osm":"way/88689866"}},{"type":"Feature","geometry":{"type":"Point","coordinates":[5.5137,43.64373]},"properties":{"barrier":"fence","location":"outdoor","name":"Poste électrique de Meyrargues","not:operator:wikidata":"Q2178795","operator":"RTE","power":"substation","ref:FR:RTE":"MEYRA","ref:FR:RTE_nom":"MEYRARGUES","source":"data.gouv.fr:RTE - 04/2017","substation":"transmission","voltage":"63000;20000","osm":"way/88969659"}},{"type":"Feature","geometry":{"type":"Point","coordinates":[5.77833,43.83145]},"properties":{"building":"yes","operator":"RTE","power":"substation","ref:FR:RTE":"REPAS","ref:FR:RTE_nom":"REPASSE (LA)","source":"data.gouv.fr:RTE - 04/2017","voltage":"63000","osm":"way/89339317"}},{"type":"Feature","geometry":{"type":"Point","coordinates":[7.19157,43.80318]},"properties":{"barrier":"fence","location":"outdoor","name":"Poste électrique de Le Broc-Carros","operator":"RTE","power":"substation","ref:FR:RTE":"B.CAR","ref:FR:RTE_nom":"BROC-CARROS (LE)","source":"bing","substation":"transmission","voltage":"400000;225000","osm":"way/90842395"}},{"type":"Feature","geometry":{"type":"Point","coordinates":[5.38456,43.69318]},"properties":{"barrier":"wall","location":"outdoor","name":"Poste électrique de Saint-Estève","operator":"RTE","operator:wikidata":"Q2178795","power":"substation","ref:FR:RTE":"SSEST","ref:FR:RTE_nom":"ST-ESTEVE","source":"data.gouv.fr:RTE - 04/2017","substation":"transmission","voltage":"225000;63000","osm":"way/91351689"}},{"type":"Feature","geometry":{"type":"Point","coordinates":[3.22995,43.33]},"properties":{"barrier":"fence","operator":"RTE","operator:wikidata":"Q2178795","power":"substation","ref:FR:RTE":"SAUCL","ref:FR:RTE_nom":"SAUCLIERES","source":"Bing","substation":"distribution","voltage":"63000","osm":"way/92718016"}},{"type":"Feature","geometry":{"type":"Point","coordinates":[6.02233,43.27641]},"properties":{"barrier":"fence","location":"outdoor","name":"Poste électrique de Neoules","operator":"RTE","operator:wikidata":"Q2178795","power":"substation","ref:FR:RTE":"NEOUL","ref:FR:RTE_nom":"NEOULES","source":"data.gouv.fr:RTE - 04/2017","start_date":"1992","substation":"transmission","voltage":"400000;225000","osm":"way/93189928"}},{"type":"Feature","geometry":{"type":"Point","coordinates":[2.22025,43.95079]},"properties":{"barrier":"fence","operator":"RTE","power":"substation","ref:FR:RTE":"COMB6","ref:FR:RTE_nom":"COMBE (LA)","source":"data.gouv.fr:RTE - 04/2017","substation":"transmission","voltage":"63000","osm":"way/94087982"}},{"type":"Feature","geometry":{"type":"Point","coordinates":[7.06751,43.61673]},"properties":{"barrier":"wall","location":"outdoor","name":"Valbonne","operator":"RTE","operator:wikidata":"Q2178795","power":"substation","ref:FR:RTE":"VALBO","ref:FR:RTE_nom":"VALBONNE","source":"data.gouv.fr:RTE - 04/2017","substation":"distribution","voltage":"63000","osm":"way/94519377"}},{"type":"Feature","geometry":{"type":"Point","coordinates":[2.67739,43.24107]},"properties":{"barrier":"fence","fence_type":"chain_link","frequency":"50","name":"Poste électrique de La Gaudière","operator":"RTE","operator:wikidata":"Q2178795","operator:wikipedia":"fr:RTE (entreprise)","power":"substation","ref:FR:RTE":"GAUDI","ref:FR:RTE_nom":"GAUDIERE (LA)","source":"Bing","substation":"transmission","voltage":"400000;225000","osm":"way/98890904"}},{"type":"Feature","geometry":{"type":"Point","coordinates":[5.83237,43.69087]},"properties":{"barrier":"fence","location":"outdoor","name":"Poste électrique de Boutre","operator":"RTE","operator:wikidata":"Q2178795","power":"substation","ref:FR:RTE":"BOUTR","ref:FR:RTE_nom":"BOUTRE","source":"data.gouv.fr:RTE - 04/2017","substation":"transmission","voltage":"400000;225000","osm":"way/100087916"}},{"type":"Feature","geometry":{"type":"Point","coordinates":[5.48608,43.46633]},"properties":{"barrier":"wall","frequency":"50","location":"outdoor","name":"Poste électrique de La Palun","operator":"RTE","operator:wikidata":"Q2178795","operator:wikipedia":"fr:RTE (entreprise)","power":"substation","ref:FR:RTE":"PALUN","ref:FR:RTE_nom":"PALUN (LA)","source":"data.gouv.fr:RTE - 04/2017","substation":"transmission","voltage":"225000;63000","osm":"way/101108382"}},{"type":"Feature","geometry":{"type":"Point","coordinates":[2.96109,43.97522]},"properties":{"barrier":"fence","frequency":"50","name":"Poste électrique de Lauras","operator":"RTE","operator:wikidata":"Q2178795","power":"substation","ref:FR:RTE":"LAURA","ref:FR:RTE_nom":"LAURAS","source":"data.gouv.fr:RTE - 04/2017","substation":"distribution","voltage":"63000;20000","osm":"way/102579365"}},{"type":"Feature","geometry":{"type":"Point","coordinates":[2.85991,42.55047]},"properties":{"barrier":"fence","frequency":"50","name":"Poste électrique d'Aspres","operator":"RTE","operator:wikidata":"Q2178795","power":"substation","ref:FR:RTE":"ASPR5","ref:FR:RTE_nom":"ASPRES","source":"data.gouv.fr:RTE - 04/2017","substation":"distribution","voltage":"63000;20000","osm":"way/102673989"}},{"type":"Feature","geometry":{"type":"Point","coordinates":[2.8916,42.80119]},"properties":{"operator":"RTE","power":"substation","ref:FR:RTE":"M.NOU","ref:FR:RTE_nom":"MAS-NOU","source":"data.gouv.fr:RTE - 04/2017","voltage":"63000","osm":"way/102677320"}},{"type":"Feature","geometry":{"type":"Point","coordinates":[2.51028,42.81034]},"properties":{"barrier":"fence","operator":"RTE","power":"substation","ref:FR:RTE":"SSFEN","ref:FR:RTE_nom":"ST-PAUL-DE-FENOUILLET","source":"data.gouv.fr:RTE - 04/2017","substation":"transmission","voltage":"63000","osm":"way/102685302"}},{"type":"Feature","geometry":{"type":"Point","coordinates":[2.64839,42.65656]},"properties":{"barrier":"fence","fence_type":"wire","operator":"RTE","power":"substation","ref:FR:RTE":"I.TET","ref:FR:RTE_nom":"ILLE-SUR-TET","source":"data.gouv.fr:RTE - 04/2017","voltage":"63000","osm":"way/102775182"}},{"type":"Feature","geometry":{"type":"Point","coordinates":[2.72743,42.49491]},"properties":{"barrier":"fence","frequency":"50","name":"Poste électrique de Céret","operator":"RTE","operator:wikidata":"Q2178795","power":"substation","ref:FR:RTE":"CERET","ref:FR:RTE_nom":"CERET","source":"data.gouv.fr:RTE - 04/2017","substation":"distribution","voltage":"63000;20000","osm":"way/102780166"}},{"type":"Feature","geometry":{"type":"Point","coordinates":[2.90073,42.67191]},"properties":{"barrier":"fence","frequency":"50","location":"outdoor","name":"Sous-Station SNCF de Perpignan","operator":"SNCF Réseau","operator:wikidata":"Q21605526","power":"substation","ref:FR:RTE":"PERPI","ref:FR:RTE_nom":"PERPIGNAN","source":"data.gouv.fr:RTE - 04/2017","substation":"traction","voltage":"63000;1500","osm":"way/102796926"}},{"type":"Feature","geometry":{"type":"Point","coordinates":[3.00743,42.5497]},"properties":{"barrier":"fence","frequency":"50","name":"Poste électrique d'Argelès-sur-Mer","operator":"RTE","operator:wikidata":"Q2178795","operator:wikipedia":"fr:RTE (entreprise)","power":"substation","ref:FR:RTE":"A.MER","ref:FR:RTE_nom":"ARGELES-SUR-MER","source":"data.gouv.fr:RTE - 04/2017","substation":"distribution","voltage":"63000;20000","osm":"way/102807481"}},{"type":"Feature","geometry":{"type":"Point","coordinates":[3.15625,42.45801]},"properties":{"barrier":"fence","frequency":"50","name":"Poste électrique de Terrimbo","operator":"RTE","operator:wikidata":"Q2178795","power":"substation","ref:FR:RTE":"TERR5","ref:FR:RTE_nom":"TERRIMBO","source":"data.gouv.fr:RTE - 04/2017","substation":"distribution","voltage":"63000;20000","osm":"way/102834867"}},{"type":"Feature","geometry":{"type":"Point","coordinates":[4.70325,44.08636]},"properties":{"barrier":"fence","frequency":"50","location":"outdoor","name":"Poste électrique de L'Ardoise","operator":"RTE","operator:wikidata":"Q2178795","power":"substation","ref:FR:RTE":"ARDOI","ref:FR:RTE_nom":"ARDOISE (L )","source":"cadastre-dgi-fr source : Direction Générale des Impôts - Cadastre;mise à jour : 2011","substation":"transmission","voltage":"225000;63000","osm":"way/103921705"}},{"type":"Feature","geometry":{"type":"Point","coordinates":[4.6946,44.08933]},"properties":{"barrier":"fence","frequency":"50","location":"outdoor","name":"Poste électrique de Keller-Leleux","operator":"RTE","operator:wikidata":"Q2178795","power":"substation","ref:FR:RTE":"K.LEL","ref:FR:RTE_nom":"KELLER-LELEUX","source":"cadastre-dgi-fr source : Direction Générale des Impôts - Cadastre;mise à jour : 2011","substation":"industrial","voltage":"63000","osm":"way/103921728"}},{"type":"Feature","geometry":{"type":"Point","coordinates":[2.11178,41.61948]},"properties":{"location":"outdoor","name":"Subestació de Sentmenat","name:ca":"Subestació de Sentmenat","operator":"Red Eléctrica de España","operator:short":"REE","operator:wikidata":"Q1551220","operator:wikipedia":"es:Red Eléctrica de España","power":"substation","substation":"transmission","voltage":"400000;220000","osm":"way/104020696"}},{"type":"Feature","geometry":{"type":"Point","coordinates":[4.70906,44.49537]},"properties":{"barrier":"wall","location":"outdoor","name":"Poste électrique de Châteauneuf-du Rhône","note":"Le poste a été agrandi en 2014. Bing ne correspond pas a la realité sur le terrain","operator":"RTE","operator:wikidata":"Q2178795","power":"substation","ref:FR:RTE":"C.RHO","ref:FR:RTE_nom":"CHATEAUNEUF-DU-RHONE","source":"data.gouv.fr:RTE - 04/2017","substation":"transmission","voltage":"225000;63000","osm":"way/104240116"}},{"type":"Feature","geometry":{"type":"Point","coordinates":[4.90611,43.45483]},"properties":{"barrier":"fence","location":"outdoor","name":"Poste électrique de la Feuillane","operator":"RTE","operator:wikidata":"Q2178795","power":"substation","ref:FR:RTE":"FEUIL","ref:FR:RTE_nom":"FEUILLANE","source":"data.gouv.fr:RTE - 04/2017","substation":"transmission","voltage":"400000;225000;63000","osm":"way/104481448"}},{"type":"Feature","geometry":{"type":"Point","coordinates":[4.84923,43.45445]},"properties":{"building":"yes","operator":"RTE","operator:wikidata":"Q2178795","operator:wikipedia":"fr:RTE (entreprise)","power":"substation","ref:FR:RTE":"METHA","ref:FR:RTE_nom":"METHANIER","source":"data.gouv.fr:RTE - 04/2017","voltage":"63000","osm":"way/104502527"}},{"type":"Feature","geometry":{"type":"Point","coordinates":[4.84746,43.42834]},"properties":{"barrier":"fence","name":"Poste électrique de Darse","operator":"RTE","operator:wikidata":"Q2178795","operator:wikipedia":"fr:RTE (entreprise)","power":"substation","ref:FR:RTE":"DARSE","ref:FR:RTE_nom":"DARSE","source":"cartostock:RTE - 07/2026","substation":"transmission","voltage":"225000","osm":"way/105202875"}},{"type":"Feature","geometry":{"type":"Point","coordinates":[4.83308,43.43578]},"properties":{"barrier":"fence","power":"substation","ref:FR:RTE":"CABAN","ref:FR:RTE_nom":"CABAN","source":"data.gouv.fr:RTE - 04/2017","substation":"industrial","voltage":"225000","osm":"way/105211326"}},{"type":"Feature","geometry":{"type":"Point","coordinates":[4.84988,43.44302]},"properties":{"barrier":"fence","power":"substation","ref:FR:RTE":"RELA5","ref:FR:RTE_nom":"RELAIS","source":"data.gouv.fr:RTE - 04/2017","substation":"industrial","voltage":"225000","osm":"way/105260066"}},{"type":"Feature","geometry":{"type":"Point","coordinates":[4.64277,44.01496]},"properties":{"barrier":"fence","frequency":"50","landuse":"industrial","location":"outdoor","name":"Poste électrique de Tavel","operator":"RTE","operator:wikidata":"Q2178795","power":"substation","ref:FR:RTE":"TAVEL","ref:FR:RTE_nom":"TAVEL","source":"Bing","substation":"transmission","voltage":"400000;225000","wikidata":"Q52524943","osm":"way/110086345"}},{"type":"Feature","geometry":{"type":"Point","coordinates":[2.39023,43.21132]},"properties":{"barrier":"wall","location":"outdoor","name":"Poste électrique de Moreau","operator":"RTE","power":"substation","ref:FR:RTE":"MOREA","ref:FR:RTE_nom":"MOREAU","substation":"transmission","voltage":"225000","osm":"way/110602441"}},{"type":"Feature","geometry":{"type":"Point","coordinates":[5.21741,43.50731]},"properties":{"barrier":"wall","landuse":"industrial","location":"outdoor","name":"Poste électrique de Rognac","operator":"RTE","operator:wikidata":"Q2178795","power":"substation","ref:FR:RTE":"ROGNA","ref:FR:RTE_nom":"ROGNAC","source":"data.gouv.fr:RTE - 04/2017","substation":"transmission","voltage":"225000;63000","osm":"way/110602470"}},{"type":"Feature","geometry":{"type":"Point","coordinates":[2.82952,44.15964]},"properties":{"barrier":"fence","location":"indoor","power":"substation","ref:FR:RTE":"S.CUR","ref:FR:RTE_nom":"SALLES-CURAN","source":"knowledge","start_date":"2008-12-15","substation":"transmission","voltage":"225000","osm":"way/111276881"}},{"type":"Feature","geometry":{"type":"Point","coordinates":[6.26791,44.46957]},"properties":{"barrier":"fence","location":"outdoor","name":"Poste électrique de Serre-Ponçon","operator":"RTE","operator:wikidata":"Q2178795","power":"substation","ref:FR:RTE":"S.PON","ref:FR:RTE_nom":"SERRE-PONCON","ref:RTE:codnat":"S.PON","source":"Bing","substation":"transmission","voltage":"225000;63000","osm":"way/111769053"}},{"type":"Feature","geometry":{"type":"Point","coordinates":[2.5484,43.19042]},"properties":{"operator":"RTE","operator:wikidata":"Q2178795","power":"substation","ref:FR:RTE":"CROZE","ref:FR:RTE_nom":"CROZES","voltage":"63000","osm":"way/112521269"}},{"type":"Feature","geometry":{"type":"Point","coordinates":[2.13799,43.95446]},"properties":{"barrier":"wall","location":"outdoor","name":"Pélissier","operator":"RTE","power":"substation","ref:FR:RTE":"PELIS","ref:FR:RTE_nom":"PELISSIER","source":"Bing","substation":"transmission","voltage":"225000;63000;20000","osm":"way/112925040"}},{"type":"Feature","geometry":{"type":"Point","coordinates":[3.21894,43.36878]},"properties":{"barrier":"fence","location":"outdoor","name":"Poste électrique de Saint-Vincent","operator":"RTE","operator:wikidata":"Q2178795","power":"substation","ref:FR:RTE":"SSVIN","ref:FR:RTE_nom":"ST-VINCENT","source":"Bing","substation":"transmission","voltage":"225000;63000;20000","osm":"way/113338234"}},{"type":"Feature","geometry":{"type":"Point","coordinates":[4.58385,43.82916]},"properties":{"barrier":"wall","name":"Poste électrique des Jonquières","operator":"RTE","operator:wikidata":"Q2178795","power":"substation","ref:FR:RTE":"JONQU","ref:FR:RTE_nom":"JONQUIERES","source":"Bing","substation":"transmission","voltage":"400000;225000;63000","osm":"way/114018928"}},{"type":"Feature","geometry":{"type":"Point","coordinates":[2.19384,44.43305]},"properties":{"name":"Bel-Air","operator":"RTE","power":"substation","ref:FR:RTE":"B.AIR","ref:FR:RTE_nom":"BEL-AIR","voltage":"63000","osm":"way/114207816"}},{"type":"Feature","geometry":{"type":"Point","coordinates":[2.72162,44.26715]},"properties":{"barrier":"fence","operator":"RTE","power":"substation","ref:FR:RTE":"BAGE","ref:FR:RTE_nom":"BAGE (STATION DE POMPAGE)","source":"Bing","substation":"industrial","voltage":"63000","website":"https://www.hydrelect.info/articles.php?lng=fr&pg=186","osm":"way/114452100"}},{"type":"Feature","geometry":{"type":"Point","coordinates":[2.66601,44.18448]},"properties":{"barrier":"fence","landuse":"industrial","operator":"RTE","power":"substation","ref:FR:RTE":"ARVIE","ref:FR:RTE_nom":"ARVIEU","source":"PCRS raster","voltage":"63000","osm":"way/114452102"}},{"type":"Feature","geometry":{"type":"Point","coordinates":[5.02375,43.38338]},"properties":{"barrier":"wall","name":"Poste électrique de Lavéra Martigues","operator":"RTE","operator:wikidata":"Q2178795","power":"substation","ref:FR:RTE":"LAVER","ref:FR:RTE_nom":"LAVERA","source":"data.gouv.fr:RTE - 2023-09","substation":"transmission","voltage":"225000;63000","osm":"way/114730382"}},{"type":"Feature","geometry":{"type":"Point","coordinates":[2.41994,44.26886]},"properties":{"operator":"RTE","power":"substation","ref:FR:RTE":"BARAQ","ref:FR:RTE_nom":"BARAQUEVILLE","source":"Bing","substation":"distribution","voltage":"63000","osm":"way/115513467"}},{"type":"Feature","geometry":{"type":"Point","coordinates":[2.574,44.34329]},"properties":{"name":"Rodez","operator":"RTE","operator:wikidata":"Q2178795","operator:wikipedia":"fr:RTE (entreprise)","power":"substation","ref:FR:RTE":"RODEZ","ref:FR:RTE_nom":"RODEZ","source":"Bing","voltage":"63000","osm":"way/115513475"}},{"type":"Feature","geometry":{"type":"Point","coordinates":[7.47768,43.88275]},"properties":{"operator":"RTE","operator:wikidata":"Q2178795","operator:wikipedia":"fr:RTE (entreprise)","power":"substation","ref:FR:RTE":"SOSPE","ref:FR:RTE_nom":"SOSPEL","source":"RTE - 6 juin 2020","voltage":"63000","osm":"way/115767004"}},{"type":"Feature","geometry":{"type":"Point","coordinates":[2.2663,44.27304]},"properties":{"operator":"RTE","power":"substation","ref:FR:RTE":"PRAD6","ref:FR:RTE_nom":"PRADINAS","source":"Bing","voltage":"63000","osm":"way/116045630"}},{"type":"Feature","geometry":{"type":"Point","coordinates":[2.0162,44.35159]},"properties":{"operator":"RTE","power":"substation","ref:FR:RTE":"V.ROU","ref:FR:RTE_nom":"VILLEFRANCHE-DE-ROUERGUE","voltage":"63000","osm":"way/116420567"}},{"type":"Feature","geometry":{"type":"Point","coordinates":[2.60743,44.38731]},"properties":{"barrier":"wall","landuse":"industrial","name":"Poste électrique d'Onet le Chateau","operator":"RTE","power":"substation","ref:FR:RTE":"O.CHA","ref:FR:RTE_nom":"ONET-LE-CHATEAU","source":"Bing","substation":"transmission","voltage":"225000;63000;20000","osm":"way/116669781"}},{"type":"Feature","geometry":{"type":"Point","coordinates":[2.60701,44.35852]},"properties":{"barrier":"fence","operator":"RTE","operator:wikidata":"Q2178795","power":"substation","ref:FR:RTE":"PRAD5","ref:FR:RTE_nom":"PRADE (LA)","voltage":"63000;20000","osm":"way/116669782"}},{"type":"Feature","geometry":{"type":"Point","coordinates":[5.38066,43.35112]},"properties":{"barrier":"wall","operator":"RTE","operator:wikidata":"Q2178795","power":"substation","substation":"transition","voltage":"225000","osm":"way/118204938"}},{"type":"Feature","geometry":{"type":"Point","coordinates":[5.48088,43.32088]},"properties":{"barrier":"wall","comment":"< occitan : a cò de;fr. chez","location":"outdoor","name":"Poste électrique d'Enco-de-Botte","name:oc":"Subestacion electrica En Cò de Bòtte","operator":"RTE","operator:wikidata":"Q2178795","power":"substation","ref:FR:RTE":"E.BOT","ref:FR:RTE_nom":"ENCO-DE-BOTTE","source":"data.gouv.fr:RTE - 04/2017","source:name:oc":"ieo-bdtopoc","substation":"distribution","voltage":"225000;63000;20000","osm":"way/118213015"}},{"type":"Feature","geometry":{"type":"Point","coordinates":[5.59137,43.28557]},"properties":{"barrier":"wall","location":"outdoor","operator":"RTE","power":"substation","ref:FR:RTE":"AUBAG","ref:FR:RTE_nom":"AUBAGNE","source":"data.gouv.fr:RTE - 04/2017","substation":"distribution","voltage":"63000","osm":"way/118298080"}},{"type":"Feature","geometry":{"type":"Point","coordinates":[5.4684,43.46381]},"properties":{"barrier":"fence","frequency":"50","name":"Poste électrique de Gardanne","operator":"Enedis","operator:wikidata":"Q3587594","power":"substation","ref:FR:RTE":"GARDA","ref:FR:RTE_nom":"GARDANNE","source":"data.gouv.fr:RTE - 04/2017","substation":"distribution","voltage":"63000;20000","osm":"way/118352173"}},{"type":"Feature","geometry":{"type":"Point","coordinates":[5.42727,43.51818]},"properties":{"barrier":"fence","frequency":"50","location":"outdoor","name":"Poste électrique de l'Ensoleillé","operator":"RTE","operator:wikidata":"Q2178795","power":"substation","ref:FR:RTE":"ENSOL","ref:FR:RTE_nom":"ENSOLEILLE (L)","source":"data.gouv.fr:RTE - 04/2017","substation":"distribution","voltage":"63000;20000","osm":"way/118514464"}},{"type":"Feature","geometry":{"type":"Point","coordinates":[5.3913,43.4234]},"properties":{"barrier":"fence","operator":"Enedis","operator:wikidata":"Q3587594","power":"substation","ref:FR:RTE":"CHAB5","ref:FR:RTE_nom":"CHABAUDS (LES)","source":"data.gouv.fr:RTE - 04/2017","substation":"distribution","voltage":"63000","osm":"way/118518865"}},{"type":"Feature","geometry":{"type":"Point","coordinates":[5.38827,43.41867]},"properties":{"operator":"RTE","operator:wikidata":"Q2178795","power":"substation","ref:FR:RTE":"MALL5","ref:FR:RTE_nom":"MALLE (LA)","source":"data.gouv.fr:RTE - 04/2017","voltage":"63000","osm":"way/118518891"}},{"type":"Feature","geometry":{"type":"Point","coordinates":[5.45964,43.29331]},"properties":{"barrier":"wall","name":"Poste électrique de Caillols","operator":"Enedis","operator:wikidata":"Q3587594","power":"substation","ref:FR:RTE":"CAIL5","ref:FR:RTE_nom":"CAILLOLS","source":"Bing Sat","substation":"distribution","voltage":"225000;20000","osm":"way/118684662"}},{"type":"Feature","geometry":{"type":"Point","coordinates":[5.42742,43.25691]},"properties":{"barrier":"wall","operator":"RTE","operator:wikidata":"Q2178795","power":"substation","source":"Bing Sat","substation":"transition","voltage":"225000","osm":"way/118684992"}},{"type":"Feature","geometry":{"type":"Point","coordinates":[5.52932,43.28499]},"properties":{"operator":"RTE","power":"substation","ref:FR:RTE":"BAST5","ref:FR:RTE_nom":"BASTIDONNE (LA)","source":"Bing Sat","voltage":"63000","osm":"way/118686834"}},{"type":"Feature","geometry":{"type":"Point","coordinates":[5.5078,43.28577]},"properties":{"barrier":"wall","distance":"11.796","location":"outdoor","name":"Sous-station RFF de La Penne","operator":"SNCF Réseau","operator:wikidata":"Q21605526","owner":"SNCF Réseau","power":"substation","ref:FR:RTE":"PENNE","ref:FR:RTE_nom":"PENNE (LA)","ref:FR:SNCF_Reseau:GAIA":"14427710-6668-11e3-8cff-01f464e0362d","source":"data.gouv.fr:RTE - 04/2017","substation":"traction","voltage":"63000","osm":"way/118687241"}},{"type":"Feature","geometry":{"type":"Point","coordinates":[5.58036,43.25131]},"properties":{"barrier":"fence","operator":"RTE","operator:wikidata":"Q2178795","power":"substation","ref:FR:RTE":"BEDOU","ref:FR:RTE_nom":"BEDOULE (LA)","source":"Bing Sat","voltage":"63000","osm":"way/118689278"}},{"type":"Feature","geometry":{"type":"Point","coordinates":[2.09174,42.49506]},"properties":{"frequency":"50","location":"indoor","name":"Poste source de la Perche","operator":"RTE","operator:wikidata":"Q2178795","power":"substation","ref:FR:RTE":"PERCH","ref:FR:RTE_nom":"PERCHE (LA)","source":"data.gouv.fr:RTE - 04/2017","substation":"transmission","voltage":"63000","osm":"way/119009082"}},{"type":"Feature","geometry":{"type":"Point","coordinates":[2.14845,42.5044]},"properties":{"operator":"RTE","operator:wikidata":"Q2178795","power":"substation","ref:FR:RTE":"CASSA","ref:FR:RTE_nom":"CASSAGNE (LA)","source":"data.gouv.fr:RTE - 04/2017","voltage":"63000","osm":"way/119009084"}},{"type":"Feature","geometry":{"type":"Point","coordinates":[9.4784,42.80693]},"properties":{"barrier":"fence","frequency":"50","location":"outdoor","name":"Poste électrique de Sisco","operator":"Électricité de France","operator:short":"EDF","operator:source":"opendata-corse.edf.fr: Postes sources 2021/10","operator:wikidata":"Q274591","power":"substation","ref:FR:EDF_SEI_nom":"SISCO","substation":"distribution","voltage":"90000;20000","osm":"way/121040665"}},{"type":"Feature","geometry":{"type":"Point","coordinates":[3.72424,43.94587]},"properties":{"barrier":"fence","location":"outdoor","name":"Poste électrique de Ganges","operator":"RTE","operator:wikidata":"Q2178795","operator:wikipedia":"fr:RTE (entreprise)","power":"substation","ref:FR:RTE":"GANGE","ref:FR:RTE_nom":"GANGES","source":"Bing","substation":"transmission","voltage":"225000;63000","osm":"way/121087628"}},{"type":"Feature","geometry":{"type":"Point","coordinates":[3.59958,43.97949]},"properties":{"name":"Poste électrique de Avèze","operator":"RTE","operator:wikidata":"Q2178795","operator:wikipedia":"fr:RTE (entreprise)","power":"substation","ref:FR:RTE":"AVEZE","ref:FR:RTE_nom":"AVEZE","source":"Bing","voltage":"63000","osm":"way/121088434"}},{"type":"Feature","geometry":{"type":"Point","coordinates":[4.15116,44.16644]},"properties":{"operator":"RTE","power":"substation","ref:FR:RTE":"SALIN","ref:FR:RTE_nom":"SALINDRES","source":"Bing","voltage":"63000","osm":"way/121101845"}},{"type":"Feature","geometry":{"type":"Point","coordinates":[4.1775,44.13784]},"properties":{"barrier":"fence","name":"Poste électrique de Viradel","operator":"RTE","power":"substation","ref:FR:RTE":"VIRAD","ref:FR:RTE_nom":"VIRADEL","source":"Bing","substation":"transmission","voltage":"225000;63000","osm":"way/121101846"}},{"type":"Feature","geometry":{"type":"Point","coordinates":[4.13508,44.13806]},"properties":{"barrier":"fence","name":"Poste électrique de Saint-Privat-des-Vieux","operator":"Enedis","operator:wikidata":"Q3587594","power":"substation","ref:FR:RTE":"SSVIE","ref:FR:RTE_nom":"ST-PRIVAT-DES-VIEUX","source":"Bing","substation":"distribution","voltage":"63000","osm":"way/121101849"}},{"type":"Feature","geometry":{"type":"Point","coordinates":[5.10082,43.67351]},"properties":{"barrier":"wall","name":"Poste électrique de Roquerousse","operator":"RTE","operator:wikidata":"Q2178795","power":"substation","ref:FR:RTE":"RQROU","ref:FR:RTE_nom":"ROQUEROUSSE","source":"Bing","substation":"transmission","voltage":"225000","osm":"way/121161175"}},{"type":"Feature","geometry":{"type":"Point","coordinates":[5.51212,43.70651]},"properties":{"barrier":"fence","operator":"RTE","operator:wikidata":"Q2178795","power":"substation","ref:FR:RTE":"PERTU","ref:FR:RTE_nom":"PERTUIS","source":"Bing","voltage":"63000","osm":"way/121163428"}},{"type":"Feature","geometry":{"type":"Point","coordinates":[6.47523,43.51013]},"properties":{"barrier":"wall","location":"outdoor","name":"Poste électrique de Trans en Provence","operator":"RTE","operator:wikidata":"Q2178795","power":"substation","ref:FR:RTE":"TRANS","ref:FR:RTE_nom":"TRANS","source":"data.gouv.fr:RTE - 04/2017","substation":"transmission","voltage":"225000;63000;400000","osm":"way/121297422"}},{"type":"Feature","geometry":{"type":"Point","coordinates":[5.76758,43.68279]},"properties":{"frequency":"50","name":"Poste électrique de Cadarache","operator":"RTE","operator:wikidata":"Q2178795","power":"substation","ref:FR:RTE":"CADAR","ref:FR:RTE_nom":"CADARACHE","source":"data.gouv.fr:RTE - 04/2017","substation":"industrial","voltage":"63000","osm":"way/121390621"}},{"type":"Feature","geometry":{"type":"Point","coordinates":[5.82633,43.72533]},"properties":{"barrier":"fence","location":"outdoor","operator":"RTE","operator:wikidata":"Q2178795","power":"substation","ref:FR:RTE":"VINON","ref:FR:RTE_nom":"VINON","source":"data.gouv.fr:RTE - 04/2017","substation":"transmission","voltage":"63000","osm":"way/121390622"}},{"type":"Feature","geometry":{"type":"Point","coordinates":[5.65654,43.68048]},"properties":{"barrier":"fence","location":"outdoor","operator":"RTE","operator:wikidata":"Q2178795","power":"substation","ref:FR:RTE":"JOUQU","ref:FR:RTE_nom":"JOUQUES","source":"Bing","substation":"transmission","voltage":"63000","osm":"way/121499002"}},{"type":"Feature","geometry":{"type":"Point","coordinates":[5.77494,43.7835]},"properties":{"barrier":"wall","frequency":"50","location":"outdoor","name":"Poste électrique de Saint-Tulle","operator":"RTE","operator:wikidata":"Q2178795","operator:wikipedia":"fr:RTE (entreprise)","power":"substation","ref:FR:RTE":"SSTUL","ref:FR:RTE_nom":"SAINTE-TULLE 1","source":"data.gouv.fr:RTE - 04/2017","substation":"transmission","voltage":"225000;150000;63000","osm":"way/121499607"}},{"type":"Feature","geometry":{"type":"Point","coordinates":[6.83589,43.59509]},"properties":{"barrier":"wall","location":"indoor","name":"Poste électrique du Biançon","operator":"RTE","operator:wikidata":"Q2178795","power":"substation","ref:FR:RTE":"BIANC","ref:FR:RTE_nom":"BIANCON","source":"Bing","substation":"transmission","voltage":"400000;225000","osm":"way/121500497"}},{"type":"Feature","geometry":{"type":"Point","coordinates":[2.02381,41.47481]},"properties":{"frequency":"50","location":"outdoor","name":"Subestació elèctrica de Can Jardí","name:ca":"Subestació elèctrica de Can Jardí","power":"substation","substation":"transmission","voltage":"400000;220000","osm":"way/124121959"}},{"type":"Feature","geometry":{"type":"Point","coordinates":[2.00987,41.47325]},"properties":{"name":"Subestació de Rubí","operator":"Red Eléctrica de España","operator:short":"REE","operator:wikidata":"Q1551220","operator:wikipedia":"es:Red Eléctrica de España","power":"substation","voltage":"400000;220000","osm":"way/124121964"}},{"type":"Feature","geometry":{"type":"Point","coordinates":[4.78119,43.94421]},"properties":{"operator":"RTE","power":"substation","ref:FR:RTE":"F.IRA","ref:FR:RTE_nom":"FONT D IRAC","source":"data.gouv.fr:RTE - 04/2017","voltage":"63000","osm":"way/126733314"}},{"type":"Feature","geometry":{"type":"Point","coordinates":[6.57935,44.27395]},"properties":{"building":"yes","operator":"RTE","operator:wikidata":"Q2178795","operator:wikipedia":"fr:RTE (entreprise)","power":"substation","ref:FR:RTE":"F.ALL","ref:FR:RTE_nom":"FOUX D ALLOS","source":"data.gouv.fr:RTE - 04/2017","voltage":"63000","osm":"way/127963881"}},{"type":"Feature","geometry":{"type":"Point","coordinates":[3.10824,43.86623]},"properties":{"barrier":"fence","frequency":"50","name":"Sous-station SNCF de Montpaon","operator":"SNCF Réseau","operator:wikidata":"Q21605526","power":"substation","ref:FR:RTE":"MTPAO","ref:FR:RTE_nom":"MONTPAON","source":"data.gouv.fr:RTE - 04/2017","substation":"traction","voltage":"63000;1500","osm":"way/129092155"}},{"type":"Feature","geometry":{"type":"Point","coordinates":[3.45753,43.60649]},"properties":{"barrier":"fence","frequency":"50","name":"Poste électrique de Fouscais","operator":"RTE","operator:wikidata":"Q2178795","power":"substation","ref:FR:RTE":"FOUSC","ref:FR:RTE_nom":"FOUSCAIS","source":"Bing","substation":"transmission","voltage":"225000;63000","osm":"way/129740666"}},{"type":"Feature","geometry":{"type":"Point","coordinates":[3.31353,43.72329]},"properties":{"barrier":"fence","frequency":"50","name":"Poste électrique de Lodève","operator":"RTE","operator:wikidata":"Q2178795","power":"substation","ref:FR:RTE":"LODEV","ref:FR:RTE_nom":"LODEVE","source":"data.gouv.fr:RTE - 04/2017","substation":"distribution","voltage":"63000;20000","osm":"way/129743360"}},{"type":"Feature","geometry":{"type":"Point","coordinates":[3.5136,43.66043]},"properties":{"barrier":"fence","frequency":"50","name":"Poste électrique de Sangonis","operator":"Enedis","operator:wikidata":"Q3587594","power":"substation","ref:FR:RTE":"SANGO","ref:FR:RTE_nom":"SANGONIS","source":"data.gouv.fr:RTE - 04/2017","substation":"distribution","voltage":"63000","osm":"way/129743774"}},{"type":"Feature","geometry":{"type":"Point","coordinates":[3.70619,43.44601]},"properties":{"barrier":"fence","name":"Poste électrique de Balaruc","operator":"RTE","operator:wikidata":"Q2178795","operator:wikipedia":"fr:RTE (entreprise)","power":"substation","ref:FR:RTE":"BALAR","ref:FR:RTE_nom":"BALARUC","source":"data.gouv.fr:RTE - 04/2017","substation":"transmission","voltage":"225000","osm":"way/129830455"}},{"type":"Feature","geometry":{"type":"Point","coordinates":[3.81054,43.50916]},"properties":{"barrier":"fence","operator":"SNCF Réseau","operator:wikidata":"Q21605526","power":"substation","ref:FR:RTE":"MIREV","ref:FR:RTE_nom":"MIREVAL","ref:FR:SNCF_Reseau:GAIA":"1443bad6-6668-11e3-8cff-01f464e0362d","substation":"traction","voltage":"63000","osm":"way/130044672"}},{"type":"Feature","geometry":{"type":"Point","coordinates":[3.75219,43.43626]},"properties":{"barrier":"fence","operator":"RTE","power":"substation","ref:FR:RTE":"FRONT","ref:FR:RTE_nom":"FRONTIGNAN","source":"data.gouv.fr:RTE - 04/2017","substation":"distribution","voltage":"63000","osm":"way/130057451"}},{"type":"Feature","geometry":{"type":"Point","coordinates":[2.98171,43.19688]},"properties":{"location":"outdoor","name":"Poste électrique de Livière","operator":"RTE","operator:wikidata":"Q2178795","power":"substation","ref:FR:RTE":"LIVIE","ref:FR:RTE_nom":"LIVIERE","source":"Bing","substation":"transmission","voltage":"225000;63000","osm":"way/130459448"}},{"type":"Feature","geometry":{"type":"Point","coordinates":[2.91423,43.28578]},"properties":{"barrier":"fence","operator":"RTE","operator:wikidata":"Q2178795","operator:wikipedia":"fr:RTE (entreprise)","power":"substation","ref:FR:RTE":"CESSE","ref:FR:RTE_nom":"CESSE","source":"Bing","voltage":"63000","osm":"way/130483966"}},{"type":"Feature","geometry":{"type":"Point","coordinates":[9.13327,42.38034]},"properties":{"barrier":"fence","frequency":"50","location":"outdoor","name":"Poste électrique de Castirla","operator":"Électricité de France","operator:wikidata":"Q274591","power":"substation","substation":"generation","voltage":"90000","osm":"way/130510243"}},{"type":"Feature","geometry":{"type":"Point","coordinates":[3.25131,43.44307]},"properties":{"barrier":"fence","operator":"RTE","operator:wikidata":"Q2178795","operator:wikipedia":"fr:RTE (entreprise)","power":"substation","ref:FR:RTE":"ESPO5","ref:FR:RTE_nom":"ESPONDEILHAN","substation":"distribution","voltage":"63000","osm":"way/130540313"}},{"type":"Feature","geometry":{"type":"Point","coordinates":[3.23121,43.33038]},"properties":{"barrier":"fence","operator":"RTE","operator:wikidata":"Q2178795","power":"substation","ref:FR:RTE":"BEZIE","ref:FR:RTE_nom":"BEZIERS (S.N.C.F.)","source":"Bing","substation":"traction","voltage":"63000","osm":"way/130542125"}},{"type":"Feature","geometry":{"type":"Point","coordinates":[3.12816,43.29426]},"properties":{"barrier":"fence","operator":"RTE","operator:wikidata":"Q2178795","power":"substation","ref:FR:RTE":"ENSER","ref:FR:RTE_nom":"ENSERUNE","source":"Bing","substation":"distribution","voltage":"63000","osm":"way/130546978"}},{"type":"Feature","geometry":{"type":"Point","coordinates":[3.42743,43.3169]},"properties":{"name":"Vias","operator":"RTE","operator:wikidata":"Q2178795","operator:wikipedia":"fr:RTE (entreprise)","power":"substation","ref:FR:RTE":"VIAS","ref:FR:RTE_nom":"VIAS","source":"Bing","substation":"distribution","voltage":"63000","osm":"way/130549765"}},{"type":"Feature","geometry":{"type":"Point","coordinates":[3.48156,43.38641]},"properties":{"barrier":"fence","location":"outdoor","name":"Poste électrique de Florensac","operator":"RTE","operator:wikidata":"Q2178795","power":"substation","ref:FR:RTE":"FLORE","ref:FR:RTE_nom":"FLORENSAC","source":"Bing","substation":"transmission","voltage":"225000;63000","osm":"way/130595758"}},{"type":"Feature","geometry":{"type":"Point","coordinates":[3.50647,43.3085]},"properties":{"barrier":"fence","operator":"RTE","operator:wikidata":"Q2178795","power":"substation","ref:FR:RTE":"BALDI","ref:FR:RTE_nom":"BALDI","source":"Bing","substation":"distribution","voltage":"63000","osm":"way/130595761"}},{"type":"Feature","geometry":{"type":"Point","coordinates":[3.5685,43.33581]},"properties":{"barrier":"fence","operator":"SNCF Réseau","operator:wikidata":"Q21605526","power":"substation","ref:FR:RTE":"CSLL5","ref:FR:RTE_nom":"CASTELLAS","source":"Bing","substation":"traction","voltage":"63000","osm":"way/130597588"}},{"type":"Feature","geometry":{"type":"Point","coordinates":[3.60674,43.46532]},"properties":{"barrier":"fence","operator":"RTE","operator:wikidata":"Q2178795","power":"substation","ref:FR:RTE":"LOUPI","ref:FR:RTE_nom":"LOUPIAN","source":"Bing","substation":"distribution","voltage":"63000","osm":"way/130641938"}},{"type":"Feature","geometry":{"type":"Point","coordinates":[3.41068,43.44851]},"properties":{"barrier":"fence","operator":"RTE","operator:wikidata":"Q2178795","power":"substation","ref:FR:RTE":"PEZEN","ref:FR:RTE_nom":"PEZENAS","source":"Bing","substation":"distribution","voltage":"63000","osm":"way/130641942"}},{"type":"Feature","geometry":{"type":"Point","coordinates":[4.82737,43.98921]},"properties":{"barrier":"wall","location":"outdoor","name":"La Motte","operator":"RTE","operator:wikidata":"Q2178795","power":"substation","ref:FR:RTE":"MOTT5","ref:FR:RTE_nom":"MOTTE (LA)","source":"data.gouv.fr:RTE - 04/2017","substation":"transmission","voltage":"225000;63000","osm":"way/130792479"}},{"type":"Feature","geometry":{"type":"Point","coordinates":[3.49394,43.51195]},"properties":{"barrier":"fence","operator":"RTE","operator:wikidata":"Q2178795","power":"substation","ref:FR:RTE":"LAVAG","ref:FR:RTE_nom":"LAVAGNAC","source":"data.gouv.fr:RTE - 04/2017","substation":"distribution","voltage":"63000","osm":"way/131359436"}},{"type":"Feature","geometry":{"type":"Point","coordinates":[3.43615,43.62121]},"properties":{"barrier":"fence","frequency":"50","name":"Poste électrique de Clermont-l'Hérault","operator":"Enedis","operator:wikidata":"Q3587594","power":"substation","ref:FR:RTE":"C.HER","ref:FR:RTE_nom":"CLERMONT-L HERAULT","source":"data.gouv.fr:RTE - 04/2017","substation":"distribution","voltage":"63000;20000","osm":"way/132046486"}},{"type":"Feature","geometry":{"type":"Point","coordinates":[3.16936,43.61333]},"properties":{"barrier":"fence","operator":"RTE","operator:wikidata":"Q2178795","operator:wikipedia":"fr:RTE (entreprise)","power":"substation","ref:FR:RTE":"BEDAR","ref:FR:RTE_nom":"BEDARIEUX","source":"Bing","substation":"distribution","voltage":"63000","osm":"way/132046909"}},{"type":"Feature","geometry":{"type":"Point","coordinates":[8.7038,42.12343]},"properties":{"barrier":"fence","frequency":"50","location":"outdoor","name":"Poste électrique de Sagone","name:en":"Sagone Substation","name:fr":"Poste électrique de Sagone","operator":"Électricité de France","operator:source":"opendata-corse.edf.fr: Postes sources 2021/10","operator:wikidata":"Q274591","power":"substation","ref:FR:EDF_SEI_nom":"SAGONE","substation":"distribution","voltage":"90000;20000","osm":"way/132506708"}},{"type":"Feature","geometry":{"type":"Point","coordinates":[5.25362,43.64818]},"properties":{"barrier":"wall","location":"outdoor","name":"Poste électrique de Lambesc","operator":"Enedis","operator:wikidata":"Q3587594","power":"substation","ref:FR:RTE":"LAMB5","ref:FR:RTE_nom":"LAMBESC","source":"data.gouv.fr:RTE - 04/2017","substation":"distribution","voltage":"63000;20000","osm":"way/134214219"}},{"type":"Feature","geometry":{"type":"Point","coordinates":[4.85499,43.94821]},"properties":{"barrier":"wall","location":"outdoor","name":"Avignon","operator":"RTE","operator:wikidata":"Q2178795","power":"substation","ref:FR:RTE":"AVIGN","ref:FR:RTE_nom":"AVIGNON","source":"data.gouv.fr:RTE - 04/2017","substation":"transmission","voltage":"225000;63000;20000","osm":"way/135183628"}},{"type":"Feature","geometry":{"type":"Point","coordinates":[4.86543,43.98483]},"properties":{"barrier":"fence","operator":"Enedis","power":"substation","ref:FR:RTE":"COLO6","ref:FR:RTE_nom":"COLOMB","source":"data.gouv.fr:RTE - 04/2017","substation":"distribution","voltage":"63000","osm":"way/135183629"}},{"type":"Feature","geometry":{"type":"Point","coordinates":[4.84204,44.13179]},"properties":{"operator":"RTE","operator:wikidata":"Q2178795","operator:wikipedia":"fr:RTE (entreprise)","power":"substation","ref:FR:RTE":"ORAN6","ref:FR:RTE_nom":"ORANGE","source":"data.gouv.fr:RTE - 04/2017","voltage":"63000","osm":"way/135203105"}},{"type":"Feature","geometry":{"type":"Point","coordinates":[4.84098,44.13299]},"properties":{"barrier":"fence","frequency":"50","name":"Sous-station SNCF de Crémade","operator":"SNCF Réseau","operator:wikidata":"Q21605526","power":"substation","railway:position":"715.020","ref:FR:RTE":"CREMA","ref:FR:RTE_nom":"CREMADES","ref:FR:SNCF_Reseau:GAIA":"143fb8fe-6668-11e3-8cff-01f464e0362d","source":"data.gouv.fr:RTE - 04/2017","substation":"traction","survey:date":"2024-08-28","voltage":"63000","osm":"way/135203107"}},{"type":"Feature","geometry":{"type":"Point","coordinates":[4.69296,43.82448]},"properties":{"operator":"RTE","operator:wikidata":"Q2178795","power":"substation","ref:FR:RTE":"OLIVE","ref:FR:RTE_nom":"OLIVETTES (LES)","source":"data.gouv.fr:RTE - 2023-01","substation":"yes","voltage":"63000","osm":"way/135257646"}},{"type":"Feature","geometry":{"type":"Point","coordinates":[4.85686,43.86425]},"properties":{"barrier":"fence","location":"outdoor","name":"Poste électrique de Chateaurenard","operator":"RTE","power":"substation","ref:FR:RTE":"CTAUR","ref:FR:RTE_nom":"CHATEAURENARD","substation":"transmission","voltage":"225000;63000","osm":"way/135282004"}},{"type":"Feature","geometry":{"type":"Point","coordinates":[4.79173,43.93693]},"properties":{"operator":"RTE","operator:wikidata":"Q2178795","operator:wikipedia":"fr:RTE (entreprise)","power":"substation","ref:FR:RTE":"CPFLE","ref:FR:RTE_nom":"CHAMPFLEURY","source":"data.gouv.fr:RTE - 04/2017","voltage":"63000","osm":"way/135282019"}},{"type":"Feature","geometry":{"type":"Point","coordinates":[4.89322,44.05964]},"properties":{"barrier":"fence","location":"outdoor","operator":"SNCF Réseau","operator:wikidata":"Q21605526","power":"substation","railway:position":"725.105","ref:FR:RTE":"BEDA5","ref:FR:RTE_nom":"BEDARRIDES","ref:FR:SNCF_Reseau:GAIA":"144289e8-6668-11e3-8cff-01f464e0362d","source":"data.gouv.fr:RTE - 04/2017","substation":"traction","voltage":"63000","osm":"way/135297576"}},{"type":"Feature","geometry":{"type":"Point","coordinates":[4.88496,44.01281]},"properties":{"barrier":"fence","fence_type":"wire","operator":"RTE","power":"substation","ref:FR:RTE":"SORGU","ref:FR:RTE_nom":"SORGUES","source":"data.gouv.fr:RTE - 04/2017","substation":"transmission","voltage":"63000;20000","osm":"way/135297583"}},{"type":"Feature","geometry":{"type":"Point","coordinates":[4.89806,43.95968]},"properties":{"barrier":"wall","location":"outdoor","operator":"Enedis","operator:wikidata":"Q3587594","power":"substation","ref:FR:RTE":"VEDEN","ref:FR:RTE_nom":"VEDENE","source":"data.gouv.fr:RTE - 04/2017","substation":"distribution","voltage":"63000;20000","osm":"way/135297584"}},{"type":"Feature","geometry":{"type":"Point","coordinates":[4.86343,44.47599]},"properties":{"barrier":"fence","name":"Poste électrique de Montjoyer","operator":"RTE","power":"substation","ref:FR:RTE":"MTJOY","ref:FR:RTE_nom":"MONTJOYER","source":"data.gouv.fr:RTE - 04/2017","substation":"distribution","voltage":"63000;20000","osm":"way/135420259"}},{"type":"Feature","geometry":{"type":"Point","coordinates":[4.71378,44.15219]},"properties":{"frequency":"50","name":"Poste électrique de Phénix","operator":"RTE","operator:wikidata":"Q2178795","power":"substation","ref:FR:RTE":"PHENI","ref:FR:RTE_nom":"PHENIX","source":"data.gouv.fr:RTE - 04/2017","substation":"industrial","voltage":"225000","osm":"way/135430776"}},{"type":"Feature","geometry":{"type":"Point","coordinates":[9.45032,42.52849]},"properties":{"barrier":"fence","frequency":"0","location":"outdoor","name":"Lucciana SACOI Static Inverter Plant","name:en":"Lucciana SACOI Static Inverter Plant","power":"substation","substation":"converter","voltage":"200000;90000","osm":"way/136594238"}},{"type":"Feature","geometry":{"type":"Point","coordinates":[9.42439,42.66362]},"properties":{"barrier":"fence","frequency":"50","location":"outdoor","name":"Poste électrique de Furiani","name:en":"Furiani Substation","name:fr":"Poste électrique de Furiani","operator":"Électricité de France","operator:source":"opendata-corse.edf.fr: Postes sources 2021/10","operator:wikidata":"Q274591","power":"substation","ref:FR:EDF_SEI_nom":"BASTIA-FURIANI","substation":"distribution","voltage":"90000;20000","osm":"way/136685673"}},{"type":"Feature","geometry":{"type":"Point","coordinates":[9.18697,41.42471]},"properties":{"barrier":"fence","frequency":"50","location":"outdoor","name":"Poste électrique de Bonifacio","name:en":"Bonifacio Substation","name:fr":"Poste électrique de Bonifacio","operator":"Électricité de France","operator:source":"opendata-corse.edf.fr: Postes sources 2021/10","operator:wikidata":"Q274591","power":"substation","ref:FR:EDF_SEI_nom":"BONIFACIO","substation":"transmission","voltage":"200000;150000;90000;20000","osm":"way/136737513"}},{"type":"Feature","geometry":{"type":"Point","coordinates":[9.33644,41.69979]},"properties":{"barrier":"fence","frequency":"50","location":"outdoor","name":"Poste électrique de Sainte-Lucie de Porto-Vecchio","name:fr":"Poste électrique de Sainte-Lucie de Porto-Vecchio","operator":"Électricité de France","operator:source":"opendata-corse.edf.fr: Postes sources 2021/10","operator:wikidata":"Q274591","power":"substation","ref:FR:EDF_SEI_nom":"STE LUCIE DE PO-VO","substation":"distribution","voltage":"90000;20000","osm":"way/137849925"}},{"type":"Feature","geometry":{"type":"Point","coordinates":[9.26691,41.59017]},"properties":{"barrier":"fence","frequency":"50","location":"outdoor","name":"Poste électrique de Porto-Vecchio","name:en":"Porto-Vecchio Substation","name:fr":"Poste électrique de Porto-Vecchio","operator":"Électricité de France","operator:source":"opendata-corse.edf.fr: Postes sources 2021/10","operator:wikidata":"Q274591","power":"substation","ref:FR:EDF_SEI_nom":"PORTO VECCHIO","substation":"distribution","voltage":"90000;20000","osm":"way/138273974"}},{"type":"Feature","geometry":{"type":"Point","coordinates":[9.5024,42.44059]},"properties":{"barrier":"fence","frequency":"50","location":"outdoor","name":"Poste électrique de Taglio-Isolaccio","operator":"Électricité de France","operator:source":"opendata-corse.edf.fr: Postes sources 2021/10","operator:wikidata":"Q274591","power":"substation","ref:FR:EDF_SEI_nom":"TAGLIO ISOLACCIO","substation":"distribution","voltage":"90000;20000","osm":"way/138336256"}},{"type":"Feature","geometry":{"type":"Point","coordinates":[9.54008,42.31455]},"properties":{"barrier":"fence","frequency":"50","location":"outdoor","name":"Poste électrique de Cervione","operator":"Électricité de France","operator:source":"opendata-corse.edf.fr: Postes sources 2021/10","operator:wikidata":"Q274591","power":"substation","ref:FR:EDF_SEI_nom":"CERVIONE","substation":"distribution","voltage":"90000;20000","osm":"way/138336496"}},{"type":"Feature","geometry":{"type":"Point","coordinates":[9.37052,42.06515]},"properties":{"barrier":"fence","frequency":"50","location":"outdoor","name":"Poste électrique de Ghisonaccia","name:en":"Ghisonaccia Substation","name:fr":"Poste électrique de Ghisonaccia","operator":"Électricité de France","operator:source":"opendata-corse.edf.fr: Postes sources 2021/10","operator:wikidata":"Q274591","power":"substation","ref:FR:EDF_SEI_nom":"GHISONACCIA","substation":"distribution","voltage":"90000;20000","osm":"way/138481295"}},{"type":"Feature","geometry":{"type":"Point","coordinates":[9.1659,42.3012]},"properties":{"barrier":"wall","frequency":"50","location":"outdoor","name":"Poste électrique de Corte","operator":"Électricité de France","operator:short":"EDF","operator:source":"opendata-corse.edf.fr: Postes sources 2021/10","operator:wikidata":"Q274591","power":"substation","ref:FR:EDF_SEI_nom":"CORTE","substation":"distribution","voltage":"90000;20000","osm":"way/138775930"}},{"type":"Feature","geometry":{"type":"Point","coordinates":[8.74679,42.56067]},"properties":{"barrier":"fence","frequency":"50","location":"outdoor","name":"Poste électrique de Calvi","name:en":"Calvi Substation","name:fr":"Poste électrique de Calvi","operator":"Électricité de France","operator:source":"opendata-corse.edf.fr: Postes sources 2021/10","operator:wikidata":"Q274591","power":"substation","ref:FR:EDF_SEI_nom":"CALVI","substation":"distribution","voltage":"90000;20000","osm":"way/139189728"}},{"type":"Feature","geometry":{"type":"Point","coordinates":[8.93722,42.62629]},"properties":{"barrier":"fence","frequency":"50","location":"outdoor","name":"Poste électrique de L'Île-Rousse","name:en":"L'Île-Rousse Substation","name:fr":"Poste électrique de L'Île-Rousse","operator":"Électricité de France","operator:source":"opendata-corse.edf.fr: Postes sources 2021/10","operator:wikidata":"Q274591","power":"substation","ref:FR:EDF_SEI_nom":"ILE ROUSSE","substation":"distribution","voltage":"90000;20000","osm":"way/139189729"}},{"type":"Feature","geometry":{"type":"Point","coordinates":[8.93458,41.9464]},"properties":{"barrier":"fence","frequency":"50","location":"outdoor","name":"Poste électrique d'Ocana","name:en":"Ocana Substation","name:fr":"Poste d'Ocana","operator":"Électricité de France","operator:source":"opendata-corse.edf.fr: Postes sources 2021/10","operator:wikidata":"Q274591","power":"substation","ref:FR:EDF_SEI_nom":"OCANA","substation":"transmission","voltage":"90000;20000","osm":"way/139249062"}},{"type":"Feature","geometry":{"type":"Point","coordinates":[4.89969,43.45335]},"properties":{"operator":"RTE","operator:wikidata":"Q2178795","power":"substation","ref:FR:RTE":"RICHI","ref:FR:RTE_nom":"RICHIER","source":"data.gouv.fr:RTE - 04/2017","substation":"industrial","voltage":"225000","osm":"way/139251095"}},{"type":"Feature","geometry":{"type":"Point","coordinates":[9.04459,42.34242]},"properties":{"barrier":"fence","frequency":"50","location":"outdoor","name":"Poste électrique de Corscia","operator":"Électricité de France","operator:source":"opendata-corse.edf.fr: Postes sources 2021/10","operator:wikidata":"Q274591","power":"substation","ref:FR:EDF_SEI_nom":"CORSCIA","substation":"distribution","voltage":"90000;20000","osm":"way/139271820"}},{"type":"Feature","geometry":{"type":"Point","coordinates":[8.9173,41.66204]},"properties":{"barrier":"fence","frequency":"50","location":"outdoor","name":"Poste électrique de Propriano","name:en":"Propriano Substation","name:fr":"Poste électrique de Propriano","operator":"Électricité de France","operator:source":"opendata-corse.edf.fr: Postes sources 2021/10","operator:wikidata":"Q274591","power":"substation","ref:FR:EDF_SEI_nom":"PROPRIANO","substation":"distribution","voltage":"90000;20000","osm":"way/139321722"}},{"type":"Feature","geometry":{"type":"Point","coordinates":[8.97311,41.8812]},"properties":{"barrier":"fence","frequency":"50","location":"outdoor","name":"Poste électrique de Santa-Maria-Sicche","operator":"Électricité de France","operator:source":"opendata-corse.edf.fr: Postes sources 2021/10","operator:wikidata":"Q274591","power":"substation","ref:FR:EDF_SEI_nom":"STA MARIA SICCHE","substation":"distribution","voltage":"90000;20000","osm":"way/139321724"}},{"type":"Feature","geometry":{"type":"Point","coordinates":[7.00791,43.58426]},"properties":{"barrier":"wall","location":"outdoor","name":"Poste électrique de Mougins","operator":"RTE","operator:wikidata":"Q2178795","operator:wikipedia":"fr:RTE (entreprise)","power":"substation","ref:FR:RTE":"MOUGI","ref:FR:RTE_nom":"MOUGINS","source":"data.gouv.fr:RTE - 04/2017","substation":"transmission","voltage":"225000;63000","osm":"way/139593701"}},{"type":"Feature","geometry":{"type":"Point","coordinates":[4.08873,43.68051]},"properties":{"barrier":"fence","name":"Poste électrique de Lunel-Viel","operator":"RTE","operator:wikidata":"Q2178795","power":"substation","ref:FR:RTE":"L.VIE","ref:FR:RTE_nom":"LUNEL-VIEL","source":"data.gouv.fr:RTE - 04/2017","substation":"distribution","voltage":"63000","osm":"way/142676085"}},{"type":"Feature","geometry":{"type":"Point","coordinates":[5.93665,43.12696]},"properties":{"building":"service","operator":"RTE","operator:wikidata":"Q2178795","power":"substation","ref:FR:RTE":"LICES","ref:FR:RTE_nom":"LICES (LES)","source":"cadastre-dgi-fr source : Direction Générale des Impôts - Cadastre. Mise à jour : 2012","substation":"transmission","voltage":"63000","osm":"way/145381751"}},{"type":"Feature","geometry":{"type":"Point","coordinates":[5.92141,44.21264]},"properties":{"barrier":"fence","location":"outdoor","name":"Poste électrique de Sisteron","operator":"RTE","operator:wikidata":"Q2178795","operator:wikipedia":"fr:RTE (entreprise)","power":"substation","ref:FR:RTE":"SISTE","ref:FR:RTE_nom":"SISTERON","source":"data.gouv.fr:RTE - 04/2017","substation":"transmission","voltage":"225000;63000;20000","osm":"way/146534506"}},{"type":"Feature","geometry":{"type":"Point","coordinates":[7.18817,43.71878]},"properties":{"barrier":"fence","location":"outdoor","name":"Poste électrique de Lingostière","operator":"RTE","operator:wikidata":"Q2178795","power":"substation","ref:FR:RTE":"LINGO","ref:FR:RTE_nom":"LINGOSTIERE","source":"data.gouv.fr:RTE - 04/2017","substation":"transmission","voltage":"225000;150000;63000","osm":"way/146590045"}},{"type":"Feature","geometry":{"type":"Point","coordinates":[6.00298,44.07435]},"properties":{"barrier":"wall","location":"outdoor","name":"Poste électrique de Saint-Auban","operator":"RTE","operator:wikidata":"Q2178795","operator:wikipedia":"fr:RTE (entreprise)","power":"substation","ref:FR:RTE":"SSAUB","ref:FR:RTE_nom":"ST-AUBAN","source":"data.gouv.fr:RTE - 04/2017","substation":"transmission","voltage":"225000;63000","osm":"way/146590048"}},{"type":"Feature","geometry":{"type":"Point","coordinates":[5.76646,43.70169]},"properties":{"frequency":"50","name":"Poste électrique de Tore Supra","operator":"RTE","operator:wikidata":"Q2178795","power":"substation","ref:FR:RTE":"T.SUP","ref:FR:RTE_nom":"TORE SUPRA","source":"data.gouv.fr:RTE - 04/2017","substation":"industrial","voltage":"400000","osm":"way/147056883"}},{"type":"Feature","geometry":{"type":"Point","coordinates":[5.61581,43.47091]},"properties":{"name":"Poste électrique de Favary","operator":"RTE","operator:wikidata":"Q2178795","power":"substation","ref:FR:RTE":"ROUS5","ref:FR:RTE_nom":"ROUSSET","source":"data.gouv.fr:RTE - 04/2017","voltage":"63000","osm":"way/147174229"}},{"type":"Feature","geometry":{"type":"Point","coordinates":[5.02245,43.35869]},"properties":{"barrier":"fence","operator":"EDF","power":"substation","ref:FR:RTE":"M.PON","ref:FR:RTE_nom":"MARTIGUES-PONTEAU","source":"data.gouv.fr:RTE - 04/2017","substation":"industrial","voltage":"250000;225000","osm":"way/147174238"}},{"type":"Feature","geometry":{"type":"Point","coordinates":[4.99192,43.41537]},"properties":{"barrier":"wall","name":"Poste électrique de Port-de-Bouc","operator":"RTE","operator:wikidata":"Q2178795","power":"substation","ref:FR:RTE":"P.BOU","ref:FR:RTE_nom":"PORT-DE-BOUC","source":"data.gouv.fr:RTE - 04/2017","substation":"transmission","voltage":"225000;63000;20000","osm":"way/147174239"}},{"type":"Feature","geometry":{"type":"Point","coordinates":[5.07125,43.52763]},"properties":{"barrier":"fence","location":"outdoor","name":"Poste électrique de Saint-Chamas","operator":"RTE","power":"substation","ref:FR:RTE":"SSCHA","ref:FR:RTE_nom":"ST-CHAMAS","source":"data.gouv.fr:RTE - 04/2017","voltage":"225000","osm":"way/147174246"}},{"type":"Feature","geometry":{"type":"Point","coordinates":[6.15758,43.78901]},"properties":{"barrier":"fence","name":"Poste électrique de Roumoules","operator":"RTE","operator:wikidata":"Q2178795","power":"substation","ref:FR:RTE":"ROUMO","ref:FR:RTE_nom":"ROUMOULES","source":"data.gouv.fr:RTE - 04/2017","substation":"transmission","voltage":"225000;150000","osm":"way/147174253"}},{"type":"Feature","geometry":{"type":"Point","coordinates":[5.20511,43.71567]},"properties":{"barrier":"fence","layer":"2","note":"Poste centrale en exploitation producteur et non RTE","operator":"Électricité de France","operator:wikidata":"Q274591","power":"substation","ref:FR:RTE":"MALLE","ref:FR:RTE_nom":"MALLEMORT","source":"data.gouv.fr:RTE - 04/2017","substation":"generation","voltage":"225000","osm":"way/147174254"}},{"type":"Feature","geometry":{"type":"Point","coordinates":[4.34337,44.31478]},"properties":{"barrier":"fence","location":"outdoor","name":"Poste électrique de Barjac","operator":"RTE","operator:wikidata":"Q2178795","power":"substation","ref:FR:RTE":"BARJA","ref:FR:RTE_nom":"BARJAC","substation":"transmission","voltage":"225000;20000","osm":"way/147394005"}},{"type":"Feature","geometry":{"type":"Point","coordinates":[3.98597,44.47896]},"properties":{"barrier":"fence","location":"outdoor","name":"Poste électrique de Pied-de-Borne","operator":"RTE","power":"substation","ref:FR:RTE":"P.BOR","ref:FR:RTE_nom":"PIED-DE-BORNE","substation":"transmission","voltage":"225000","osm":"way/147394012"}},{"type":"Feature","geometry":{"type":"Point","coordinates":[5.02286,43.92152]},"properties":{"addr:city":"Le Thor","addr:housename":"Poste Electrique des Mouissonnes","addr:postcode":"84250","addr:street":"Chemin des Mouissonnes","barrier":"fence","ele":"60","location":"outdoor","name":"Poste électrique de Mouissonnes","operator":"Enedis","operator:wikidata":"Q3587594","power":"substation","ref:FR:RTE":"MOUIS","ref:FR:RTE_nom":"MOUISSONNES","source":"data.gouv.fr:RTE - 04/2017","substation":"distribution","voltage":"225000;20000","osm":"way/148059534"}},{"type":"Feature","geometry":{"type":"Point","coordinates":[6.11255,43.43588]},"properties":{"barrier":"fence","location":"outdoor","name":"Poste électrique de Vins","operator":"RTE","operator:wikidata":"Q2178795","power":"substation","ref:FR:RTE":"VINS","ref:FR:RTE_nom":"VINS","source":"data.gouv.fr:RTE - 04/2017","substation":"transmission","voltage":"225000;63000","osm":"way/148059536"}},{"type":"Feature","geometry":{"type":"Point","coordinates":[4.73526,44.3034]},"properties":{"barrier":"fence","frequency":"50","location":"outdoor","name":"Poste électrique de Bollène","operator":"RTE","operator:wikidata":"Q2178795","power":"substation","ref:FR:RTE":"BOLL5","ref:FR:RTE_nom":"BOLLENE","ref:RTE:codnat":"BOLL5","source":"data.gouv.fr:RTE - 04/2017","substation":"transmission","voltage":"225000","osm":"way/148059537"}},{"type":"Feature","geometry":{"type":"Point","coordinates":[6.05983,44.44735]},"properties":{"barrier":"fence","operator":"EDF","power":"substation","ref:FR:RTE":"CURBA","ref:FR:RTE_nom":"CURBANS","source":"data.gouv.fr:RTE - 04/2017","substation":"generation","voltage":"225000","osm":"way/148564021"}},{"type":"Feature","geometry":{"type":"Point","coordinates":[6.62812,44.37955]},"properties":{"barrier":"wall","operator":"RTE","operator:wikidata":"Q2178795","power":"substation","ref:FR:RTE":"BARCE","ref:FR:RTE_nom":"BARCELONNETTE","source":"data.gouv.fr:RTE - 04/2017","substation":"transmission","voltage":"63000","osm":"way/148567833"}},{"type":"Feature","geometry":{"type":"Point","coordinates":[6.32495,44.37592]},"properties":{"barrier":"fence","operator":"Enedis","operator:wikidata":"Q3587594","power":"substation","ref:FR:RTE":"SELO5","ref:FR:RTE_nom":"SELONNET (LE)","source":"data.gouv.fr:RTE - 04/2017","substation":"distribution","voltage":"63000","osm":"way/148567835"}},{"type":"Feature","geometry":{"type":"Point","coordinates":[5.91695,44.34088]},"properties":{"operator":"RTE","operator:wikidata":"Q2178795","operator:wikipedia":"fr:RTE (entreprise)","power":"substation","ref:FR:RTE":"VENTA","ref:FR:RTE_nom":"VENTAVON","source":"data.gouv.fr:RTE - 04/2017","voltage":"63000","osm":"way/149101627"}},{"type":"Feature","geometry":{"type":"Point","coordinates":[5.7613,44.34476]},"properties":{"barrier":"fence","operator":"RTE","operator:wikidata":"Q2178795","power":"substation","ref:FR:RTE":"TRESC","ref:FR:RTE_nom":"TRESCLEOUX","source":"data.gouv.fr:RTE - 04/2017","substation":"transmission","voltage":"63000","osm":"way/149116505"}},{"type":"Feature","geometry":{"type":"Point","coordinates":[5.86404,43.87735]},"properties":{"barrier":"fence","location":"outdoor","name":"Centrale hydroélectrique de La Brillanne","operator":"RTE","operator:wikidata":"Q2178795","power":"substation","ref:FR:RTE":"BRILL","ref:FR:RTE_nom":"BRILLANNE (LA)","source":"data.gouv.fr:RTE - 04/2017","substation":"transmission","voltage":"63000","osm":"way/149141878"}},{"type":"Feature","geometry":{"type":"Point","coordinates":[5.85833,43.85459]},"properties":{"operator":"RTE","operator:wikidata":"Q2178795","operator:wikipedia":"fr:RTE (entreprise)","power":"substation","ref:FR:RTE":"LARGU","ref:FR:RTE_nom":"LARGUE (LE)","source":"data.gouv.fr:RTE - 04/2017","voltage":"63000","osm":"way/149141880"}},{"type":"Feature","geometry":{"type":"Point","coordinates":[5.74194,44.00229]},"properties":{"barrier":"fence","operator":"Enedis","operator:wikidata":"Q3587594","power":"substation","ref:FR:RTE":"LIMAN","ref:FR:RTE_nom":"LIMANS","source":"data.gouv.fr:RTE - 04/2017","substation":"distribution","voltage":"63000","osm":"way/149141882"}},{"type":"Feature","geometry":{"type":"Point","coordinates":[5.86771,44.34553]},"properties":{"barrier":"fence","operator":"EDF","power":"substation","ref:FR:RTE":"LAZER","ref:FR:RTE_nom":"LAZER","source":"data.gouv.fr:RTE - 04/2017","substation":"generation","voltage":"63000","osm":"way/149523672"}},{"type":"Feature","geometry":{"type":"Point","coordinates":[5.75657,43.86696]},"properties":{"barrier":"fence","operator":"RTE","power":"substation","ref:FR:RTE":"PASSA","ref:FR:RTE_nom":"PASSAIRE","source":"data.gouv.fr:RTE - 04/2017","substation":"industrial","voltage":"63000","osm":"way/150301329"}},{"type":"Feature","geometry":{"type":"Point","coordinates":[5.97277,43.15787]},"properties":{"barrier":"wall","location":"outdoor","name":"Poste électrique de Coudon","operator":"RTE","operator:wikidata":"Q2178795","power":"substation","ref:FR:RTE":"COUDO","ref:FR:RTE_nom":"COUDON (LE)","source":"data.gouv.fr:RTE - 04/2017","substation":"transmission","voltage":"225000;63000","osm":"way/150329778"}},{"type":"Feature","geometry":{"type":"Point","coordinates":[5.96375,43.13129]},"properties":{"operator":"RTE","operator:wikidata":"Q2178795","power":"substation","ref:FR:RTE":"BRUNE","ref:FR:RTE_nom":"BRUNET","source":"data.gouv.fr:RTE - 04/2017","substation":"transmission","voltage":"63000","osm":"way/150337435"}},{"type":"Feature","geometry":{"type":"Point","coordinates":[5.97854,43.38455]},"properties":{"barrier":"wall","operator":"RTE","operator:wikidata":"Q2178795","power":"substation","ref:FR:RTE":"ESCAR","ref:FR:RTE_nom":"ESCARELLE (L )","source":"data.gouv.fr:RTE - 04/2017","voltage":"63000","osm":"way/150349514"}},{"type":"Feature","geometry":{"type":"Point","coordinates":[5.6174,43.36386]},"properties":{"operator":"RTE","power":"substation","ref:FR:RTE":"AURI5","ref:FR:RTE_nom":"AURIOL","source":"data.gouv.fr:RTE - 04/2017","voltage":"63000","osm":"way/150357405"}},{"type":"Feature","geometry":{"type":"Point","coordinates":[5.60241,43.47814]},"properties":{"barrier":"fence","location":"outdoor","operator":"Enedis","operator:wikidata":"Q3587594","power":"substation","ref:FR:RTE":"FAVAR","ref:FR:RTE_nom":"FAVARY","source":"data.gouv.fr:RTE - 04/2017","substation":"distribution","voltage":"225000","osm":"way/150366395"}},{"type":"Feature","geometry":{"type":"Point","coordinates":[5.35566,43.54415]},"properties":{"operator":"RTE","operator:wikidata":"Q2178795","power":"substation","ref:FR:RTE":"EGUIL","ref:FR:RTE_nom":"EGUILLES","source":"data.gouv.fr:RTE - 04/2017","voltage":"63000","osm":"way/150455469"}},{"type":"Feature","geometry":{"type":"Point","coordinates":[5.25317,43.41222]},"properties":{"frequency":"50","location":"outdoor","name":"Poste électrique de Pas-des-Lanciers","operator":"RTE","operator:wikidata":"Q2178795","power":"substation","ref:FR:RTE":"P.LAN","ref:FR:RTE_nom":"PAS-DES-LANCIERS","source":"data.gouv.fr:RTE - 2023-01","substation":"distribution","voltage":"63000;20000","osm":"way/150491608"}},{"type":"Feature","geometry":{"type":"Point","coordinates":[5.11206,43.63932]},"properties":{"location":"outdoor","name":"Poste électrique de Salon-Croix Blanche","operator":"RTE","operator:wikidata":"Q2178795","power":"substation","ref:FR:RTE":"S.BLA","ref:FR:RTE_nom":"SALON-CROIX-BLANCHE","source":"data.gouv.fr:RTE - 04/2017","substation":"transmission","voltage":"63000;20000","osm":"way/150526281"}},{"type":"Feature","geometry":{"type":"Point","coordinates":[5.18643,43.72993]},"properties":{"barrier":"fence","location":"outdoor","operator":"RTE","power":"substation","ref:FR:RTE":"MALL6","ref:FR:RTE_nom":"MALLEMORT","source":"data.gouv.fr:RTE - 04/2017","substation":"distribution","voltage":"63000;20000","osm":"way/150610210"}},{"type":"Feature","geometry":{"type":"Point","coordinates":[5.03636,43.85053]},"properties":{"barrier":"wall","location":"outdoor","operator":"Enedis","power":"substation","ref:FR:RTE":"CAVAI","ref:FR:RTE_nom":"CAVAILLON","source":"data.gouv.fr:RTE - 04/2017","substation":"distribution","voltage":"63000;20000","osm":"way/150617473"}},{"type":"Feature","geometry":{"type":"Point","coordinates":[4.96828,43.9238]},"properties":{"barrier":"fence","location":"outdoor","operator":"SNCF Réseau","operator:wikidata":"Q21605526","power":"substation","ref:FR:RTE":"THOR","ref:FR:RTE_nom":"LE THOR","source":"data.gouv.fr:RTE - 04/2017","substation":"traction","voltage":"63000","osm":"way/150642536"}},{"type":"Feature","geometry":{"type":"Point","coordinates":[4.92185,43.89659]},"properties":{"barrier":"fence","location":"outdoor","operator":"RTE","operator:wikidata":"Q2178795","power":"substation","ref:FR:RTE":"CAUM5","ref:FR:RTE_nom":"CAUMONT","source":"data.gouv.fr:RTE - 04/2017","substation":"transmission","voltage":"63000","osm":"way/150642538"}},{"type":"Feature","geometry":{"type":"Point","coordinates":[4.70831,44.48401]},"properties":{"barrier":"fence","location":"outdoor","name":"Sous-station RFF de Chateauneuf","operator":"SNCF Réseau","operator:wikidata":"Q21605526","power":"substation","ref:FR:RTE":"CTAUN","ref:FR:RTE_nom":"CHATEAUNEUF","ref:FR:SNCF_Reseau:GAIA":"14433284-6668-11e3-8cff-01f464e0362d","source":"data.gouv.fr:RTE - 04/2017","substation":"traction","voltage":"63000;1500","osm":"way/150803956"}},{"type":"Feature","geometry":{"type":"Point","coordinates":[4.688,44.46527]},"properties":{"barrier":"fence","location":"outdoor","operator":"SNCF Réseau","operator:wikidata":"Q21605526","owner":"SNCF Réseau","power":"substation","ref:FR:RTE":"VIVI5","ref:FR:RTE_nom":"VIVIERS","ref:FR:SNCF_Reseau:GAIA":"14431e7c-6668-11e3-8cff-01f464e0362d","source":"data.gouv.fr:RTE - 04/2017","substation":"traction","voltage":"63000;1500","osm":"way/150803958"}},{"type":"Feature","geometry":{"type":"Point","coordinates":[3.19603,43.73664]},"properties":{"barrier":"fence","frequency":"50","location":"outdoor","name":"Sous-station SNCF de Joncels","operator":"SNCF Réseau","operator:wikidata":"Q21605526","power":"substation","ref:FR:RTE":"JONCE","ref:FR:RTE_nom":"JONCELS","ref:FR:SNCF_Reseau:GAIA":"14439d7e-6668-11e3-8cff-01f464e0362d","source":"data.gouv.fr:RTE - 04/2017","substation":"traction","voltage":"63000;1500","osm":"way/151719567"}},{"type":"Feature","geometry":{"type":"Point","coordinates":[4.64869,43.6621]},"properties":{"name":"Poste électrique d'Arles","operator":"RTE","operator:wikidata":"Q2178795","power":"substation","ref:FR:RTE":"ARLES","ref:FR:RTE_nom":"ARLES","source":"Bing","substation":"distribution","voltage":"63000","osm":"way/152579026"}},{"type":"Feature","geometry":{"type":"Point","coordinates":[6.2292,44.09227]},"properties":{"name":"DIGNE","operator":"Enedis","operator:wikidata":"Q3587594","power":"substation","ref:FR:RTE":"DIGNE","ref:FR:RTE_nom":"DIGNE","source":"data.gouv.fr:RTE - 04/2017","substation":"yes","voltage":"63000","osm":"way/152826262"}},{"type":"Feature","geometry":{"type":"Point","coordinates":[3.17842,43.68571]},"properties":{"barrier":"fence","frequency":"50","name":"Poste électrique de Ruffe","operator":"Enedis","operator:wikidata":"Q3587594","power":"substation","ref:FR:RTE":"RUFFE","ref:FR:RTE_nom":"RUFFE","source":"Bing","substation":"distribution","voltage":"63000","osm":"way/153272863"}},{"type":"Feature","geometry":{"type":"Point","coordinates":[3.17489,43.5589]},"properties":{"operator":"RTE","power":"substation","ref:FR:RTE":"FAUGE","ref:FR:RTE_nom":"FAUGERES","source":"Bing","substation":"traction","voltage":"63000","osm":"way/153470065"}},{"type":"Feature","geometry":{"type":"Point","coordinates":[3.04325,43.41957]},"properties":{"barrier":"fence","operator":"RTE","operator:wikidata":"Q2178795","power":"substation","ref:FR:RTE":"CAZED","ref:FR:RTE_nom":"CAZEDARNES","source":"Bing","substation":"distribution","voltage":"63000","osm":"way/153487862"}},{"type":"Feature","geometry":{"type":"Point","coordinates":[3.0905,43.43646]},"properties":{"barrier":"fence","operator":"RTE","operator:wikidata":"Q2178795","power":"substation","ref:FR:RTE":"REALS","ref:FR:RTE_nom":"REALS","substation":"distribution","voltage":"63000","osm":"way/153500285"}},{"type":"Feature","geometry":{"type":"Point","coordinates":[4.69263,43.8244]},"properties":{"building":"yes","operator":"RTE","operator:wikidata":"Q2178795","power":"substation","ref:FR:RTE":"OLIVE","ref:FR:RTE_nom":"OLIVETTES (LES)","source":"cadastre-dgi-fr source : Direction Générale des Impôts - Cadastre. Mise à jour : 2012","substation":"distribution","voltage":"63000","osm":"way/153624126"}},{"type":"Feature","geometry":{"type":"Point","coordinates":[6.8539,44.06724]},"properties":{"building":"yes","operator":"RTE","power":"substation","ref:FR:RTE":"GUILL","ref:FR:RTE_nom":"GUILLAUMES","source":"data.gouv.fr:RTE - 04/2017","voltage":"63000","osm":"way/158761328"}},{"type":"Feature","geometry":{"type":"Point","coordinates":[4.10955,44.4267]},"properties":{"operator":"RTE","power":"substation","ref:FR:RTE":"SALEL","ref:FR:RTE_nom":"SALELLES (LES)","source":"data.gouv.fr:RTE - 04/2017","substation":"transmission","voltage":"63000","osm":"way/166198675"}},{"type":"Feature","geometry":{"type":"Point","coordinates":[4.70866,44.36833]},"properties":{"barrier":"fence","frequency":"50","location":"outdoor","name":"Poste électrique de Plantades","operator":"RTE","operator:wikidata":"Q2178795","power":"substation","ref:FR:RTE":"PLANT","ref:FR:RTE_nom":"PLANTADES","ref:RTE:codnat":"PLANT","source":"data.gouv.fr:RTE - 04/2017","substation":"distribution","voltage":"63000;20000","osm":"way/166345234"}},{"type":"Feature","geometry":{"type":"Point","coordinates":[3.73875,43.78124]},"properties":{"barrier":"fence","name":"Poste électrique de Saint-Martin-de-Londres","operator":"RTE","operator:wikidata":"Q2178795","operator:wikipedia":"fr:RTE (entreprise)","power":"substation","ref:FR:RTE":"SSLON","ref:FR:RTE_nom":"ST-MARTIN-DE-LONDRES","source":"data.gouv.fr:RTE - 04/2017","substation":"distribution","voltage":"63000","osm":"way/166816647"}},{"type":"Feature","geometry":{"type":"Point","coordinates":[2.19681,43.77181]},"properties":{"operator":"RTE","operator:wikidata":"Q2178795","operator:wikipedia":"fr:RTE (entreprise)","power":"substation","ref:FR:RTE":"REALM","ref:FR:RTE_nom":"REALMONT","source":"data.gouv.fr:RTE - 04/2017","voltage":"63000","osm":"way/166909687"}},{"type":"Feature","geometry":{"type":"Point","coordinates":[2.17957,43.92447]},"properties":{"operator":"RTE","power":"substation","ref:FR:RTE":"JARLA","ref:FR:RTE_nom":"JARLARD","substation":"transmission","voltage":"63000","osm":"way/166959358"}},{"type":"Feature","geometry":{"type":"Point","coordinates":[2.41558,43.6647]},"properties":{"operator":"EDF","power":"substation","ref:FR:RTE":"LUZI2","ref:FR:RTE_nom":"LUZIERES II","source":"data.gouv.fr:RTE - 04/2017","substation":"generation","voltage":"63000","osm":"way/166961106"}},{"type":"Feature","geometry":{"type":"Point","coordinates":[2.41607,43.66559]},"properties":{"operator":"RTE","operator:wikidata":"Q2178795","operator:wikipedia":"fr:RTE (entreprise)","power":"substation","ref:FR:RTE":"LUZI1","ref:FR:RTE_nom":"LUZIERES I","source":"data.gouv.fr:RTE - 04/2017","voltage":"63000","osm":"way/166961107"}},{"type":"Feature","geometry":{"type":"Point","coordinates":[2.68128,43.70996]},"properties":{"operator":"RTE","operator:wikidata":"Q2178795","power":"substation","ref:FR:RTE":"LACAU","ref:FR:RTE_nom":"LACAUNE","source":"data.gouv.fr:RTE - 04/2017","voltage":"63000","osm":"way/166961711"}},{"type":"Feature","geometry":{"type":"Point","coordinates":[2.32526,43.64728]},"properties":{"operator":"EDF","power":"substation","ref:FR:RTE":"CARLA","ref:FR:RTE_nom":"CARLA","substation":"generation","voltage":"63000","osm":"way/166970514"}},{"type":"Feature","geometry":{"type":"Point","coordinates":[3.82157,43.70446]},"properties":{"barrier":"wall","frequency":"50","name":"Poste électrique de Coulondres","operator":"RTE","operator:wikidata":"Q2178795","power":"substation","ref:FR:RTE":"COUL5","ref:FR:RTE_nom":"COULONDRES","source":"data.gouv.fr:RTE - 04/2017","substation":"distribution","voltage":"63000;20000","osm":"way/167248164"}},{"type":"Feature","geometry":{"type":"Point","coordinates":[5.376,43.88989]},"properties":{"barrier":"fence","name":"Poste d'Apt","operator":"RTE","operator:wikidata":"Q2178795","power":"substation","ref:FR:RTE":"APT","ref:FR:RTE_nom":"APT","source":"data.gouv.fr:RTE - 04/2017","substation":"distribution","voltage":"63000","osm":"way/168647486"}},{"type":"Feature","geometry":{"type":"Point","coordinates":[4.24684,43.74574]},"properties":{"barrier":"fence","name":"Poste électrique de Vestric","operator":"RTE","operator:wikidata":"Q2178795","power":"substation","ref:FR:RTE":"VESTR","ref:FR:RTE_nom":"VESTRIC","source":"data.gouv.fr:RTE - 04/2017","voltage":"63000","osm":"way/169079871"}},{"type":"Feature","geometry":{"type":"Point","coordinates":[4.26945,43.70334]},"properties":{"name":"Poste électrique de Vauvert","operator":"RTE","operator:wikidata":"Q2178795","power":"substation","ref:FR:RTE":"VAUVE","ref:FR:RTE_nom":"VAUVERT","source":"data.gouv.fr:RTE - 04/2017","voltage":"63000;20000","osm":"way/169307481"}},{"type":"Feature","geometry":{"type":"Point","coordinates":[2.69583,41.97248]},"properties":{"location":"outdoor","name":"Subestació de Bescanó (MAT)","name:ca":"Subestació de Bescanó","operator":"Red Eléctrica de España","operator:short":"REE","operator:wikidata":"Q1551220","operator:wikipedia":"es:Red Eléctrica de España","power":"substation","substation":"transmission","voltage":"400000;132000","osm":"way/169729505"}},{"type":"Feature","geometry":{"type":"Point","coordinates":[4.33631,43.8121]},"properties":{"barrier":"wall","frequency":"50","name":"Poste électrique de Saint-Césaire","operator":"RTE","operator:wikidata":"Q2178795","operator:wikipedia":"fr:RTE (entreprise)","power":"substation","ref:FR:RTE":"SSCES","ref:FR:RTE_nom":"ST-CESAIRE","source":"data.gouv.fr:RTE - 04/2017","substation":"distribution","voltage":"225000;63000;20000","osm":"way/171051788"}},{"type":"Feature","geometry":{"type":"Point","coordinates":[2.82228,42.68122]},"properties":{"barrier":"fence","frequency":"50","location":"outdoor","name":"Sous-station SNCF du Soler","operator":"SNCF Réseau","operator:wikidata":"Q21605526","power":"substation","ref:FR:RTE":"SOLER","ref:FR:RTE_nom":"SOLER (LE)","substation":"traction","voltage":"225000;25000","wikidata":"Q111142738","osm":"way/172383984"}},{"type":"Feature","geometry":{"type":"Point","coordinates":[2.10996,42.60558]},"properties":{"operator":"Enedis","power":"substation","ref:FR:RTE":"FORMI","ref:FR:RTE_nom":"FORMIGUERES","source":"data.gouv.fr:RTE - 04/2017","substation":"distribution","voltage":"63000","osm":"way/174459275"}},{"type":"Feature","geometry":{"type":"Point","coordinates":[4.97742,44.39376]},"properties":{"barrier":"fence","location":"outdoor","name":"Poste électrique de Valréas","operator":"RTE","power":"substation","ref:FR:RTE":"MTMAR","ref:FR:RTE_nom":"MONTMARTEL","source":"data.gouv.fr:RTE - 04/2017","substation":"transmission","voltage":"63000","osm":"way/174684124"}},{"type":"Feature","geometry":{"type":"Point","coordinates":[2.12808,43.24248]},"properties":{"operator":"RTE","power":"substation","ref:FR:RTE":"VALGR","ref:FR:RTE_nom":"VALGROS","source":"data.gouv.fr:RTE - 04/2017","voltage":"63000","osm":"way/174901599"}},{"type":"Feature","geometry":{"type":"Point","coordinates":[5.45512,43.53253]},"properties":{"barrier":"wall","frequency":"50","location":"outdoor","name":"Poste électrique d'Aix","operator":"RTE","operator:wikidata":"Q2178795","power":"substation","ref:FR:RTE":"AIX","ref:FR:RTE_nom":"AIX","source":"data.gouv.fr:RTE - 04/2017","substation":"distribution","voltage":"63000;20000","osm":"way/174943284"}},{"type":"Feature","geometry":{"type":"Point","coordinates":[2.23073,43.06159]},"properties":{"operator":"RTE","power":"substation","ref:FR:RTE":"LIMO5","ref:FR:RTE_nom":"LIMOUX","source":"data.gouv.fr:RTE - 04/2017","voltage":"63000","osm":"way/175070226"}},{"type":"Feature","geometry":{"type":"Point","coordinates":[2.2004,42.93549]},"properties":{"operator":"RTE","power":"substation","ref:FR:RTE":"ESPER","ref:FR:RTE_nom":"ESPERAZA","source":"data.gouv.fr:RTE - 04/2017","voltage":"63000","osm":"way/175154691"}},{"type":"Feature","geometry":{"type":"Point","coordinates":[5.77674,43.83105]},"properties":{"operator":"RTE","operator:wikidata":"Q2178795","power":"substation","ref:FR:RTE":"REPAS","ref:FR:RTE_nom":"REPASSE (LA)","source":"data.gouv.fr:RTE - 04/2017","voltage":"63000","osm":"way/175601776"}},{"type":"Feature","geometry":{"type":"Point","coordinates":[2.28218,41.95704]},"properties":{"location":"outdoor","name":"Subestació de Vic","operator":"Red Eléctrica de España, S.A.","power":"substation","ref":"Vic","ref:FR:RTE":".VICH","ref_name":"VIC","substation":"transmission","voltage":"400000;220000","osm":"way/178294745"}},{"type":"Feature","geometry":{"type":"Point","coordinates":[5.25314,43.4119]},"properties":{"building":"yes","frequency":"50","name":"Sous-station SNCF de Pas-des-Lanciers","operator":"SNCF Réseau","operator:wikidata":"Q21605526","power":"substation","source":"cadastre-dgi-fr source : Direction Générale des Impôts - Cadastre. Mise à jour : 2012","substation":"traction","voltage":"63000;1500","osm":"way/179229171"}},{"type":"Feature","geometry":{"type":"Point","coordinates":[2.3316,43.21908]},"properties":{"operator":"RTE","power":"substation","ref:FR:RTE":"CARC5","ref:FR:RTE_nom":"CARCASSONNE","substation":"traction","voltage":"63000","osm":"way/179847794"}},{"type":"Feature","geometry":{"type":"Point","coordinates":[2.36022,42.58315]},"properties":{"barrier":"fence","operator":"RTE","operator:wikidata":"Q2178795","power":"substation","ref:FR:RTE":"V.CO5","ref:FR:RTE_nom":"VILLEFRANCHE-DE-CONFLENT","source":"data.gouv.fr:RTE - 04/2017","voltage":"63000","osm":"way/180421320"}},{"type":"Feature","geometry":{"type":"Point","coordinates":[3.03861,43.02197]},"properties":{"operator":"RTE","operator:wikidata":"Q2178795","operator:wikipedia":"fr:RTE (entreprise)","power":"substation","ref:FR:RTE":"NADIE","ref:FR:RTE_nom":"NADIERE (LA)","source":"data.gouv.fr:RTE - 04/2017","substation":"traction","voltage":"63000","osm":"way/180616636"}},{"type":"Feature","geometry":{"type":"Point","coordinates":[3.03333,43.01375]},"properties":{"barrier":"wall","frequency":"50","location":"outdoor","name":"Poste électrique Port-La-Nouvelle","operator":"RTE","operator:wikidata":"Q2178795","power":"substation","ref:FR:RTE":"P.NOU","ref:FR:RTE_nom":"PORT-LA-NOUVELLE","source":"data.gouv.fr:RTE - 04/2017","substation":"distribution","voltage":"63000;20000","osm":"way/180616644"}},{"type":"Feature","geometry":{"type":"Point","coordinates":[2.82306,42.61158]},"properties":{"barrier":"fence","frequency":"50","name":"Poste électrique de Trouollas","operator":"Enedis","operator:wikidata":"Q3587594","power":"substation","ref:FR:RTE":"TROUI","ref:FR:RTE_nom":"TROUILLAS","source":"data.gouv.fr:RTE - 04/2017","substation":"transmission","voltage":"63000;20000","osm":"way/181864545"}},{"type":"Feature","geometry":{"type":"Point","coordinates":[4.8678,43.4086]},"properties":{"operator":"RTE","operator:wikidata":"Q2178795","power":"substation","ref:FR:RTE":"GRACI","ref:FR:RTE_nom":"GRACIEUSE","source":"data.gouv.fr:RTE - 04/2017","substation":"generation","voltage":"225000","osm":"way/182939731"}},{"type":"Feature","geometry":{"type":"Point","coordinates":[5.191,43.48848]},"properties":{"barrier":"fence","frequency":"50","name":"Poste électrique de Vayne (industriel)","operator":"RTE","operator:wikidata":"Q2178795","operator:wikipedia":"fr:RTE (entreprise)","power":"substation","ref:FR:RTE":"VAYNE","ref:FR:RTE_nom":"VAYNE","source":"data.gouv.fr:RTE - 04/2017","substation":"industrial","voltage":"63000","osm":"way/182940629"}},{"type":"Feature","geometry":{"type":"Point","coordinates":[5.20388,43.49696]},"properties":{"frequency":"50","name":"Poste électrique de Berre","operator":"RTE","operator:wikidata":"Q2178795","power":"substation","ref:FR:RTE":"BERRE","ref:FR:RTE_nom":"BERRE","source":"data.gouv.fr:RTE - 04/2017","substation":"distribution","voltage":"63000;20000","osm":"way/182940630"}},{"type":"Feature","geometry":{"type":"Point","coordinates":[5.17136,43.50326]},"properties":{"barrier":"fence","frequency":"50","name":"Poste électrique de Flory","operator":"RTE","operator:wikidata":"Q2178795","operator:wikipedia":"fr:RTE (entreprise)","power":"substation","ref:FR:RTE":"FLORY","ref:FR:RTE_nom":"FLORY","source":"data.gouv.fr:RTE - 04/2017","substation":"industrial","voltage":"63000","osm":"way/183412778"}},{"type":"Feature","geometry":{"type":"Point","coordinates":[5.01379,43.57888]},"properties":{"name":"Sous-station de Miramas","operator":"SNCF Réseau","operator:wikidata":"Q21605526","power":"substation","ref:FR:RTE":"MIRA6","ref:FR:RTE_nom":"MIRAMAS (S.N.C.F.)","ref:FR:SNCF_Reseau:GAIA":"144118f2-6668-11e3-8cff-01f464e0362d","source":"data.gouv.fr:RTE - 2022-02","substation":"traction","voltage":"63000","osm":"way/183413082"}},{"type":"Feature","geometry":{"type":"Point","coordinates":[2.88796,43.00717]},"properties":{"barrier":"fence","name":"Poste électrique de Villesèque des Corbières","operator":"RTE","operator:wikidata":"Q2178795","power":"substation","ref:FR:RTE":"V.COR","ref:FR:RTE_nom":"VILLESEQUE DES CORBIERES","source":"data.gouv.fr:RTE - 12/2018","substation":"distribution","voltage":"63000","osm":"way/183547867"}},{"type":"Feature","geometry":{"type":"Point","coordinates":[2.7788,43.20132]},"properties":{"name":"Poste électrique de Lézignan-Corbières","operator":"RTE","operator:wikidata":"Q2178795","power":"substation","ref:FR:RTE":"LEZIG","ref:FR:RTE_nom":"LEZIGNAN","source":"data.gouv.fr:RTE - 04/2017","substation":"distribution;traction","voltage":"63000","osm":"way/183619580"}},{"type":"Feature","geometry":{"type":"Point","coordinates":[2.07721,42.72595]},"properties":{"operator":"RTE","power":"substation","ref:FR:RTE":"ROUZE","ref:FR:RTE_nom":"ROUZE","source":"data.gouv.fr:RTE - 04/2017","voltage":"63000","osm":"way/183622177"}},{"type":"Feature","geometry":{"type":"Point","coordinates":[2.13737,42.71349]},"properties":{"barrier":"fence","operator":"RTE","operator:wikidata":"Q2178795","power":"substation","ref:FR:RTE":"ESCOU","ref:FR:RTE_nom":"ESCOULOUBRE","source":"data.gouv.fr:RTE - 04/2017","voltage":"63000","osm":"way/183622178"}},{"type":"Feature","geometry":{"type":"Point","coordinates":[3.0125,42.54942]},"properties":{"barrier":"fence","frequency":"50","name":"Sous-station SNCF de Massane","operator":"SNCF Réseau","operator:wikidata":"Q21605526","power":"substation","ref:FR:RTE":"MASSA","ref:FR:RTE_nom":"MASSANE","source":"data.gouv.fr:RTE - 12/2017","substation":"traction","voltage":"63000;1500","osm":"way/183693468"}},{"type":"Feature","geometry":{"type":"Point","coordinates":[5.11632,44.35211]},"properties":{"operator":"RTE","operator:wikidata":"Q2178795","power":"substation","ref:FR:RTE":"NYONS","ref:FR:RTE_nom":"NYONS","source":"data.gouv.fr:RTE - 04/2017","voltage":"63000","osm":"way/183749534"}},{"type":"Feature","geometry":{"type":"Point","coordinates":[4.88562,44.21745]},"properties":{"barrier":"fence","operator":"RTE","operator:wikidata":"Q2178795","power":"substation","ref:FR:RTE":"SSCEC","ref:FR:RTE_nom":"STE CECILE LES VIGNES","source":"data.gouv.fr:RTE - 04/2017","voltage":"63000","osm":"way/183750863"}},{"type":"Feature","geometry":{"type":"Point","coordinates":[4.90912,44.21522]},"properties":{"operator":"RTE","operator:wikidata":"Q2178795","power":"substation","ref:FR:RTE":"CAIRA","ref:FR:RTE_nom":"CAIRANNE","source":"data.gouv.fr:RTE - 04/2017","voltage":"63000","osm":"way/183750864"}},{"type":"Feature","geometry":{"type":"Point","coordinates":[5.08774,44.24263]},"properties":{"barrier":"fence","operator":"RTE","operator:wikidata":"Q2178795","power":"substation","ref:FR:RTE":"VAISO","ref:FR:RTE_nom":"VAISON (-LA-ROMAINE)","source":"data.gouv.fr:RTE - 04/2017","voltage":"63000","osm":"way/183751071"}},{"type":"Feature","geometry":{"type":"Point","coordinates":[4.69752,44.3189]},"properties":{"barrier":"fence","frequency":"50","location":"outdoor","name":"Sous-station SNCF de Lapalud","operator":"SNCF Réseau","operator:wikidata":"Q21605526","owner":"SNCF Réseau","power":"substation","ref:FR:RTE":"PALUD","ref:FR:RTE_nom":"PALUD (LA)","source":"data.gouv.fr:RTE - 04/2017","substation":"traction","voltage":"63000;25000","osm":"way/183752901"}},{"type":"Feature","geometry":{"type":"Point","coordinates":[4.78766,44.1727]},"properties":{"barrier":"fence","frequency":"50","location":"outdoor","name":"Sous-station SNCF de Piolenc","operator":"SNCF Réseau","operator:wikidata":"Q21605526","owner":"SNCF Réseau","power":"substation","ref:FR:RTE":"PIOLE","ref:FR:RTE_nom":"PIOLENC","source":"data.gouv.fr:RTE - 04/2017","substation":"traction","voltage":"63000;1500","osm":"way/183757616"}},{"type":"Feature","geometry":{"type":"Point","coordinates":[4.98113,44.06325]},"properties":{"barrier":"fence","fence_type":"wire","operator":"Enedis","operator:wikidata":"Q3587594","power":"substation","ref:FR:RTE":"COMTA","ref:FR:RTE_nom":"COMTAT","source":"data.gouv.fr:RTE - 04/2017","substation":"distribution","voltage":"63000","osm":"way/183818154"}},{"type":"Feature","geometry":{"type":"Point","coordinates":[5.04522,44.03492]},"properties":{"barrier":"fence","location":"outdoor","name":"Terradou","operator":"RTE","operator:wikidata":"Q2178795","power":"substation","ref:FR:RTE":"TERRA","ref:FR:RTE_nom":"TERRADOU","source":"data.gouv.fr:RTE - 04/2017","substation":"transmission","voltage":"225000;63000;20000","osm":"way/183818442"}},{"type":"Feature","geometry":{"type":"Point","coordinates":[5.04753,44.0622]},"properties":{"location":"outdoor","operator":"RTE","operator:wikidata":"Q2178795","power":"substation","ref:FR:RTE":"CARPE","ref:FR:RTE_nom":"CARPENTRAS","source":"data.gouv.fr:RTE - 04/2017","substation":"transmission","voltage":"63000","osm":"way/183818744"}},{"type":"Feature","geometry":{"type":"Point","coordinates":[4.8594,43.98734]},"properties":{"barrier":"fence","operator":"RTE","operator:wikidata":"Q2178795","power":"substation","ref:FR:RTE":"E.REF","ref:FR:RTE_nom":"ELECTRO-REFRACTAIRE","source":"data.gouv.fr:RTE - 04/2017","substation":"industrial","voltage":"63000","osm":"way/183822119"}},{"type":"Feature","geometry":{"type":"Point","coordinates":[4.86114,43.99052]},"properties":{"operator":"RTE","operator:wikidata":"Q2178795","power":"substation","ref:FR:RTE":"HELEN","ref:FR:RTE_nom":"HELENIERE","source":"data.gouv.fr:RTE - 04/2017","substation":"industrial","voltage":"63000","osm":"way/183822123"}},{"type":"Feature","geometry":{"type":"Point","coordinates":[4.8618,43.98609]},"properties":{"barrier":"fence","operator":"RTE","operator:wikidata":"Q2178795","power":"substation","ref:FR:RTE":"ROUGI","ref:FR:RTE_nom":"ROUGIER","source":"data.gouv.fr:RTE - 04/2017","substation":"industrial","voltage":"225000","osm":"way/183822179"}},{"type":"Feature","geometry":{"type":"Point","coordinates":[5.19883,43.85715]},"properties":{"barrier":"wall","location":"outdoor","operator":"Enedis","operator:wikidata":"Q3587594","operator:wikipedia":"fr:Enedis","power":"substation","ref:FR:RTE":"BXMET","ref:FR:RTE_nom":"BEAUMETTES (LES)","substation":"distribution","voltage":"63000;20000","osm":"way/183822554"}},{"type":"Feature","geometry":{"type":"Point","coordinates":[5.0469,43.82513]},"properties":{"barrier":"fence","location":"outdoor","name":"Sous-station de Le Camp","operator":"SNCF Réseau","operator:wikidata":"Q21605526","power":"substation","railway:position":"33.950","ref:FR:RTE":"CAMP","ref:FR:RTE_nom":"LE CAMP","ref:FR:SNCF_Reseau:GAIA":"14427ae0-6668-11e3-8cff-01f464e0362d","source":"data.gouv.fr:RTE - 04/2017","substation":"traction","voltage":"63000","osm":"way/183824324"}},{"type":"Feature","geometry":{"type":"Point","coordinates":[4.55346,43.84386]},"properties":{"barrier":"fence","frequency":"50","location":"outdoor","name":"Sous-station SNCF de Biscarrat","operator":"SNCF Réseau","operator:wikidata":"Q21605526","owner":"SNCF Réseau","power":"substation","ref:FR:RTE":"BISC6","ref:FR:RTE_nom":"BISCARRAT","source":"data.gouv.fr:RTE - 04/2017","substation":"traction","voltage":"225000;25000","osm":"way/183836524"}},{"type":"Feature","geometry":{"type":"Point","coordinates":[4.43167,43.81985]},"properties":{"barrier":"fence","frequency":"50","name":"Poste électrique de Grand-Grès","operator":"Enedis","operator:wikidata":"Q3587594","power":"substation","ref:FR:RTE":"G.GRE","ref:FR:RTE_nom":"GRAND-GRES","source":"data.gouv.fr:RTE - 04/2017","substation":"distribution","voltage":"63000;20000","osm":"way/183836797"}},{"type":"Feature","geometry":{"type":"Point","coordinates":[4.5361,43.79322]},"properties":{"operator":"RTE","operator:wikidata":"Q2178795","power":"substation","ref:FR:RTE":"FIRMI","ref:FR:RTE_nom":"FIRMINELLES","source":"data.gouv.fr:RTE - 04/2017","voltage":"63000","osm":"way/183837843"}},{"type":"Feature","geometry":{"type":"Point","coordinates":[4.64409,43.75236]},"properties":{"name":"Sous-Station des Ségonnaux","operator":"SNCF Réseau","operator:wikidata":"Q21605526","power":"substation","ref:FR:RTE":"SEGON","ref:FR:RTE_nom":"SEGONNAUX (LES)","ref:FR:SNCF_Reseau:GAIA":"1441d5f4-6668-11e3-8cff-01f464e0362d","source":"data.gouv.fr:RTE - 04/2017","substation":"traction","voltage":"63000","voltage:primary":"63000","voltage:secondary":"1500","osm":"way/183855073"}},{"type":"Feature","geometry":{"type":"Point","coordinates":[4.45876,43.71853]},"properties":{"barrier":"fence","frequency":"50","location":"outdoor","name":"Poste électrique de Pichegu","operator":"RTE","operator:wikidata":"Q2178795","power":"substation","ref:FR:RTE":"PICHE","ref:FR:RTE_nom":"PICHEGU","source":"data.gouv.fr:RTE - 04/2017","substation":"industrial","voltage":"63000","osm":"way/183856143"}},{"type":"Feature","geometry":{"type":"Point","coordinates":[4.39933,43.54931]},"properties":{"barrier":"fence","frequency":"50","name":"Poste électrique de Roure","operator":"Enedis","operator:wikidata":"Q3587594","power":"substation","ref:FR:RTE":"ROURE","ref:FR:RTE_nom":"ROURE","source":"data.gouv.fr:RTE - 04/2017","substation":"distribution","voltage":"63000","osm":"way/183857171"}},{"type":"Feature","geometry":{"type":"Point","coordinates":[4.73088,43.41678]},"properties":{"name":"Salin de Giraud","operator":"RTE","operator:wikidata":"Q2178795","power":"substation","ref:FR:RTE":"S.GIR","ref:FR:RTE_nom":"SALIN-DE-GIRAUD","source":"data.gouv.fr:RTE - 04/2017","substation":"yes","voltage":"63000","osm":"way/183858480"}},{"type":"Feature","geometry":{"type":"Point","coordinates":[4.79601,43.41097]},"properties":{"operator":"RTE","operator:wikidata":"Q2178795","power":"substation","ref:FR:RTE":"MALEB","ref:FR:RTE_nom":"MALEBARGE","source":"data.gouv.fr:RTE - 04/2017","voltage":"63000","osm":"way/183860027"}},{"type":"Feature","geometry":{"type":"Point","coordinates":[4.81444,43.39338]},"properties":{"name":"Poste électrique de Port St-Louis du Rhône","operator":"RTE","operator:wikidata":"Q2178795","power":"substation","ref:FR:RTE":"P.RHO","ref:FR:RTE_nom":"PORT-ST-LOUIS-DU-RHONE","source":"data.gouv.fr:RTE - 04/2017","substation":"distribution","voltage":"63000","osm":"way/183860028"}},{"type":"Feature","geometry":{"type":"Point","coordinates":[4.80598,43.62518]},"properties":{"name":"Poste HT du Mas de Goin","operator":"RTE","operator:wikidata":"Q2178795","power":"substation","ref:FR:RTE":"M.GOU","ref:FR:RTE_nom":"MAS-DE-GOUIN","source":"data.gouv.fr:RTE - 04/2017","substation":"distribution","voltage":"63000","osm":"way/183945830"}},{"type":"Feature","geometry":{"type":"Point","coordinates":[4.40637,44.00694]},"properties":{"name":"Poste électrique de Uzès","operator":"RTE","operator:wikidata":"Q2178795","power":"substation","ref:FR:RTE":"UZES","ref:FR:RTE_nom":"UZES","source":"data.gouv.fr:RTE - 04/2017","voltage":"63000","osm":"way/183947886"}},{"type":"Feature","geometry":{"type":"Point","coordinates":[4.62558,43.89555]},"properties":{"barrier":"fence","name":"Poste électrique de Théziers","operator":"RTE","operator:wikidata":"Q2178795","power":"substation","ref:FR:RTE":"THEZI","ref:FR:RTE_nom":"THEZIERS","source":"data.gouv.fr:RTE - 04/2017","voltage":"63000","osm":"way/183949128"}},{"type":"Feature","geometry":{"type":"Point","coordinates":[3.58189,44.34265]},"properties":{"operator":"RTE","power":"substation","ref:FR:RTE":"TARNO","ref:FR:RTE_nom":"TARNON","source":"data.gouv.fr:RTE - 04/2017","voltage":"63000","osm":"way/184112113"}},{"type":"Feature","geometry":{"type":"Point","coordinates":[3.0635,44.42187]},"properties":{"operator":"RTE","power":"substation","ref:FR:RTE":"CAMPA","ref:FR:RTE_nom":"CAMPAGNAC","source":"data.gouv.fr:RTE - 04/2017","substation":"traction","voltage":"63000","osm":"way/184118298"}},{"type":"Feature","geometry":{"type":"Point","coordinates":[3.05511,44.32654]},"properties":{"operator":"RTE","power":"substation","ref:FR:RTE":"SEVER","ref:FR:RTE_nom":"SEVERAC-LE-CHATEAU","source":"data.gouv.fr:RTE - 04/2017","substation":"traction","voltage":"63000","osm":"way/184118513"}},{"type":"Feature","geometry":{"type":"Point","coordinates":[3.09901,44.14945]},"properties":{"barrier":"fence","frequency":"50","name":"Sous-station SNCF d'Aguessac","operator":"SNCF Réseau","operator:wikidata":"Q21605526","owner":"SNCF Réseau","power":"substation","ref:FR:RTE":"AGUES","ref:FR:RTE_nom":"AGUESSAC","source":"data.gouv.fr:RTE - 12/2017","substation":"traction","voltage":"63000;1500","osm":"way/184119753"}},{"type":"Feature","geometry":{"type":"Point","coordinates":[3.07102,44.09283]},"properties":{"barrier":"fence","frequency":"50","name":"Poste électrique de Millau","operator":"RTE","operator:wikidata":"Q2178795","operator:wikipedia":"fr:RTE (entreprise)","power":"substation","ref:FR:RTE":"MILLA","ref:FR:RTE_nom":"MILLAU","source":"data.gouv.fr:RTE - 04/2017","substation":"distribution","voltage":"63000;20000","osm":"way/184121744"}},{"type":"Feature","geometry":{"type":"Point","coordinates":[4.07903,44.14894]},"properties":{"operator":"RTE","power":"substation","ref:FR:RTE":"TAMA5","ref:FR:RTE_nom":"TAMARIS","source":"data.gouv.fr:RTE - 04/2017","voltage":"63000","osm":"way/184129650"}},{"type":"Feature","geometry":{"type":"Point","coordinates":[4.07473,44.1344]},"properties":{"name":"Poste électrique de Brouzen","operator":"RTE","operator:wikidata":"Q2178795","power":"substation","ref:FR:RTE":"BROUZ","ref:FR:RTE_nom":"BROUZEN","source":"data.gouv.fr:RTE - 04/2017","voltage":"63000","osm":"way/184130307"}},{"type":"Feature","geometry":{"type":"Point","coordinates":[4.07805,43.78217]},"properties":{"name":"Poste électrique de Sommieres","operator":"RTE","operator:wikidata":"Q2178795","power":"substation","ref:FR:RTE":"SOMMI","ref:FR:RTE_nom":"SOMMIERES","source":"data.gouv.fr:RTE - 04/2017","voltage":"63000","osm":"way/184131792"}},{"type":"Feature","geometry":{"type":"Point","coordinates":[4.04356,44.20107]},"properties":{"barrier":"fence","name":"Poste électrique du Fesc","operator":"RTE","operator:wikidata":"Q2178795","operator:wikipedia":"fr:RTE (entreprise)","power":"substation","ref:FR:RTE":"FESC","ref:FR:RTE_nom":"LE FESC","source":"data.gouv.fr:RTE - 04/2017","voltage":"63000","osm":"way/184132105"}},{"type":"Feature","geometry":{"type":"Point","coordinates":[4.23534,43.98321]},"properties":{"name":"Poste électrique de Moussac","operator":"RTE","operator:wikidata":"Q2178795","power":"substation","ref:FR:RTE":"MOUS6","ref:FR:RTE_nom":"MOUSSAC","source":"data.gouv.fr:RTE - 04/2017","substation":"distribution","voltage":"63000","osm":"way/184132684"}},{"type":"Feature","geometry":{"type":"Point","coordinates":[3.98536,44.04149]},"properties":{"name":"Poste électrique de Anduze","operator":"RTE","operator:wikidata":"Q2178795","power":"substation","ref:FR:RTE":"ANDUZ","ref:FR:RTE_nom":"ANDUZE","source":"data.gouv.fr:RTE - 04/2017","voltage":"63000","osm":"way/184132870"}},{"type":"Feature","geometry":{"type":"Point","coordinates":[7.58584,44.04671]},"properties":{"barrier":"fence","operator":"Électricité de France","operator:short":"EDF","operator:wikidata":"Q274591","operator:wikipedia":"fr:Électricité de France","power":"substation","ref:FR:RTE":"SSDAL","ref:FR:RTE_nom":"ST-DALMAS","source":"data.gouv.fr:RTE - 04/2017","substation":"generation","voltage":"150000","osm":"way/194171589"}},{"type":"Feature","geometry":{"type":"Point","coordinates":[4.79456,43.92676]},"properties":{"name":"Poste Source Courtine","operator":"RTE","operator:wikidata":"Q2178795","power":"substation","ref:FR:RTE":"CZTIN","ref:FR:RTE_nom":"COURTINE","source":"Bing","substation":"transmission","voltage":"63000","osm":"way/198949393"}},{"type":"Feature","geometry":{"type":"Point","coordinates":[4.64818,44.20025]},"properties":{"barrier":"wall","frequency":"50","location":"outdoor","name":"Poste électrique de Bagnols-sur-Cèze","operator":"RTE","operator:wikidata":"Q2178795","power":"substation","ref:FR:RTE":"B.CEZ","ref:FR:RTE_nom":"BAGNOLS-SUR-CEZE","source":"data.gouv.fr:RTE - 04/2017","substation":"distribution","voltage":"63000;20000","osm":"way/200334095"}},{"type":"Feature","geometry":{"type":"Point","coordinates":[3.00372,43.16935]},"properties":{"name":"Poste de Lunes","operator":"RTE","operator:wikidata":"Q2178795","power":"substation","ref:FR:RTE":"LUNES","ref:FR:RTE_nom":"LUNES","source":"data.gouv.fr:RTE - 04/2017","voltage":"63000","osm":"way/200369784"}},{"type":"Feature","geometry":{"type":"Point","coordinates":[2.36666,43.28691]},"properties":{"barrier":"fence","operator":"RTE","power":"substation","ref:FR:RTE":"SALSI","ref:FR:RTE_nom":"SALSIGNE","source":"data.gouv.fr:RTE - 12/2017","voltage":"63000","osm":"way/200730633"}},{"type":"Feature","geometry":{"type":"Point","coordinates":[2.98107,43.18035]},"properties":{"operator":"RTE","operator:wikidata":"Q2178795","power":"substation","ref:FR:RTE":"NARBO","ref:FR:RTE_nom":"NARBONNE","source":"data.gouv.fr:RTE - 04/2017","substation":"traction","voltage":"63000","osm":"way/202421257"}},{"type":"Feature","geometry":{"type":"Point","coordinates":[5.77245,43.70537]},"properties":{"barrier":"fence","frequency":"50","location":"outdoor","name":"Poste électrique du Prionnet","operator":"RTE","operator:wikidata":"Q2178795","power":"substation","ref:FR:RTE":"PRION","ref:FR:RTE_nom":"PRIONNET","source":"data.gouv.fr:RTE - 04/2017","start_date":"2015","substation":"industrial","voltage":"400000","osm":"way/202753898"}},{"type":"Feature","geometry":{"type":"Point","coordinates":[7.13737,44.00357]},"properties":{"barrier":"fence","name":"Poste de Bancairon","operator":"RTE","power":"substation","ref:FR:RTE":"BANCA","ref:FR:RTE_nom":"BANCAIRON","source":"data.gouv.fr:RTE - 04/2017","substation":"transmission","voltage":"150000","osm":"way/208272092"}},{"type":"Feature","geometry":{"type":"Point","coordinates":[5.88645,43.09971]},"properties":{"building":"yes","operator":"RTE","power":"substation","ref:FR:RTE":"SEYNE","ref:FR:RTE_nom":"SEYNE (LA)","source":"data.gouv.fr:RTE - 04/2017","voltage":"63000","osm":"way/208633903"}},{"type":"Feature","geometry":{"type":"Point","coordinates":[9.36959,41.16847]},"properties":{"name":"Palau","operator":"e-distribuzione S.p.A.","operator:wikidata":"Q3725215","power":"substation","ref:terna":"CCAGPALC","substation":"distribution","voltage":"150000","osm":"way/210354598"}},{"type":"Feature","geometry":{"type":"Point","coordinates":[9.48533,41.07979]},"properties":{"name":"Arzachena","operator":"Enel Distribuzione","power":"substation","ref:terna":"CCAGAR2C","substation":"distribution","voltage":"150000","osm":"way/210354611"}},{"type":"Feature","geometry":{"type":"Point","coordinates":[5.02315,43.36089]},"properties":{"barrier":"fence","location":"outdoor","name":"Poste électrique de Ponteau","operator":"RTE","operator:wikidata":"Q2178795","power":"substation","ref:FR:RTE":"PONTE","ref:FR:RTE_nom":"PONTEAU","source":"data.gouv.fr:RTE - 04/2017","start_date":"2012","substation":"transmission","voltage":"400000;225000","osm":"way/214858101"}},{"type":"Feature","geometry":{"type":"Point","coordinates":[5.19503,43.50213]},"properties":{"barrier":"fence","frequency":"50","landuse":"industrial","location":"outdoor","name":"Poste électrique d'Aubette","operator":"RTE","operator:wikidata":"Q2178795","power":"substation","ref:FR:RTE":"AUBET","ref:FR:RTE_nom":"AUBETTE","source":"data.gouv.fr:RTE - 04/2017","substation":"industrial","voltage":"225000;63000","osm":"way/217600189"}},{"type":"Feature","geometry":{"type":"Point","coordinates":[3.0196,43.96613]},"properties":{"barrier":"fence","frequency":"50","name":"Sous-station SNCF de Tournemire","operator":"SNCF Réseau","operator:wikidata":"Q21605526","owner":"SNCF Réseau","power":"substation","ref:FR:RTE":"TOUR7","ref:FR:RTE_nom":"TOURNEMIRE","source":"data.gouv.fr:RTE - 12/2017","substation":"traction","voltage":"63000;1500","osm":"way/220887733"}},{"type":"Feature","geometry":{"type":"Point","coordinates":[2.94834,42.2297]},"properties":{"barrier":"fence","fence_type":"metal","height":"3","location":"outdoor","name":"Subestació de Santa Llogaia d'Àlguema","name:ca":"Subestació de Santa Llogaia d'Àlguema","operator":"Adif","operator:wikidata":"Q358752","power":"substation","substation":"traction","voltage":"400000;25000","osm":"way/223307054"}},{"type":"Feature","geometry":{"type":"Point","coordinates":[6.15217,43.13501]},"properties":{"barrier":"fence","location":"outdoor","operator":"RTE","operator:wikidata":"Q2178795","power":"substation","ref:FR:RTE":"HYERE","ref:FR:RTE_nom":"HYERES","source":"data.gouv.fr:RTE - 04/2017","substation":"transmission","voltage":"225000","osm":"way/224057553"}},{"type":"Feature","geometry":{"type":"Point","coordinates":[3.91174,43.59572]},"properties":{"barrier":"fence","landuse":"industrial","location":"outdoor","name":"Poste électrique de Pont-Trinquat","operator":"Enedis","operator:wikidata":"Q3587594","power":"substation","ref:FR:RTE":"P.TRI","ref:FR:RTE_nom":"PONT TRINQUAT","source":"data.gouv.fr:RTE - 04/2017","start_date":"2011-01","substation":"distribution","voltage":"225000;20000","osm":"way/226898600"}},{"type":"Feature","geometry":{"type":"Point","coordinates":[2.79731,44.39453]},"properties":{"fixme":"a ameliorer","operator":"RTE","power":"substation","ref:FR:RTE":"BERTH","ref:FR:RTE_nom":"BERTHOLENE","source":"bing","voltage":"63000","osm":"way/227364261"}},{"type":"Feature","geometry":{"type":"Point","coordinates":[4.96716,43.49373]},"properties":{"barrier":"wall","name":"Rassuen","operator":"RTE","operator:wikidata":"Q2178795","power":"substation","ref:FR:RTE":"RASSU","ref:FR:RTE_nom":"RASSUEN","source":"data.gouv.fr:RTE - 04/2017","substation":"transmission","voltage":"225000","osm":"way/228049601"}},{"type":"Feature","geometry":{"type":"Point","coordinates":[7.51752,43.91227]},"properties":{"barrier":"fence","operator":"RTE","power":"substation","ref:FR:RTE":"BREIL","ref:FR:RTE_nom":"BREIL","source":"data.gouv.fr:RTE - 04/2017","substation":"transmission","voltage":"63000","osm":"way/228980211"}},{"type":"Feature","geometry":{"type":"Point","coordinates":[6.84578,43.95245]},"properties":{"barrier":"fence","operator":"RTE","power":"substation","ref:FR:RTE":"ENTRE","ref:FR:RTE_nom":"ENTREVAUX","source":"data.gouv.fr:RTE - 04/2017","substation":"transmission","voltage":"150000","osm":"way/229901364"}},{"type":"Feature","geometry":{"type":"Point","coordinates":[6.00981,43.54922]},"properties":{"barrier":"wall","operator":"Enedis","operator:wikidata":"Q3587594","power":"substation","ref:FR:RTE":"BARJO","ref:FR:RTE_nom":"BARJOLS","source":"data.gouv.fr:RTE - 04/2017","substation":"distribution","voltage":"63000","osm":"way/230162375"}},{"type":"Feature","geometry":{"type":"Point","coordinates":[7.30762,44.02122]},"properties":{"barrier":"wall","landuse":"industrial","operator":"RTE","operator:wikidata":"Q2178795","power":"substation","ref:FR:RTE":"RQBIL","ref:FR:RTE_nom":"ROQUEBILLIERE","source":"data.gouv.fr:RTE - 04/2017","voltage":"150000","osm":"way/231462159"}},{"type":"Feature","geometry":{"type":"Point","coordinates":[6.0719,43.43552]},"properties":{"barrier":"fence","operator":"RTE","operator:wikidata":"Q2178795","power":"substation","ref:FR:RTE":"VAL","ref:FR:RTE_nom":"LE VAL","source":"data.gouv.fr:RTE - 04/2017","substation":"transmission","voltage":"63000","osm":"way/232185643"}},{"type":"Feature","geometry":{"type":"Point","coordinates":[6.57039,43.26019]},"properties":{"barrier":"fence","location":"outdoor","operator":"RTE","operator:wikidata":"Q2178795","operator:wikipedia":"fr:RTE (entreprise)","power":"substation","ref:FR:RTE":"SSTRO","ref:FR:RTE_nom":"ST-TROPEZ","source":"data.gouv.fr:RTE - 04/2017","substation":"transmission","voltage":"63000;20000","osm":"way/232188950"}},{"type":"Feature","geometry":{"type":"Point","coordinates":[6.38348,43.42133]},"properties":{"barrier":"fence","location":"outdoor","operator":"RTE","operator:wikidata":"Q2178795","power":"substation","ref:FR:RTE":"ENTRA","ref:FR:RTE_nom":"ENTRAIGUES","source":"data.gouv.fr:RTE - 04/2017","substation":"transmission","voltage":"63000;20000","osm":"way/232188952"}},{"type":"Feature","geometry":{"type":"Point","coordinates":[4.63132,44.19043]},"properties":{"barrier":"fence","frequency":"50","location":"outdoor","name":"Sous-station SNCF de Saint-Nazaire","operator":"SNCF Réseau","operator:wikidata":"Q21605526","power":"substation","ref:FR:RTE":"SSNA6","ref:FR:RTE_nom":"ST-NAZAIRE","ref:FR:SNCF_Reseau:GAIA":"143fae82-6668-11e3-8cff-01f464e0362d","source":"data.gouv.fr:RTE - 04/2017","substation":"traction","voltage":"63000","osm":"way/239366634"}},{"type":"Feature","geometry":{"type":"Point","coordinates":[4.54174,44.15897]},"properties":{"barrier":"fence","location":"outdoor","name":"Poste électrique de Sabran","operator":"Enedis","operator:wikidata":"Q3587594","power":"substation","ref:FR:RTE":"SABRA","ref:FR:RTE_nom":"SABRAN","source":"data.gouv.fr:RTE - 04/2017","substation":"distribution","voltage":"63000;20000","osm":"way/239366637"}},{"type":"Feature","geometry":{"type":"Point","coordinates":[4.73718,44.06317]},"properties":{"barrier":"fence","frequency":"50","location":"outdoor","name":"Sous-station SNCF de Saint-Géniès","operator":"SNCF Réseau","operator:wikidata":"Q21605526","power":"substation","ref:FR:RTE":"SSCO5","ref:FR:RTE_nom":"ST-GENIES-DE-COMOLAS","ref:FR:SNCF_Reseau:GAIA":"1443061a-6668-11e3-8cff-01f464e0362d","source":"data.gouv.fr:RTE - 04/2017","substation":"traction","voltage":"63000","osm":"way/239366638"}},{"type":"Feature","geometry":{"type":"Point","coordinates":[6.02042,43.14098]},"properties":{"barrier":"fence","location":"outdoor","operator":"RTE","operator:wikidata":"Q2178795","power":"substation","ref:FR:RTE":"GARD7","ref:FR:RTE_nom":"GARDE (LA)","source":"data.gouv.fr:RTE - 04/2017","substation":"transmission","voltage":"225000;20000","osm":"way/239609000"}},{"type":"Feature","geometry":{"type":"Point","coordinates":[6.02792,43.20025]},"properties":{"barrier":"fence","location":"outdoor","operator":"RTE","power":"substation","ref:FR:RTE":"SOLLI","ref:FR:RTE_nom":"SOLLIES","substation":"distribution","voltage":"63000;20000","osm":"way/239977723"}},{"type":"Feature","geometry":{"type":"Point","coordinates":[5.02603,43.7861]},"properties":{"barrier":"wall","location":"outdoor","name":"Poste électrique de Jane","operator":"RTE","operator:wikidata":"Q2178795","operator:wikipedia":"fr:RTE (entreprise)","power":"substation","ref:FR:RTE":"JANE","ref:FR:RTE_nom":"JANE","source":"data.gouv.fr:RTE - 04/2017","substation":"transmission","voltage":"63000;20000","osm":"way/240887625"}},{"type":"Feature","geometry":{"type":"Point","coordinates":[5.08147,43.67197]},"properties":{"location":"outdoor","name":"Poste électrique les Aubes","operator":"SNCF Réseau","operator:wikidata":"Q21605526","power":"substation","ref:FR:RTE":"AUBES","ref:FR:RTE_nom":"AUBES (LES)","ref:FR:SNCF_Reseau:GAIA":"14416ba8-6668-11e3-8cff-01f464e0362d","substation":"traction","voltage":"63000;1500","osm":"way/240887626"}},{"type":"Feature","geometry":{"type":"Point","coordinates":[5.48723,43.465]},"properties":{"barrier":"wall","operator":"RTE","operator:wikidata":"Q2178795","power":"substation","substation":"transition","voltage":"63000","osm":"way/240887668"}},{"type":"Feature","geometry":{"type":"Point","coordinates":[5.01787,43.8271]},"properties":{"barrier":"fence","location":"outdoor","name":"Poste électrique du Plan d'Orgon","operator":"RTE","operator:wikidata":"Q2178795","power":"substation","ref:FR:RTE":"P.ORG","ref:FR:RTE_nom":"PLAN-D ORGON","source":"Bing","substation":"transmission","voltage":"400000;225000;63000","osm":"way/241189382"}},{"type":"Feature","geometry":{"type":"Point","coordinates":[2.99948,42.63349]},"properties":{"barrier":"wall","frequency":"50","location":"outdoor","name":"Poste électrique de Saint-Cyprien","operator":"Enedis","operator:wikidata":"Q3587594","operator:wikipedia":"fr:RTE (entreprise)","power":"substation","ref:FR:RTE":"SSCYP","ref:FR:RTE_nom":"ST-CYPRIEN","source":"data.gouv.fr:RTE - 04/2017","substation":"distribution","voltage":"63000;20000","osm":"way/242127721"}},{"type":"Feature","geometry":{"type":"Point","coordinates":[4.08953,44.29062]},"properties":{"barrier":"fence","name":"Poste électrique de Bessèges","operator":"RTE","operator:wikidata":"Q2178795","power":"substation","ref:FR:RTE":"BESSE","ref:FR:RTE_nom":"BESSEGES","source":"data.gouv.fr:RTE - 04/2017","voltage":"63000","osm":"way/244994295"}},{"type":"Feature","geometry":{"type":"Point","coordinates":[9.40234,41.06527]},"properties":{"name":"Arzachena 2","operator":"Enel Distribuzione","power":"substation","ref:terna":"CCAGAR2C","substation":"distribution","voltage":"150000","osm":"way/255641479"}},{"type":"Feature","geometry":{"type":"Point","coordinates":[9.19231,41.20173]},"properties":{"name":"Santa Teresa 150","operator":"e-distribuzione S.p.A.","operator:wikidata":"Q3725215","power":"substation","ref:terna":"CCAGTRSC","substation":"distribution","voltage":"150000","osm":"way/255641482"}},{"type":"Feature","geometry":{"type":"Point","coordinates":[2.94425,42.23039]},"properties":{"barrier":"fence","fence_type":"metal","frequency":"0","height":"3","location":"outdoor","name":"Estació transformadora de Santa Llogaia d'Àlguema","name:ca":"Estació transformadora de Santa Llogaia d'Àlguema","name:en":"Santa Llogaia Static Inverter Station","name:fr":"Station de conversion de Santa Llogaia d'Àlguema","operator":"INELFE","power":"substation","substation":"converter","voltage":"400000;320000","osm":"way/256334221"}},{"type":"Feature","geometry":{"type":"Point","coordinates":[6.17421,43.2969]},"properties":{"operator":"RTE","power":"substation","ref:FR:RTE":"CARNO","ref:FR:RTE_nom":"CARNOULES","source":"data.gouv.fr:RTE - 04/2017","voltage":"63000","osm":"way/257003072"}},{"type":"Feature","geometry":{"type":"Point","coordinates":[5.39725,43.29272]},"properties":{"building":"industrial","frequency":"50","name":"Poste électrique de La Conception","name:oc":"Subestacion electrica La Concepcion","operator":"Enedis","operator:wikidata":"Q3587594","power":"substation","ref:FR:RTE":"CONCE","ref:FR:RTE_nom":"CONCEPTION","source":"data.gouv.fr:RTE - 04/2017","source:name:oc":"ieo-bdtopoc","substation":"distribution","voltage":"225000;20000","osm":"way/260579119"}},{"type":"Feature","geometry":{"type":"Point","coordinates":[5.83342,43.85014]},"properties":{"barrier":"fence","location":"outdoor","operator":"Électricité de France","operator:wikidata":"Q274591","power":"substation","ref:FR:RTE":"MANOS","ref:FR:RTE_nom":"MANOSQUE","source":"data.gouv.fr:RTE - 04/2017","substation":"generation","voltage":"225000","osm":"way/261270523"}},{"type":"Feature","geometry":{"type":"Point","coordinates":[5.43556,43.51997]},"properties":{"barrier":"fence","frequency":"50","name":"Poste électrique d'Aix Mouret","operator":"Enedis","operator:wikidata":"Q3587594","power":"substation","ref:FR:RTE":"A.MOU","ref:FR:RTE_nom":"AIX-MOURET","source":"data.gouv.fr:RTE - 04/2017","start_date":"2014","substation":"distribution","voltage":"225000;20000","osm":"way/262948724"}},{"type":"Feature","geometry":{"type":"Point","coordinates":[7.31894,43.74718]},"properties":{"barrier":"fence","location":"outdoor","name":"Poste électrique de Trinité Victor","operator":"RTE","power":"substation","ref:FR:RTE":"T.VIC","ref:FR:RTE_nom":"TRINITE-VICTOR","source":"data.gouv.fr:RTE - 04/2017","substation":"transmission","voltage":"225000;63000;20000","osm":"way/265745327"}},{"type":"Feature","geometry":{"type":"Point","coordinates":[6.43331,43.43316]},"properties":{"barrier":"fence","distance":"130.154","location":"outdoor","name":"Sous-station SNCF de Vidauban","operator":"SNCF Réseau","operator:wikidata":"Q21605526","owner":"SNCF Réseau","power":"substation","ref:FR:RTE":"VIDAU","ref:FR:RTE_nom":"VIDAUBAN","source":"data.gouv.fr:RTE - 04/2017","substation":"traction","voltage":"63000","osm":"way/276257748"}},{"type":"Feature","geometry":{"type":"Point","coordinates":[6.96225,43.54376]},"properties":{"barrier":"wall","distance":"188.342","location":"outdoor","name":"Sous-station SNCF de la Pinède","operator":"SNCF Réseau","owner":"SNCF Réseau","power":"substation","ref:FR:RTE":"PINED","ref:FR:RTE_nom":"PINEDE (LA)","substation":"traction","voltage":"63000","osm":"way/276258981"}},{"type":"Feature","geometry":{"type":"Point","coordinates":[7.3277,43.70225]},"properties":{"barrier":"fence","distance":"230.120","location":"outdoor","name":"Sous-station SNCF de Pont-Saint-Jean","operator":"SNCF Réseau","operator:wikidata":"Q21605526","owner":"SNCF Réseau","power":"substation","ref:FR:RTE":"P.JEA","ref:FR:RTE_nom":"PONT-ST-JEAN","substation":"traction","voltage":"63000;25000","osm":"way/276259642"}},{"type":"Feature","geometry":{"type":"Point","coordinates":[4.73745,44.28283]},"properties":{"barrier":"wall","frequency":"50","location":"outdoor","name":"Poste électrique de la Martiniere","operator":"RTE","operator:wikidata":"Q2178795","power":"substation","ref:FR:RTE":"MRNIE","ref:FR:RTE_nom":"MARTINIERE (LA)","ref:RTE:codnat":"MRNIE","source":"data.gouv.fr:RTE - 04/2017","substation":"distribution","voltage":"63000;20000","osm":"way/278718502"}},{"type":"Feature","geometry":{"type":"Point","coordinates":[4.69758,44.27101]},"properties":{"barrier":"fence","frequency":"50","location":"outdoor","name":"Sous-station SNCF de La Croisière","operator":"SNCF Réseau","operator:wikidata":"Q21605526","operator:wikipedia":"fr:Société nationale des chemins de fer français","owner":"SNCF Réseau","power":"substation","ref:FR:RTE":"CROI6","ref:FR:RTE_nom":"CROISIERE","ref:RTE:codnat":"CROI6","source":"Bing","substation":"traction","voltage":"225000;25000","osm":"way/278718504"}},{"type":"Feature","geometry":{"type":"Point","coordinates":[4.69878,44.27159]},"properties":{"barrier":"fence","location":"outdoor","operator":"RTE","operator:wikidata":"Q2178795","power":"substation","source":"Bing","substation":"transition","voltage":"225000","osm":"way/278718562"}},{"type":"Feature","geometry":{"type":"Point","coordinates":[4.70908,44.3672]},"properties":{"barrier":"fence","frequency":"50","location":"outdoor","name":"Poste électrique d'Air liquide (SOGIF)","operator":"RTE","operator:wikidata":"Q2178795","power":"substation","ref:FR:RTE":"A.LI7","ref:FR:RTE_nom":"AIR-LIQUIDE","source":"data.gouv.fr:RTE - 04/2017","substation":"industrial","voltage":"63000","osm":"way/278718678"}},{"type":"Feature","geometry":{"type":"Point","coordinates":[4.63429,44.31663]},"properties":{"barrier":"fence","frequency":"50","name":"Sous-station SNCF de La Combette","operator":"SNCF Réseau","operator:wikidata":"Q21605526","owner":"SNCF Réseau","power":"substation","ref:FR:RTE":"COMBE","ref:FR:RTE_nom":"COMBETTE","source":"data.gouv.fr:RTE - 04/2017","substation":"traction","voltage":"63000","osm":"way/278718683"}},{"type":"Feature","geometry":{"type":"Point","coordinates":[4.73194,44.32877]},"properties":{"operator":"EDF","power":"substation","substation":"industrial","voltage":"63000","osm":"way/278718688"}},{"type":"Feature","geometry":{"type":"Point","coordinates":[3.94758,43.96272]},"properties":{"name":"Poste électrique de Sauve","operator":"Enedis","operator:wikidata":"Q3587594","power":"substation","ref:FR:RTE":"SAUV7","ref:FR:RTE_nom":"SAUVE","source":"data.gouv.fr:RTE - 04/2017","voltage":"63000","osm":"way/294202389"}},{"type":"Feature","geometry":{"type":"Point","coordinates":[6.35743,43.14062]},"properties":{"location":"outdoor","operator":"RTE","operator:wikidata":"Q2178795","power":"substation","ref:FR:RTE":"LAVAN","ref:FR:RTE_nom":"LAVANDOU (LE)","source":"data.gouv.fr:RTE - 04/2017","substation":"transmission","voltage":"63000","osm":"way/294662880"}},{"type":"Feature","geometry":{"type":"Point","coordinates":[6.51835,43.18286]},"properties":{"barrier":"wall","location":"outdoor","operator":"Enedis","operator:wikidata":"Q2178795","power":"substation","ref:FR:RTE":"CAVAL","ref:FR:RTE_nom":"CAVALAIRE","source":"data.gouv.fr:RTE - 04/2017","substation":"distribution","voltage":"63000","osm":"way/294662882"}},{"type":"Feature","geometry":{"type":"Point","coordinates":[6.13376,43.73774]},"properties":{"operator":"Électricité de France","operator:short":"EDF","operator:wikidata":"Q274591","power":"substation","ref:FR:RTE":"SSCRO","ref:FR:RTE_nom":"STE-CROIX-DU-VERDON","source":"data.gouv.fr:RTE - 04/2017","substation":"generation","voltage":"225000","osm":"way/299229744"}},{"type":"Feature","geometry":{"type":"Point","coordinates":[2.80167,42.73093]},"properties":{"barrier":"wall","frequency":"0","location":"outdoor","name":"Station de conversion de Baixas","name:ca":"Estació transformadora de Baixas","name:en":"Baixas Static Inverter Station","name:fr":"Station de conversion de Baixas","operator":"INELFE","power":"substation","substation":"converter","voltage":"400000;320000","osm":"way/312728271"}},{"type":"Feature","geometry":{"type":"Point","coordinates":[2.2126,43.95397]},"properties":{"barrier":"fence","operator":"EDF","power":"substation","ref:FR:RTE":"S.SAB","ref:FR:RTE_nom":"SAUT-DE-SABO","source":"data.gouv.fr:RTE - 04/2017","substation":"generation","voltage":"63000","osm":"way/318268122"}},{"type":"Feature","geometry":{"type":"Point","coordinates":[2.94652,42.22994]},"properties":{"barrier":"fence","fence_type":"metal","height":"3","location":"outdoor","name":"Estació transmissora de Santa Llogaia d'Àlguema","name:ca":"Estació transmissora de Santa Llogaia d'Àlguema","name:en":"Santa Llogaia Transmission Station","operator":"Red Eléctrica de España","operator:short":"REE","operator:wikidata":"Q1551220","operator:wikipedia":"es:Red Eléctrica de España","power":"substation","substation":"transmission","voltage":"400000","osm":"way/340399370"}},{"type":"Feature","geometry":{"type":"Point","coordinates":[9.21425,42.45587]},"properties":{"barrier":"wall","frequency":"50","location":"outdoor","name":"Poste électrique de Morosaglia","operator":"Électricité de France","operator:source":"opendata-corse.edf.fr: Postes sources 2021/10","operator:wikidata":"Q274591","power":"substation","ref:FR:EDF_SEI_nom":"MOROSAGLIA","substation":"distribution","voltage":"90000;20000","wikidata":"Q111287758","osm":"way/344043390"}},{"type":"Feature","geometry":{"type":"Point","coordinates":[8.94939,41.96169]},"properties":{"barrier":"fence","frequency":"50","location":"outdoor","name":"Poste électrique de Tolla","name:en":"Tolla Substation","name:fr":"Poste électrique de Tolla","operator":"Électricité de France","operator:wikidata":"Q274591","power":"substation","substation":"distribution","voltage":"90000;20000","osm":"way/344043398"}},{"type":"Feature","geometry":{"type":"Point","coordinates":[9.44423,42.70135]},"properties":{"barrier":"wall","frequency":"50","location":"outdoor","name":"Poste électrique de Bastia-Ville","name:en":"Bastia Substation","name:fr":"Poste électrique de Bastia","operator":"Électricité de France","operator:short":"EDF","operator:source":"opendata-corse.edf.fr: Postes sources 2021/10","operator:wikidata":"Q274591","power":"substation","ref:FR:EDF_SEI_nom":"BASTIA VILLE","substation":"distribution","voltage":"90000;20000","osm":"way/344043408"}},{"type":"Feature","geometry":{"type":"Point","coordinates":[6.25021,43.56124]},"properties":{"location":"outdoor","operator":"RTE","power":"substation","ref:FR:RTE":"SALER","ref:FR:RTE_nom":"SALERNES","source":"data.gouv.fr:RTE - 04/2017","transformer":"distribution","voltage":"63000","osm":"way/359140715"}},{"type":"Feature","geometry":{"type":"Point","coordinates":[2.79617,43.73025]},"properties":{"barrier":"fence","frequency":"50","location":"outdoor","name":"Poste électrique de Couffrau","operator":"RTE","operator:wikidata":"Q2178795","power":"substation","ref:FR:RTE":"COUFF","ref:FR:RTE_nom":"COUFFRAU","start_date":"2012","substation":"transmission","voltage":"225000;20000","osm":"way/378126683"}},{"type":"Feature","geometry":{"type":"Point","coordinates":[4.58661,43.82956]},"properties":{"barrier":"fence","operator":"RTE","operator:wikidata":"Q2178795","power":"substation","substation":"transition","voltage":"225000;63000","osm":"way/392507013"}},{"type":"Feature","geometry":{"type":"Point","coordinates":[6.02115,43.27489]},"properties":{"barrier":"fence","location":"outdoor","operator":"RTE","operator:wikidata":"Q2178795","power":"substation","ref:FR:RTE":"VERR5","ref:FR:RTE_nom":"VERRERIE (LA)","source":"data.gouv.fr:RTE - 04/2017","substation":"generation","voltage":"225000","osm":"way/393286724"}},{"type":"Feature","geometry":{"type":"Point","coordinates":[5.01944,43.82779]},"properties":{"barrier":"fence","location":"outdoor","name":"Sous-station SNCF Iscles","operator":"SNCF Réseau","operator:wikidata":"Q21605526","power":"substation","ref:FR:RTE":"ISCLE","ref:FR:RTE_nom":"ISCLES (LES)","ref:FR:SNCF_Reseau:GAIA":"144318dc-6668-11e3-8cff-01f464e0362d","source":"Bing","start_date":"2001-06-01","substation":"traction","voltage":"225000;25000","osm":"way/393286774"}},{"type":"Feature","geometry":{"type":"Point","coordinates":[5.77544,43.78905]},"properties":{"barrier":"fence","location":"outdoor","operator":"Électricité de France","operator:wikidata":"Q274591","power":"substation","substation":"generation","voltage":"225000","osm":"way/396386532"}},{"type":"Feature","geometry":{"type":"Point","coordinates":[5.0728,43.52828]},"properties":{"barrier":"fence","operator":"SNCF Réseau","power":"substation","ref:FR:RTE":"ROQUE","ref:FR:RTE_nom":"ROQUES (LES)","source":"data.gouv.fr:RTE - 04/2017","substation":"traction","voltage":"63000","osm":"way/396386548"}},{"type":"Feature","geometry":{"type":"Point","coordinates":[5.92416,43.92097]},"properties":{"barrier":"fence","location":"outdoor","name":"Poste électrique d'Oraison","operator":"RTE","power":"substation","ref:FR:RTE":"ORAIS","ref:FR:RTE_nom":"ORAISON","source":"data.gouv.fr:RTE - 04/2017","substation":"transmission","voltage":"225000","osm":"way/397885581"}},{"type":"Feature","geometry":{"type":"Point","coordinates":[8.78121,41.93282]},"properties":{"frequency":"50","location":"outdoor","name":"Poste électrique du Vazzio","operator":"Électricité de France","operator:short":"EDF","operator:wikidata":"Q274591","power":"substation","source":"EDF Corse - 2024-08","substation":"generation","voltage":"90000","osm":"way/399139778"}},{"type":"Feature","geometry":{"type":"Point","coordinates":[4.70976,44.4135]},"properties":{"barrier":"fence","location":"outdoor","operator":"SNCF Réseau","operator:wikidata":"Q21605526","owner":"SNCF Réseau","power":"substation","ref:FR:RTE":"REBOU","ref:FR:RTE_nom":"REBOUL","source":"data.gouv.fr:RTE - 04/2017","substation":"traction","voltage":"63000;1500","osm":"way/400678762"}},{"type":"Feature","geometry":{"type":"Point","coordinates":[3.98043,44.48113]},"properties":{"barrier":"fence","location":"outdoor","name":"Poste électrique de Planchamp","operator":"Enedis","operator:wikidata":"Q3587594","power":"substation","ref:FR:RTE":"PLANC","ref:FR:RTE_nom":"PLANCHAMP","substation":"distribution","voltage":"63000;20000","osm":"way/403385365"}},{"type":"Feature","geometry":{"type":"Point","coordinates":[3.96436,44.48589]},"properties":{"barrier":"fence","location":"outdoor","operator":"EDF","power":"substation","ref:FR:RTE":"BEYSS","ref:FR:RTE_nom":"BEYSSAC","source":"data.gouv.fr:RTE - 04/2017","substation":"generation","voltage":"63000","osm":"way/403385448"}},{"type":"Feature","geometry":{"type":"Point","coordinates":[4.03746,44.44743]},"properties":{"barrier":"fence","operator":"EDF","power":"substation","ref:FR:RTE":"LAFIG","ref:FR:RTE_nom":"LAFIGERE","source":"data.gouv.fr:RTE - 04/2017","substation":"generation","voltage":"225000","osm":"way/403385451"}},{"type":"Feature","geometry":{"type":"Point","coordinates":[9.05899,41.08901]},"properties":{"barrier":"wall","name":"Aglientu","operator":"Enel Distribuzione","power":"substation","ref:terna":"CCAGAGLC","substation":"distribution","voltage":"150000","osm":"way/405468338"}},{"type":"Feature","geometry":{"type":"Point","coordinates":[9.36887,41.16844]},"properties":{"name":"Palau 2","operator":"e-distribuzione S.p.A.","operator:wikidata":"Q3725215","power":"substation","ref:terna":"CCAGPA2C","substation":"distribution","voltage":"150000","osm":"way/405468341"}},{"type":"Feature","geometry":{"type":"Point","coordinates":[5.89191,43.13204]},"properties":{"barrier":"wall","location":"outdoor","name":"Escaillon","operator":"RTE","operator:wikidata":"Q2178795","power":"substation","ref":"ESCAI","ref:FR:RTE":"ESCAI","ref:FR:RTE_nom":"ESCAILLON (L )","source":"data.gouv.fr:RTE - 04/2017","substation":"transmission","voltage":"225000","osm":"way/405909509"}},{"type":"Feature","geometry":{"type":"Point","coordinates":[6.8087,43.42965]},"properties":{"barrier":"wall","fixme":"substation is operated by Enedis and powerlines suddenly by RTE? Is this correct?","location":"indoor","operator":"Enedis","power":"substation","ref:FR:RTE":"SSRAP","ref:FR:RTE_nom":"ST-RAPHAEL","substation":"distribution","voltage":"63000;20000","osm":"way/416438028"}},{"type":"Feature","geometry":{"type":"Point","coordinates":[6.95909,43.55284]},"properties":{"location":"indoor","name":"Poste électrique de Cannes La Bocca","operator":"Enedis","operator:wikidata":"Q3587594","power":"substation","ref:FR:RTE":"BOCCA","ref:FR:RTE_nom":"BOCCA (LA)","source":"data.gouv.fr:RTE - 04/2017","substation":"transmission","voltage":"225000;63000;20000","osm":"way/416438053"}},{"type":"Feature","geometry":{"type":"Point","coordinates":[6.73266,43.43745]},"properties":{"barrier":"fence","location":"indoor","name":"Poste électrique de Fréjus","operator":"RTE","power":"substation","ref:FR:RTE":"FREJU","ref:FR:RTE_nom":"FREJUS","source":"data.gouv.fr:RTE - 04/2017","substation":"transmission","voltage":"225000;63000;20000","osm":"way/416438054"}},{"type":"Feature","geometry":{"type":"Point","coordinates":[6.05092,43.69854]},"properties":{"barrier":"fence","operator":"EDF","power":"substation","ref:FR:RTE":"QUINS","ref:FR:RTE_nom":"QUINSON","source":"data.gouv.fr:RTE - 04/2017","substation":"generation","voltage":"225000","osm":"way/423730651"}},{"type":"Feature","geometry":{"type":"Point","coordinates":[4.08273,43.57047]},"properties":{"barrier":"fence","landuse":"industrial","name":"Poste électrique de La Grande Motte","operator":"Enedis","operator:wikidata":"Q3587594","power":"substation","ref:FR:RTE":"G.MO5","ref:FR:RTE_nom":"GRANDE-MOTTE","source":"data.gouv.fr:RTE - 2021-01","substation":"distribution","voltage":"63000","osm":"way/429871396"}},{"type":"Feature","geometry":{"type":"Point","coordinates":[5.59928,43.18567]},"properties":{"operator":"RTE","operator:wikidata":"Q2178795","power":"substation","ref:FR:RTE":"CIOTA","ref:FR:RTE_nom":"CIOTAT (LA)","source":"data.gouv.fr:RTE - 04/2017","voltage":"63000","osm":"way/437581468"}},{"type":"Feature","geometry":{"type":"Point","coordinates":[4.64365,43.82412]},"properties":{"barrier":"fence","location":"outdoor","operator":"CNR;RTE","power":"substation","ref:FR:RTE":"BXCAI","ref:FR:RTE_nom":"BEAUCAIRE","source":"data.gouv.fr:RTE - 04/2017","substation":"transmission","voltage":"225000","osm":"way/451475326"}},{"type":"Feature","geometry":{"type":"Point","coordinates":[6.71802,43.60845]},"properties":{"barrier":"fence","landuse":"industrial","name":"Poste RTE de Tourettes","operator":"RTE","operator:wikidata":"Q2178795","operator:wikipedia":"fr:RTE (entreprise)","power":"substation","ref:FR:RTE":"TOURR","ref:FR:RTE_nom":"TOURRETTES","source":"data.gouv.fr:RTE - 04/2017","voltage":"63000","osm":"way/452436501"}},{"type":"Feature","geometry":{"type":"Point","coordinates":[3.87223,43.56798]},"properties":{"barrier":"fence","name":"Sous-station SNCF de La Castelle","operator":"SNCF Réseau","operator:wikidata":"Q21605526","power":"substation","ref:FR:RTE":"CSLL8","ref:FR:RTE_nom":"CASTELLE (LA)","source":"data.gouv.fr:RTE - 04/2017","substation":"traction","voltage":"225000;25000","osm":"way/455245314"}},{"type":"Feature","geometry":{"type":"Point","coordinates":[7.20681,43.67654]},"properties":{"barrier":"fence","location":"indoor","name":"poste électrique de Digue des Français","operator":"Enedis","operator:wikidata":"Q3587594","power":"substation","ref:FR:RTE":"D.FRA","ref:FR:RTE_nom":"DIGUE-DES-FRANCAIS","substation":"distribution","voltage":"225000;20000","osm":"way/467599613"}},{"type":"Feature","geometry":{"type":"Point","coordinates":[7.13055,43.66118]},"properties":{"barrier":"fence","location":"indoor","name":"Poste électrique de Cagnes sur Mer","operator":"Enedis","power":"substation","ref:FR:RTE":"C.MER","ref:FR:RTE_nom":"CAGNES-SUR-MER","source":"data.gouv.fr:RTE - 04/2017","substation":"distribution","voltage":"225000;20000","osm":"way/467599626"}},{"type":"Feature","geometry":{"type":"Point","coordinates":[7.19189,43.68534]},"properties":{"barrier":"wall","operator":"RTE","power":"substation","substation":"transition","voltage":"225000","osm":"way/467599655"}},{"type":"Feature","geometry":{"type":"Point","coordinates":[7.25048,43.70181]},"properties":{"barrier":"fence","location":"outdoor","name":"Poste électrique de Tour Lascaris","operator":"Enedis","operator:wikidata":"Q3587594","power":"substation","ref:FR:RTE":"T.LAS","ref:FR:RTE_nom":"TOUR-LASCARIS","substation":"distribution","voltage":"225000;63000;20000","osm":"way/467599657"}},{"type":"Feature","geometry":{"type":"Point","coordinates":[7.24573,43.70402]},"properties":{"barrier":"fence","operator":"RTE","operator:wikidata":"Q2178795","power":"substation","substation":"transition","voltage":"225000;63000","osm":"way/467599659"}},{"type":"Feature","geometry":{"type":"Point","coordinates":[5.19887,43.37681]},"properties":{"barrier":"fence","frequency":"50","name":"Poste électrique de Laure","operator":"RTE","operator:wikidata":"Q2178795","power":"substation","ref:FR:RTE":"LAURE","ref:FR:RTE_nom":"LAURE","source":"data.gouv.fr:RTE - 04/2017","substation":"distribution","voltage":"63000;20000","osm":"way/490211219"}},{"type":"Feature","geometry":{"type":"Point","coordinates":[5.76628,43.14566]},"properties":{"operator":"RTE","power":"substation","ref:FR:RTE":"P.ARA","ref:FR:RTE_nom":"PONT-D ARAN","source":"data.gouv.fr:RTE - 04/2017","voltage":"63000","osm":"way/490373659"}},{"type":"Feature","geometry":{"type":"Point","coordinates":[4.9089,43.46125]},"properties":{"operator":"RTE","power":"substation","ref:FR:RTE":"MERIQ","ref:FR:RTE_nom":"MERIQUETTE","source":"data.gouv.fr:RTE - 04/2017","substation":"industrial","voltage":"63000","osm":"way/490373661"}},{"type":"Feature","geometry":{"type":"Point","coordinates":[4.91443,43.4621]},"properties":{"operator":"RTE","power":"substation","ref:FR:RTE":"FENOU","ref:FR:RTE_nom":"FENOUILLERE","source":"data.gouv.fr:RTE - 04/2017","voltage":"63000","osm":"way/490373662"}},{"type":"Feature","geometry":{"type":"Point","coordinates":[4.92865,43.45003]},"properties":{"operator":"RTE","power":"substation","ref:FR:RTE":"VALI5","ref:FR:RTE_nom":"VALIN","source":"data.gouv.fr:RTE - 04/2017","substation":"industrial","voltage":"63000","osm":"way/490373664"}},{"type":"Feature","geometry":{"type":"Point","coordinates":[4.92633,43.44934]},"properties":{"operator":"RTE","power":"substation","ref:FR:RTE":"JONCS","ref:FR:RTE_nom":"JONCS","source":"data.gouv.fr:RTE - 04/2017","voltage":"63000","osm":"way/490373665"}},{"type":"Feature","geometry":{"type":"Point","coordinates":[4.95608,43.481]},"properties":{"operator":"RTE","operator:wikidata":"Q2178795","power":"substation","ref:FR:RTE":"LAVA5","ref:FR:RTE_nom":"LAVALDUC","source":"data.gouv.fr:RTE - 04/2017","voltage":"63000","osm":"way/490373667"}},{"type":"Feature","geometry":{"type":"Point","coordinates":[4.99725,43.5696]},"properties":{"barrier":"fence","operator":"RTE","operator:wikidata":"Q2178795","power":"substation","ref:FR:RTE":"SULAU","ref:FR:RTE_nom":"SULAUZE","source":"data.gouv.fr:RTE - 04/2017","substation":"generation","voltage":"63000","osm":"way/490373669"}},{"type":"Feature","geometry":{"type":"Point","coordinates":[4.91983,43.5947]},"properties":{"operator":"RTE","operator:wikidata":"Q2178795","operator:wikipedia":"fr:RTE (entreprise)","power":"substation","ref:FR:RTE":"M.POI","ref:FR:RTE_nom":"MAS-POINTU","source":"data.gouv.fr:RTE - 04/2017","voltage":"63000","osm":"way/490373672"}},{"type":"Feature","geometry":{"type":"Point","coordinates":[5.0142,43.57889]},"properties":{"operator":"RTE","operator:wikidata":"Q2178795","operator:wikipedia":"fr:RTE (entreprise)","power":"substation","ref:FR:RTE":"MIRAM","ref:FR:RTE_nom":"MIRAMAS","source":"data.gouv.fr:RTE - 04/2017","voltage":"63000","osm":"way/490392950"}},{"type":"Feature","geometry":{"type":"Point","coordinates":[5.33984,43.35493]},"properties":{"barrier":"wall","name":"Poste électrique de Saumaty","operator":"RTE","operator:wikidata":"Q2178795","power":"substation","ref:FR:RTE":"SAUM6","ref:FR:RTE_nom":"SAUMATY","source":"data.gouv.fr:RTE - 04/2017","substation":"transmission","voltage":"225000","osm":"way/490392953"}},{"type":"Feature","geometry":{"type":"Point","coordinates":[5.24272,43.44449]},"properties":{"barrier":"wall","frequency":"50","name":"Poste électrique de Vitrolles","operator":"RTE","operator:wikidata":"Q2178795","power":"substation","ref:FR:RTE":"VITRO","ref:FR:RTE_nom":"VITROLLES","source":"data.gouv.fr:RTE - 04/2017","substation":"distribution","voltage":"63000;20000","osm":"way/490392956"}},{"type":"Feature","geometry":{"type":"Point","coordinates":[5.32515,43.36385]},"properties":{"barrier":"fence","frequency":"50","name":"Sous-station SNCF de L'Estaque","operator":"SNCF Réseau","operator:wikidata":"Q21605526","power":"substation","ref:FR:RTE":"ESTAQ","ref:FR:RTE_nom":"ESTAQUE (L)","source":"data.gouv.fr:RTE - 04/2017","substation":"traction","voltage":"63000;1500","osm":"way/490392958"}},{"type":"Feature","geometry":{"type":"Point","coordinates":[4.19792,43.56596]},"properties":{"name":"Poste électrique d'Aigues-mortes","operator":"RTE","operator:wikidata":"Q2178795","power":"substation","ref:FR:RTE":"A.MOR","ref:FR:RTE_nom":"AIGUES-MORTES","source":"data.gouv.fr:RTE - 04/2017","voltage":"63000","osm":"way/490397067"}},{"type":"Feature","geometry":{"type":"Point","coordinates":[5.00986,43.39129]},"properties":{"operator":"RTE","operator:wikidata":"Q2178795","power":"substation","ref:FR:RTE":"CARON","ref:FR:RTE_nom":"CARONTE","substation":"yes","voltage":"63000","osm":"way/490429894"}},{"type":"Feature","geometry":{"type":"Point","coordinates":[5.01515,43.38366]},"properties":{"operator":"RTE","power":"substation","ref:FR:RTE":"LAURO","ref:FR:RTE_nom":"LAURONS","source":"data.gouv.fr:RTE - 04/2017","voltage":"63000","osm":"way/490429898"}},{"type":"Feature","geometry":{"type":"Point","coordinates":[5.01358,43.38554]},"properties":{"operator":"RTE","operator:wikidata":"Q2178795","power":"substation","ref:FR:RTE":"LAURO","ref:FR:RTE_nom":"LAURONS","source":"data.gouv.fr:RTE - 04/2017","voltage":"63000","osm":"way/490429899"}},{"type":"Feature","geometry":{"type":"Point","coordinates":[5.04737,43.40972]},"properties":{"operator":"RTE","operator:wikidata":"Q2178795","power":"substation","ref:FR:RTE":"MRGUE","ref:FR:RTE_nom":"MARTIGUES","source":"data.gouv.fr:RTE - 04/2017","voltage":"63000","osm":"way/490429902"}},{"type":"Feature","geometry":{"type":"Point","coordinates":[4.85044,43.45745]},"properties":{"barrier":"fence","operator":"RTE","operator:wikidata":"Q2178795","power":"substation","ref:FR:RTE":"ROCAD","ref:FR:RTE_nom":"ROCADE","source":"data.gouv.fr:RTE - 04/2017","substation":"industrial","voltage":"225000","osm":"way/490429908"}},{"type":"Feature","geometry":{"type":"Point","coordinates":[4.85058,43.42911]},"properties":{"operator":"SNCF Réseau","power":"substation","ref:FR:RTE":"GALEJ","ref:FR:RTE_nom":"GALEJON","source":"data.gouv.fr:RTE - 04/2017","substation":"traction","voltage":"63000","osm":"way/490429910"}},{"type":"Feature","geometry":{"type":"Point","coordinates":[4.60918,43.67398]},"properties":{"operator":"RTE","operator:wikidata":"Q2178795","operator:wikipedia":"fr:RTE (entreprise)","power":"substation","ref:FR:RTE":"P.ETI","ref:FR:RTE_nom":"PAPETERIES-ETIENNE","source":"data.gouv.fr:RTE - 04/2017","voltage":"63000","osm":"way/490429917"}},{"type":"Feature","geometry":{"type":"Point","coordinates":[4.60241,43.67552]},"properties":{"barrier":"fence","operator":"RTE","operator:wikidata":"Q2178795","operator:wikipedia":"fr:RTE (entreprise)","power":"substation","ref:FR:RTE":"TRINQ","ref:FR:RTE_nom":"TRINQUETAILLE","source":"data.gouv.fr:RTE - 04/2017","substation":"transmission","voltage":"63000","osm":"way/490429918"}},{"type":"Feature","geometry":{"type":"Point","coordinates":[2.08551,42.75137]},"properties":{"barrier":"fence","operator":"RTE","operator:wikidata":"Q2178795","power":"substation","ref:FR:RTE":"USSON","ref:FR:RTE_nom":"USSON","source":"data.gouv.fr:RTE - 04/2017","substation":"transmission","voltage":"63000","osm":"way/490655618"}},{"type":"Feature","geometry":{"type":"Point","coordinates":[4.93347,44.45496]},"properties":{"barrier":"fence","operator":"RTE","operator:wikidata":"Q2178795","power":"substation","ref:FR:RTE":"SALLE","ref:FR:RTE_nom":"SALLES(-SOUS-BOIS)","source":"data.gouv.fr:RTE - 04/2017","voltage":"63000","osm":"way/491870048"}},{"type":"Feature","geometry":{"type":"Point","coordinates":[5.80647,43.25415]},"properties":{"operator":"RTE","operator:wikidata":"Q2178795","operator:wikipedia":"fr:RTE (entreprise)","power":"substation","ref:FR:RTE":"SIGNE","ref:FR:RTE_nom":"SIGNES","source":"data.gouv.fr:RTE - 04/2017","voltage":"63000","osm":"way/513352801"}},{"type":"Feature","geometry":{"type":"Point","coordinates":[5.59464,43.21283]},"properties":{"barrier":"fence","operator":"RTE","operator:wikidata":"Q2178795","power":"substation","ref:FR:RTE":"ATHEL","ref:FR:RTE_nom":"ATHELIA","source":"data.gouv.fr:RTE - 2022-07","substation":"distribution","voltage":"63000","osm":"way/513352802"}},{"type":"Feature","geometry":{"type":"Point","coordinates":[5.70983,43.19691]},"properties":{"operator":"RTE","power":"substation","ref:FR:RTE":"SSCYR","ref:FR:RTE_nom":"SAINT-CYR SUR MER","source":"data.gouv.fr:RTE - 04/2017","voltage":"63000","osm":"way/513352803"}},{"type":"Feature","geometry":{"type":"Point","coordinates":[5.84551,43.11331]},"properties":{"operator":"RTE","power":"substation","ref:FR:RTE":"S.FOU","ref:FR:RTE_nom":"SIX-FOURS","source":"data.gouv.fr:RTE - 04/2017","voltage":"63000","osm":"way/513352806"}},{"type":"Feature","geometry":{"type":"Point","coordinates":[3.69487,43.41314]},"properties":{"barrier":"fence","name":"Poste électrique de Séte","operator":"RTE","operator:wikidata":"Q2178795","operator:wikipedia":"fr:RTE (entreprise)","power":"substation","ref:FR:RTE":"SETE","ref:FR:RTE_nom":"SETE","source":"data.gouv.fr:RTE - 04/2017","substation":"distribution","voltage":"63000","osm":"way/514574396"}},{"type":"Feature","geometry":{"type":"Point","coordinates":[3.69354,43.413]},"properties":{"operator":"RTE","operator:wikidata":"Q2178795","power":"substation","ref:FR:RTE":"SETE5","ref:FR:RTE_nom":"SETE","source":"data.gouv.fr:RTE - 04/2017","substation":"traction","voltage":"63000","osm":"way/514574397"}},{"type":"Feature","geometry":{"type":"Point","coordinates":[3.75957,43.53391]},"properties":{"barrier":"fence","name":"Poste électrique de Gardiole","operator":"RTE","operator:wikidata":"Q2178795","power":"substation","ref:FR:RTE":"GARDI","ref:FR:RTE_nom":"GARDIOLE (COURNONTERRAL)","source":"data.gouv.fr:RTE - 04/2017","substation":"distribution","voltage":"63000","osm":"way/514574398"}},{"type":"Feature","geometry":{"type":"Point","coordinates":[3.86506,43.60874]},"properties":{"frequency":"50","name":"Poste électrique du Peyrou","operator":"Enedis","operator:wikidata":"Q3587594","power":"substation","ref:FR:RTE":"PEYRO","ref:FR:RTE_nom":"PEYROU","source":"data.gouv.fr:RTE - 04/2017","substation":"distribution","voltage":"225000;20000","osm":"way/514597856"}},{"type":"Feature","geometry":{"type":"Point","coordinates":[7.39756,44.06867]},"properties":{"operator":"RTE","operator:wikidata":"Q2178795","operator:wikipedia":"fr:RTE (entreprise)","power":"substation","ref:FR:RTE":"BELVE","ref:FR:RTE_nom":"BELVEDERE","source":"data.gouv.fr:RTE - 04/2017","substation":"generation","voltage":"63000","osm":"way/523249872"}},{"type":"Feature","geometry":{"type":"Point","coordinates":[7.2812,44.04366]},"properties":{"barrier":"fence","operator":"RTE","power":"substation","ref:FR:RTE":"CHAT8","ref:FR:RTE_nom":"CHATAIGNIERS (LES)","source":"data.gouv.fr:RTE - 04/2017","voltage":"150000","osm":"way/523257398"}},{"type":"Feature","geometry":{"type":"Point","coordinates":[5.43165,43.33776]},"properties":{"barrier":"wall","frequency":"50","name":"Poste électrique de Château-Gombert","operator":"Enedis","operator:wikidata":"Q3587594","power":"substation","ref:FR:RTE":"C.GOM","ref:FR:RTE_nom":"CHATEAU-GOMBERT","start_date":"2018-06","substation":"distribution","voltage":"225000;20000","osm":"way/530490670"}},{"type":"Feature","geometry":{"type":"Point","coordinates":[5.34978,43.38186]},"properties":{"addr:housenumber":"30","addr:street":"Vieille Route de la Gavotte","frequency":"50","name":"Poste électrique de la Gavotte","old_name":"Électricité Réseau Distribution France","operator":"Enedis","operator:wikidata":"Q3587594","power":"substation","ref:FR:RTE":"GAVOT","ref:FR:RTE_nom":"GAVOTTE (LA)","source":"data.gouv.fr:RTE - 2022-02","substation":"distribution","voltage":"63000;20000","osm":"way/545702048"}},{"type":"Feature","geometry":{"type":"Point","coordinates":[4.71502,44.33294]},"properties":{"barrier":"fence","frequency":"50","location":"outdoor","name":"Poste électrique Lagafière","operator":"RTE","operator:wikidata":"Q2178795","power":"substation","ref:FR:RTE":"LAGAF","ref:FR:RTE_nom":"LAGAFIERE","source":"data.gouv.fr:RTE - 04/2017","substation":"industrial","voltage":"225000","osm":"way/545872193"}},{"type":"Feature","geometry":{"type":"Point","coordinates":[4.71674,44.34341]},"properties":{"barrier":"fence","frequency":"50","location":"outdoor","name":"Poste électrique de Pierrelatte","operator":"RTE","operator:wikidata":"Q2178795","power":"substation","ref:FR:RTE":"PRRLA","ref:FR:RTE_nom":"PIERRELATTE (COGEMA A PIERRELATTE) (225KV)","substation":"industrial","voltage":"225000","osm":"way/545872196"}},{"type":"Feature","geometry":{"type":"Point","coordinates":[5.36666,43.32186]},"properties":{"barrier":"wall","name":"Poste électrique d'Arenc","name:oc":"ARENH","operator":"RTE","operator:wikidata":"Q2178795","power":"substation","ref:FR:RTE":"ARENC","ref:FR:RTE_nom":"ARENC","source":"data.gouv.fr:RTE - 04/2017","source:name:oc":"ieo-bdtopoc","substation":"transmission","voltage":"225000","osm":"way/549010403"}},{"type":"Feature","geometry":{"type":"Point","coordinates":[2.56745,43.87427]},"properties":{"barrier":"fence","location":"outdoor","name":"Poste source de Miolles","operator":"Enedis","power":"substation","ref:FR:RTE":"MIOLL","ref:FR:RTE_nom":"MIOLLES","source":"data.gouv.fr:RTE - 12/2017","start_date":"2017","substation":"distribution","voltage":"225000;20000","osm":"way/549628003"}},{"type":"Feature","geometry":{"type":"Point","coordinates":[3.00318,42.78816]},"properties":{"barrier":"fence","frequency":"50","location":"indoor","name":"Poste électrique Salanques","operator":"RTE","power":"substation","ref:FR:RTE":"SALAN","ref:FR:RTE_nom":"SALANQUES","substation":"distribution","voltage":"63000","osm":"way/552353023"}},{"type":"Feature","geometry":{"type":"Point","coordinates":[2.94044,43.57032]},"properties":{"barrier":"fence","frequency":"50","location":"outdoor","name":"Poste électrique de Montahut","operator":"RTE","operator:wikidata":"Q2178795","power":"substation","ref:FR:RTE":"MTAHU","ref:FR:RTE_nom":"MONTAHUT","substation":"distribution","voltage":"225000;20000","osm":"way/552467306"}},{"type":"Feature","geometry":{"type":"Point","coordinates":[4.73968,43.82988]},"properties":{"barrier":"fence;wall","location":"outdoor","operator":"RTE","operator:wikidata":"Q2178795","power":"substation","ref:FR:RTE":"MTAG5","ref:FR:RTE_nom":"MONTAGNETTE (LA)","start_date":"2017-11","substation":"transmission","voltage":"225000","osm":"way/553127674"}},{"type":"Feature","geometry":{"type":"Point","coordinates":[6.04202,44.40233]},"properties":{"barrier":"fence","name":"Poste électrique de Blaux","operator":"RTE","operator:wikidata":"Q2178795","power":"substation","ref:FR:RTE":"BLAUX","ref:FR:RTE_nom":"BLAUX","source":"data.gouv.fr:RTE - 04/2017","substation":"generation","voltage":"225000","osm":"way/558437000"}},{"type":"Feature","geometry":{"type":"Point","coordinates":[4.86643,43.9852]},"properties":{"name":"Sous-station de Sorgues","operator":"SNCF Réseau","power":"substation","ref:FR:RTE":"PTET","ref:FR:RTE_nom":"LE PONTET","source":"data.gouv.fr:RTE - 04/2017","substation":"traction","voltage":"63000","osm":"way/589672370"}},{"type":"Feature","geometry":{"type":"Point","coordinates":[6.94941,44.23666]},"properties":{"barrier":"fence","operator":"Enedis","operator:wikidata":"Q3587594","power":"substation","ref:FR:RTE":"SSTIN","ref:FR:RTE_nom":"ST-ETIENNE-DE-TINEE","source":"data.gouv.fr:RTE - 04/2017","substation":"distribution","voltage":"63000","osm":"way/590596952"}},{"type":"Feature","geometry":{"type":"Point","coordinates":[6.74941,44.46212]},"properties":{"barrier":"fence","name":"Poste électrique de Condaminé - Chatelard","operator":"Enedis","operator:wikidata":"Q3587594","power":"substation","ref:FR:RTE":"C.CH5","ref:FR:RTE_nom":"CONDAMINE-CHATELARD","source":"data.gouv.fr:RTE - 04/2017","substation":"distribution","voltage":"63000","osm":"way/590596953"}},{"type":"Feature","geometry":{"type":"Point","coordinates":[3.55825,43.85624]},"properties":{"building":"industrial","name":"Poste électrique de Madières","operator":"Enedis","operator:wikidata":"Q3587594","power":"substation","ref:FR:RTE":"MADIE","ref:FR:RTE_nom":"MADIERES","source":"data.gouv.fr:RTE - 04/2017","substation":"generation","voltage":"63000","osm":"way/590596954"}},{"type":"Feature","geometry":{"type":"Point","coordinates":[5.97898,44.13741]},"properties":{"barrier":"fence","location":"outdoor","operator":"EDF","power":"substation","ref:FR:RTE":"SALIG","ref:FR:RTE_nom":"SALIGNAC","source":"data.gouv.fr:RTE - 04/2017","substation":"generation","voltage":"225000","osm":"way/590596957"}},{"type":"Feature","geometry":{"type":"Point","coordinates":[5.35639,43.71153]},"properties":{"barrier":"fence","location":"outdoor","operator":"Enedis","operator:wikidata":"Q3587594","power":"substation","ref:FR:RTE":"GONTA","ref:FR:RTE_nom":"GONTARD","source":"data.gouv.fr:RTE - 04/2017","substation":"distribution","voltage":"63000","osm":"way/590596958"}},{"type":"Feature","geometry":{"type":"Point","coordinates":[4.24707,43.72673]},"properties":{"operator":"RTE","operator:wikidata":"Q2178795","power":"substation","ref:FR:RTE":"BOUI5","ref:FR:RTE_nom":"BOUILLENS","source":"data.gouv.fr:RTE - 04/2017","substation":"industrial","voltage":"63000","osm":"way/590596960"}},{"type":"Feature","geometry":{"type":"Point","coordinates":[4.82425,43.95211]},"properties":{"operator":"RTE","operator:wikidata":"Q2178795","power":"substation","ref:FR:RTE":"SSVER","ref:FR:RTE_nom":"ST-VERAN","source":"data.gouv.fr:RTE - 04/2017","voltage":"63000","osm":"way/590596968"}},{"type":"Feature","geometry":{"type":"Point","coordinates":[4.61887,43.80427]},"properties":{"operator":"RTE","operator:wikidata":"Q2178795","power":"substation","ref:FR:RTE":"C.FRA","ref:FR:RTE_nom":"CIMENTS-FRANCAIS","source":"data.gouv.fr:RTE - 04/2017","substation":"industrial","voltage":"63000","osm":"way/590596969"}},{"type":"Feature","geometry":{"type":"Point","coordinates":[4.8199,43.7953]},"properties":{"operator":"RTE","power":"substation","ref:FR:RTE":"SSPRO","ref:FR:RTE_nom":"ST REMY DE PROVENCE","source":"data.gouv.fr:RTE - 04/2017","voltage":"63000","osm":"way/590596970"}},{"type":"Feature","geometry":{"type":"Point","coordinates":[4.52863,43.89637]},"properties":{"barrier":"fence","operator":"RTE","power":"substation","ref:FR:RTE":"LEDEN","ref:FR:RTE_nom":"LEDENON","source":"data.gouv.fr:RTE - 04/2017","voltage":"63000","osm":"way/590596971"}},{"type":"Feature","geometry":{"type":"Point","coordinates":[4.37502,43.84188]},"properties":{"barrier":"fence","frequency":"50","location":"outdoor","name":"Sous-station SNCF de Courbessac","operator":"SNCF Réseau","operator:wikidata":"Q21605526","power":"substation","ref:FR:RTE":"CZBES","ref:FR:RTE_nom":"COURBESSAC","source":"data.gouv.fr:RTE - 04/2017","substation":"traction","voltage":"63000;1500","osm":"way/590596972"}},{"type":"Feature","geometry":{"type":"Point","coordinates":[4.37182,43.836]},"properties":{"barrier":"fence","frequency":"50","location":"outdoor","name":"Poste électrique de Nîmes-Talabot","operator":"RTE","operator:wikidata":"Q2178795","power":"substation","ref:FR:RTE":"NIMES","ref:FR:RTE_nom":"NIMES (-TALABOT)","substation":"transmission","voltage":"63000;20000","osm":"way/590596973"}},{"type":"Feature","geometry":{"type":"Point","coordinates":[4.70497,44.13706]},"properties":{"name":"Poste électrique de Codolet","operator":"RTE","operator:wikidata":"Q2178795","power":"substation","ref:FR:RTE":"CODOL","ref:FR:RTE_nom":"CODOLET","source":"data.gouv.fr:RTE - 04/2017","substation":"industrial","voltage":"63000","osm":"way/590596975"}},{"type":"Feature","geometry":{"type":"Point","coordinates":[4.70562,44.1469]},"properties":{"frequency":"50","name":"Poste électrique de Marcoule","operator":"RTE","operator:wikidata":"Q2178795","power":"substation","ref:FR:RTE":"MARCO","ref:FR:RTE_nom":"MARCOULE","source":"data.gouv.fr:RTE - 04/2017","substation":"industrial","voltage":"63000","osm":"way/590596976"}},{"type":"Feature","geometry":{"type":"Point","coordinates":[6.44425,43.53987]},"properties":{"operator":"RTE","operator:wikidata":"Q2178795","operator:wikipedia":"fr:RTE (entreprise)","power":"substation","ref:FR:RTE":"DRAGU","ref:FR:RTE_nom":"DRAGUIGNAN","source":"data.gouv.fr:RTE - 04/2017","voltage":"63000","osm":"way/590866679"}},{"type":"Feature","geometry":{"type":"Point","coordinates":[6.19894,43.44408]},"properties":{"barrier":"fence","operator":"RTE","power":"substation","ref:FR:RTE":"CABAS","ref:FR:RTE_nom":"CABASSE","source":"data.gouv.fr:RTE - 04/2017","voltage":"63000","osm":"way/590866680"}},{"type":"Feature","geometry":{"type":"Point","coordinates":[6.16074,43.39065]},"properties":{"barrier":"fence","operator":"Idex","power":"substation","ref:FR:RTE":"GUER8","ref:FR:RTE_nom":"GUERACHE (LA)","source":"data.gouv.fr:RTE - 04/2017","substation":"generation","voltage":"225000","osm":"way/590866681"}},{"type":"Feature","geometry":{"type":"Point","coordinates":[5.89185,43.12868]},"properties":{"barrier":"fence","name":"Sous-station de la Marquisanne","operator":"SNCF Réseau","operator:wikidata":"Q21605526","power":"substation","ref":"MQUISA","ref:FR:RTE":"MQISA","ref:FR:RTE_nom":"MARQUISANE (LA)","source":"data.gouv.fr:RTE - 04/2017","substation":"traction","voltage":"63000","osm":"way/590866682"}},{"type":"Feature","geometry":{"type":"Point","coordinates":[5.93994,43.1147]},"properties":{"operator":"RTE","operator:wikidata":"Q2178795","power":"substation","ref:FR:RTE":"RODE","ref:FR:RTE_nom":"LA RODE","source":"data.gouv.fr:RTE - 04/2017","voltage":"63000","osm":"way/590866683"}},{"type":"Feature","geometry":{"type":"Point","coordinates":[6.08931,43.10714]},"properties":{"operator":"RTE","power":"substation","ref:FR:RTE":"CARQU","ref:FR:RTE_nom":"CARQUEIRANNE","source":"data.gouv.fr:RTE - 04/2017","voltage":"63000","osm":"way/590866684"}},{"type":"Feature","geometry":{"type":"Point","coordinates":[6.17584,43.29542]},"properties":{"barrier":"fence","location":"outdoor","name":"Sous-station de Suives","operator":"SNCF Réseau","power":"substation","ref:FR:RTE":"SUIVE","ref:FR:RTE_nom":"SUIVES","source":"data.gouv.fr:RTE - 04/2017","substation":"traction","voltage":"63000","osm":"way/590866685"}},{"type":"Feature","geometry":{"type":"Point","coordinates":[5.39729,43.27729]},"properties":{"barrier":"wall","frequency":"50","name":"Poste électrique de Rabatau","operator":"RTE","operator:wikidata":"Q2178795","power":"substation","ref:FR:RTE":"RABAT","ref:FR:RTE_nom":"RABATAU","source":"data.gouv.fr:RTE - 04/2017","substation":"transmission","voltage":"225000;63000","osm":"way/590866686"}},{"type":"Feature","geometry":{"type":"Point","coordinates":[5.46304,43.45165]},"properties":{"barrier":"fence","frequency":"50","name":"Poste électrique de Gardanne (Aluminium Péchiney)","operator":"RTE","operator:wikidata":"Q2178795","operator:wikipedia":"fr:RTE (entreprise)","power":"substation","ref:FR:RTE":"GARD6","ref:FR:RTE_nom":"GARDANNE (ALUMINIUM PECHINEY)","source":"data.gouv.fr:RTE - 2022-01","substation":"industrial","voltage":"63000","osm":"way/590866687"}},{"type":"Feature","geometry":{"type":"Point","coordinates":[5.17317,43.50521]},"properties":{"barrier":"fence","name":"Sous-station SNCF de l'Étang","operator":"SNCF Réseau","operator:wikidata":"Q21605526","operator:wikipedia":"fr:RTE (entreprise)","power":"substation","ref:FR:RTE":"ETANG","ref:FR:RTE_nom":"ETANG (L)(CLIENT)","source":"data.gouv.fr:RTE - 2022-02","substation":"traction","voltage":"63000;1500","osm":"way/590866688"}},{"type":"Feature","geometry":{"type":"Point","coordinates":[5.1201,43.39386]},"properties":{"barrier":"fence","frequency":"50","name":"Poste électrique de La Mède","operator":"RTE","operator:wikidata":"Q2178795","power":"substation","ref:FR:RTE":"MEDE","ref:FR:RTE_nom":"LA MEDE (EDF-CRD)","source":"data.gouv.fr:RTE - 04/2017","substation":"distribution","voltage":"63000;20000","osm":"way/590866689"}},{"type":"Feature","geometry":{"type":"Point","coordinates":[4.84753,43.42641]},"properties":{"operator:type":"private","power":"substation","ref:FR:RTE":"GLORI","ref:FR:RTE_nom":"GLORIA","source":"data.gouv.fr:RTE - 04/2017","substation":"industrial","voltage":"63000","osm":"way/590866690"}},{"type":"Feature","geometry":{"type":"Point","coordinates":[4.84769,43.42662]},"properties":{"operator:type":"private","power":"substation","ref:FR:RTE":"MOLE5","ref:FR:RTE_nom":"MOLE","source":"data.gouv.fr:RTE - 04/2017","substation":"industrial","voltage":"63000","osm":"way/590866691"}},{"type":"Feature","geometry":{"type":"Point","coordinates":[5.75289,43.7349]},"properties":{"barrier":"fence","frequency":"50","location":"outdoor","name":"Poste électrique de Beaumont","operator":"Électricité de France","operator:short":"EDF","operator:wikidata":"Q274591","power":"substation","ref:FR:RTE":"BXMON","ref:FR:RTE_nom":"BEAUMONT (BEAUMONT-DE-PERTUIS)","substation":"generation","voltage":"225000","osm":"way/595230799"}},{"type":"Feature","geometry":{"type":"Point","coordinates":[2.3183,43.20358]},"properties":{"operator":"RTE","operator:wikidata":"Q2178795","power":"substation","ref:FR:RTE":"VIGUI","ref:FR:RTE_nom":"VIGUIER","source":"data.gouv.fr:RTE - 12/2017","voltage":"63000","osm":"way/601389203"}},{"type":"Feature","geometry":{"type":"Point","coordinates":[2.12724,43.24218]},"properties":{"operator":"RTE","power":"substation","ref:FR:RTE":"BRAM","ref:FR:RTE_nom":"BRAM","source":"data.gouv.fr:RTE - 12/2017","substation":"traction","voltage":"63000","osm":"way/601389206"}},{"type":"Feature","geometry":{"type":"Point","coordinates":[2.7186,43.21212]},"properties":{"name":"Poste électrique d'Escales Conilhac","operator":"RTE","operator:wikidata":"Q2178795","power":"substation","ref:FR:RTE":"E.CON","ref:FR:RTE_nom":"ESCALES CONILHAC","source":"data.gouv.fr:RTE - 12/2017","substation":"yes","voltage":"63000","osm":"way/601390142"}},{"type":"Feature","geometry":{"type":"Point","coordinates":[2.5495,43.18689]},"properties":{"operator":"SNCF Réseau","operator:wikidata":"Q2178795","power":"substation","ref:FR:RTE":"CAPEN","ref:FR:RTE_nom":"CAPENDU","source":"data.gouv.fr:RTE - 12/2017","substation":"traction","voltage":"63000","osm":"way/601390143"}},{"type":"Feature","geometry":{"type":"Point","coordinates":[2.85916,42.55087]},"properties":{"barrier":"fence","frequency":"50","name":"Sous-station SNCF du Boulou","operator":"SNCF Réseau","operator:wikidata":"Q21605526","power":"substation","ref:FR:RTE":"BOULO","ref:FR:RTE_nom":"BOULOU","source":"data.gouv.fr:RTE - 12/2017","substation":"traction","voltage":"63000;1500","osm":"way/601390928"}},{"type":"Feature","geometry":{"type":"Point","coordinates":[2.5897,42.65412]},"properties":{"operator":"SNCF Réseau","operator:wikidata":"Q2178795","power":"substation","ref:FR:RTE":"BOUL5","ref:FR:RTE_nom":"BOULETERNERE","source":"data.gouv.fr:RTE - 12/2017","substation":"traction","voltage":"63000","osm":"way/601390931"}},{"type":"Feature","geometry":{"type":"Point","coordinates":[2.89696,42.73483]},"properties":{"barrier":"fence","operator":"Enedis","power":"substation","ref:FR:RTE":"H.VER","ref:FR:RTE_nom":"HAUT-VERNET (LE)","source":"data.gouv.fr:RTE - 12/2017","substation":"distribution","voltage":"63000","osm":"way/601390934"}},{"type":"Feature","geometry":{"type":"Point","coordinates":[2.77432,42.73218]},"properties":{"barrier":"fence","name":"Poste électrique de Calce","operator":"RTE","operator:wikidata":"Q2178795","power":"substation","ref:FR:RTE":"CALCE","ref:FR:RTE_nom":"CALCE","source":"data.gouv.fr:RTE - 12/2017","substation":"industrial","voltage":"63000","osm":"way/601390936"}},{"type":"Feature","geometry":{"type":"Point","coordinates":[2.69542,42.79634]},"properties":{"barrier":"fence","operator":"Enedis","power":"substation","ref:FR:RTE":"TAUTA","ref:FR:RTE_nom":"TAUTAVEL","source":"data.gouv.fr:RTE - 12/2017","substation":"distribution","voltage":"63000","osm":"way/601390938"}},{"type":"Feature","geometry":{"type":"Point","coordinates":[2.89451,42.7927]},"properties":{"operator":"SNCF Réseau","power":"substation","ref:FR:RTE":"PANIS","ref:FR:RTE_nom":"PANISSO","source":"data.gouv.fr:RTE - 12/2017","substation":"traction","voltage":"63000","osm":"way/601390941"}},{"type":"Feature","geometry":{"type":"Point","coordinates":[2.99864,42.89646]},"properties":{"operator":"SNCF Réseau","operator:wikidata":"Q21605526","power":"substation","ref:FR:RTE":"CABA5","ref:FR:RTE_nom":"CABANES","ref:FR:SNCF_Reseau:GAIA":"1442b5de-6668-11e3-8cff-01f464e0362d","source":"data.gouv.fr:RTE - 12/2017","substation":"traction","voltage":"63000","osm":"way/601390942"}},{"type":"Feature","geometry":{"type":"Point","coordinates":[2.9986,42.89583]},"properties":{"operator":"SNCF Réseau","power":"substation","ref:FR:RTE":"FITOU","ref:FR:RTE_nom":"FITOU (CLIENT)","source":"data.gouv.fr:RTE - 12/2018","substation":"traction","voltage":"63000","osm":"way/601390944"}},{"type":"Feature","geometry":{"type":"Point","coordinates":[2.26118,43.54665]},"properties":{"operator":"RTE","power":"substation","ref:FR:RTE":"LABRU","ref:FR:RTE_nom":"LABRUGUIERE","source":"data.gouv.fr:RTE - 12/2017","voltage":"63000","osm":"way/601393874"}},{"type":"Feature","geometry":{"type":"Point","coordinates":[2.36385,43.51204]},"properties":{"operator":"RTE","power":"substation","ref:FR:RTE":"MAZAM","ref:FR:RTE_nom":"MAZAMET","source":"data.gouv.fr:RTE - 12/2017","substation":"transmission","voltage":"63000","osm":"way/601393875"}},{"type":"Feature","geometry":{"type":"Point","coordinates":[2.42077,43.50804]},"properties":{"operator":"RTE","power":"substation","ref:FR:RTE":"BAOUS","ref:FR:RTE_nom":"BAOUS","source":"data.gouv.fr:RTE - 12/2017","voltage":"63000","osm":"way/601393876"}},{"type":"Feature","geometry":{"type":"Point","coordinates":[2.4569,43.51897]},"properties":{"operator":"RTE","power":"substation","ref:FR:RTE":"VINTR","ref:FR:RTE_nom":"VINTROU","source":"data.gouv.fr:RTE - 12/2017","voltage":"63000","osm":"way/601393878"}},{"type":"Feature","geometry":{"type":"Point","coordinates":[2.78882,43.49707]},"properties":{"barrier":"fence","operator":"RTE","operator:wikidata":"Q2178795","power":"substation","ref:FR:RTE":"FONCL","ref:FR:RTE_nom":"FONCLARE","source":"data.gouv.fr:RTE - 12/2017","substation":"distribution","voltage":"63000","osm":"way/601393879"}},{"type":"Feature","geometry":{"type":"Point","coordinates":[3.25137,43.44218]},"properties":{"operator":"RTE","operator:wikidata":"Q2178795","operator:wikipedia":"fr:RTE (entreprise)","power":"substation","ref:FR:RTE":"ESPON","ref:FR:RTE_nom":"ESPONDEILHAN (CLIENT)","source":"data.gouv.fr:RTE - 12/2018","substation":"traction","voltage":"63000","osm":"way/601393880"}},{"type":"Feature","geometry":{"type":"Point","coordinates":[3.12022,43.29947]},"properties":{"barrier":"fence","operator":"RTE","operator:wikidata":"Q2178795","power":"substation","ref:FR:RTE":"NISSA","ref:FR:RTE_nom":"NISSAN","source":"data.gouv.fr:RTE - 12/2017","substation":"traction","voltage":"63000","osm":"way/601393881"}},{"type":"Feature","geometry":{"type":"Point","coordinates":[2.1459,44.05104]},"properties":{"operator":"RTE","power":"substation","ref:FR:RTE":"P.GRA","ref:FR:RTE_nom":"PRE-GRAND","source":"data.gouv.fr:RTE - 12/2017","substation":"transmission","voltage":"63000","osm":"way/601394784"}},{"type":"Feature","geometry":{"type":"Point","coordinates":[2.21694,43.95291]},"properties":{"operator":"RTE","power":"substation","ref:FR:RTE":"S.TAR","ref:FR:RTE_nom":"SAUT-DU-TARN","source":"data.gouv.fr:RTE - 12/2017","voltage":"63000","osm":"way/601394787"}},{"type":"Feature","geometry":{"type":"Point","coordinates":[2.69043,44.12216]},"properties":{"barrier":"fence","operator":"EDF","operator:wikidata":"Q274591","power":"substation","ref:FR:RTE":"ALRAN","ref:FR:RTE_nom":"ALRANCE","source":"data.gouv.fr:RTE - 12/2017","substation":"generation","voltage":"63000","osm":"way/601838487"}},{"type":"Feature","geometry":{"type":"Point","coordinates":[2.71237,44.01718]},"properties":{"barrier":"fence","frequency":"50","location":"outdoor","name":"Poste électrique de la Jourdanie","operator":"Électricité de France","operator:short":"EDF","operator:wikidata":"Q274591","power":"substation","ref:FR:RTE":"JOURD","ref:FR:RTE_nom":"JOURDANIE (LA)","source":"data.gouv.fr:RTE - 12/2017","substation":"generation","voltage":"63000","osm":"way/601838489"}},{"type":"Feature","geometry":{"type":"Point","coordinates":[2.25522,44.12627]},"properties":{"operator":"RTE","power":"substation","ref:FR:RTE":"THURI","ref:FR:RTE_nom":"THURIES","source":"data.gouv.fr:RTE - 12/2017","voltage":"63000","osm":"way/601838490"}},{"type":"Feature","geometry":{"type":"Point","coordinates":[3.16268,43.81031]},"properties":{"barrier":"fence","frequency":"50","name":"Poste électrique de Roqueronde (Valeco)","note":"Poste électrique exploité par la société Valeco : évacuation de la production électrique éolienne sur le réseau électrique national","operator":"Valeco","operator:type":"private","power":"substation","ref:FR:RTE":"RQRED","ref:FR:RTE_nom":"ROQUEREDONDE","source":"data.gouv.fr:RTE - 12/2017","start_date":"2017-09","substation":"generation","voltage":"63000","osm":"way/602237598"}},{"type":"Feature","geometry":{"type":"Point","coordinates":[7.09313,44.12588]},"properties":{"barrier":"fence","location":"outdoor","name":"Poste électrique de Valabres","operator":"RTE","power":"substation","ref:FR:RTE":"VALAB","ref:FR:RTE_nom":"VALABRES","substation":"transmission","voltage":"150000","osm":"way/617185968"}},{"type":"Feature","geometry":{"type":"Point","coordinates":[5.72391,43.25071]},"properties":{"barrier":"wall","landuse":"industrial","location":"outdoor","name":"Poste électrique du Castellet","operator":"RTE","operator:wikidata":"Q2178795","power":"substation","ref:FR:RTE":"CSLLE","ref:FR:RTE_nom":"CASTELLET (LE)","start_date":"2018-03","substation":"transmission","voltage":"225000","osm":"way/620325313"}},{"type":"Feature","geometry":{"type":"Point","coordinates":[2.56467,43.46989]},"properties":{"barrier":"fence","operator":"RTE","power":"substation","ref:FR:RTE":"LACAB","ref:FR:RTE_nom":"LACABAREDE","voltage":"63000","osm":"way/621311283"}},{"type":"Feature","geometry":{"type":"Point","coordinates":[2.22173,42.78863]},"properties":{"barrier":"fence","frequency":"50","name":"Poste électrique de Saint-Georges","operator":"RTE","operator:wikidata":"Q2178795","power":"substation","ref:FR:RTE":"SSGEO","ref:FR:RTE_nom":"ST-GEORGES","source":"data.gouv.fr:RTE - 12/2018","substation":"distribution","voltage":"63000;20000","osm":"way/626047238"}},{"type":"Feature","geometry":{"type":"Point","coordinates":[2.80491,44.06989]},"properties":{"building":"industrial","layer":"2","location":"indoor","operator":"Électricité de France","operator:wikidata":"Q274591","power":"substation","ref:FR:RTE":"PINET","ref:FR:RTE_nom":"PINET","source":"cadastre-dgi-fr source : Direction Générale des Finances Publiques - Cadastre. Mise à jour : 2019","substation":"generation","voltage":"63000","osm":"way/664079648"}},{"type":"Feature","geometry":{"type":"Point","coordinates":[4.72997,44.32989]},"properties":{"barrier":"fence","operator":"Électricité de France","operator:short":"EDF","operator:wikidata":"Q274591","power":"substation","substation":"generation","voltage":"225000","osm":"way/672758772"}},{"type":"Feature","geometry":{"type":"Point","coordinates":[4.72986,44.33068]},"properties":{"barrier":"fence","operator":"Électricité de France","operator:short":"EDF","operator:wikidata":"Q274591","power":"substation","substation":"generation","voltage":"225000","osm":"way/672758773"}},{"type":"Feature","geometry":{"type":"Point","coordinates":[4.72959,44.33253]},"properties":{"barrier":"fence","operator":"Électricité de France","operator:short":"EDF","operator:wikidata":"Q274591","power":"substation","substation":"generation","voltage":"225000","osm":"way/672758774"}},{"type":"Feature","geometry":{"type":"Point","coordinates":[4.7297,44.33171]},"properties":{"barrier":"fence","operator":"Électricité de France","operator:short":"EDF","operator:wikidata":"Q274591","power":"substation","substation":"generation","voltage":"225000","osm":"way/672758775"}},{"type":"Feature","geometry":{"type":"Point","coordinates":[7.49393,43.7841]},"properties":{"barrier":"wall","landuse":"industrial","name":"Menton","operator":"RTE","operator:wikidata":"Q2178795","power":"substation","ref:FR:RTE":"MENTO","ref:FR:RTE_nom":"MENTON","substation":"transmission","voltage":"225000","osm":"way/674785007"}},{"type":"Feature","geometry":{"type":"Point","coordinates":[2.88311,42.06246]},"properties":{"barrier":"fence","location":"outdoor","name":"La Farga","operator":"Red Eléctrica de España","operator:short":"REE","operator:wikidata":"Q1551220","operator:wikipedia":"es:Red Eléctrica de España","power":"substation","source":"PNOA:2020","start_date":"2019","substation":"transmission","voltage":"400000;220000","osm":"way/683892938"}},{"type":"Feature","geometry":{"type":"Point","coordinates":[2.76815,44.05902]},"properties":{"barrier":"fence","location":"outdoor","name":"Poste électrique du Pouget","operator":"EDF","power":"substation","ref:FR:RTE":"POUGE","ref:FR:RTE_nom":"POUGET (LE)","substation":"generation","voltage":"225000","wikidata":"Q111135860","osm":"way/700536313"}},{"type":"Feature","geometry":{"type":"Point","coordinates":[6.64569,43.32254]},"properties":{"operator":"RTE","operator:wikidata":"Q2178795","power":"substation","ref:FR:RTE":"SSMA7","ref:FR:RTE_nom":"STE-MAXIME","source":"RTE - 6 juin 2020","voltage":"63000","osm":"way/700640468"}},{"type":"Feature","geometry":{"type":"Point","coordinates":[2.76838,44.05979]},"properties":{"barrier":"fence","location":"roof","operator":"EDF","power":"substation","ref:FR:RTE":"TRUEL","ref:FR:RTE_nom":"TRUEL (LE)","substation":"generation","voltage":"63000","osm":"way/700717625"}},{"type":"Feature","geometry":{"type":"Point","coordinates":[5.36932,43.28971]},"properties":{"building":"industrial","frequency":"50","location":"indoor","name":"Poste électrique du Vieux-Port","operator":"Enedis","operator:wikidata":"Q3587594","power":"substation","ref:FR:RTE":"V.POR","ref:FR:RTE_nom":"VIEUX-PORT","source":"data.gouv.fr:RTE - 2021-06","substation":"distribution","voltage":"225000;20000","osm":"way/733773947"}},{"type":"Feature","geometry":{"type":"Point","coordinates":[5.40412,43.25413]},"properties":{"barrier":"fence","frequency":"50","name":"Poste électrique de Mazargues","operator":"Enedis","operator:wikidata":"Q3587594","power":"substation","ref:FR:RTE":"MAZAR","ref:FR:RTE_nom":"MAZARGUES","substation":"distribution","voltage":"225000;20000","osm":"way/733773951"}},{"type":"Feature","geometry":{"type":"Point","coordinates":[5.38845,43.31047]},"properties":{"barrier":"wall","frequency":"50","name":"Poste électrique Belle-de-Mai","operator":"Enedis","operator:wikidata":"Q3587594","power":"substation","ref:FR:RTE":"B.MAI","ref:FR:RTE_nom":"BELLE-DE-MAI","source":"data.gouv.fr:RTE - 04/2017","substation":"distribution","voltage":"225000;20000","osm":"way/733773994"}},{"type":"Feature","geometry":{"type":"Point","coordinates":[7.10136,43.58423]},"properties":{"barrier":"fence","location":"indoor","operator":"Enedis","power":"substation","ref:FR:RTE":"ANTIB","ref:FR:RTE_nom":"ANTIBES","substation":"distribution","voltage":"225000","osm":"way/742344914"}},{"type":"Feature","geometry":{"type":"Point","coordinates":[4.88899,43.44125]},"properties":{"barrier":"fence","power":"substation","substation":"industrial","voltage":"225000","osm":"way/775447498"}},{"type":"Feature","geometry":{"type":"Point","coordinates":[2.80336,42.73418]},"properties":{"barrier":"fence","name":"Poste électrique Cami-de-Vilanova","power":"substation","ref:FR:RTE":"C.VIL","ref:FR:RTE_nom":"CAMI-DE-VILANOVA","substation":"distribution","voltage":"225000","osm":"way/775827586"}},{"type":"Feature","geometry":{"type":"Point","coordinates":[9.37013,41.9268]},"properties":{"barrier":"fence","location":"outdoor","name":"Poste électrique de Travo","operator":"Électricité de France","operator:source":"opendata-corse.edf.fr: Postes sources 2021/10","operator:wikidata":"Q274591","power":"substation","ref:FR:EDF_SEI_nom":"TRAVO","substation":"distribution","voltage":"90000;20000","osm":"way/788810017"}},{"type":"Feature","geometry":{"type":"Point","coordinates":[6.53781,43.84527]},"properties":{"barrier":"fence","location":"outdoor","operator":"RTE","power":"substation","ref:FR:RTE":"CSLLA","ref:FR:RTE_nom":"CASTELLANE","substation":"transmission","voltage":"150000","osm":"way/801344412"}},{"type":"Feature","geometry":{"type":"Point","coordinates":[5.9159,43.12511]},"properties":{"building":"service","operator":"RTE","operator:wikidata":"Q2178795","power":"substation","ref:FR:RTE":"A.TO5","ref:FR:RTE_nom":"ARSENAL DE TOULON","substation":"distribution","voltage":"63000","osm":"way/807742618"}},{"type":"Feature","geometry":{"type":"Point","coordinates":[6.68093,43.45248]},"properties":{"operator":"RTE","power":"substation","ref:FR:RTE":"BERG7","ref:FR:RTE_nom":"BERGERIE (LA)","source":"RTE - 6 juin 2020","voltage":"63000","osm":"way/807753172"}},{"type":"Feature","geometry":{"type":"Point","coordinates":[7.2639,43.92353]},"properties":{"operator":"RTE","power":"substation","ref:FR:RTE":"SSRIV","ref:FR:RTE_nom":"ST-JEAN-LA-RIVIERE","source":"RTE - 6 juin 2020","voltage":"63000","osm":"way/818615593"}},{"type":"Feature","geometry":{"type":"Point","coordinates":[6.68083,43.45209]},"properties":{"operator":"RTE","power":"substation","ref:FR:RTE":"PUGET","ref:FR:RTE_nom":"PUGET","substation":"transmission","voltage":"63000","osm":"way/818615594"}},{"type":"Feature","geometry":{"type":"Point","coordinates":[5.01983,43.37909]},"properties":{"operator":"RTE","operator:wikidata":"Q2178795","power":"substation","ref:FR:RTE":"RENAI","ref:FR:RTE_nom":"RENAIRES","source":"RTE - 6 juin 2020","voltage":"225000","osm":"way/818615610"}},{"type":"Feature","geometry":{"type":"Point","coordinates":[5.17671,43.49568]},"properties":{"building":"yes","frequency":"50","name":"Poste électrique de Vayne (industriel)","operator":"RTE","operator:wikidata":"Q2178795","operator:wikipedia":"fr:RTE (entreprise)","power":"substation","ref:FR:RTE":"VAYNE","ref:FR:RTE_nom":"VAYNE","source":"RTE - 6 juin 2020","substation":"industrial","voltage":"63000","osm":"way/818615614"}},{"type":"Feature","geometry":{"type":"Point","coordinates":[2.26675,42.55308]},"properties":{"operator":"RTE","power":"substation","ref:FR:RTE":"OLETT","ref:FR:RTE_nom":"OLETTE","source":"RTE - 6 juin 2020","voltage":"63000","osm":"way/818615615"}},{"type":"Feature","geometry":{"type":"Point","coordinates":[5.82492,43.77149]},"properties":{"barrier":"fence","operator":"RTE","power":"substation","ref:FR:RTE":"G.BA5","ref:FR:RTE_nom":"GREOUX-LES-BAINS (CLIENT)","source":"RTE - 6 juin 2020","start_date":"2017-04","substation":"generation","voltage":"225000","osm":"way/818615618"}},{"type":"Feature","geometry":{"type":"Point","coordinates":[6.98628,43.64083]},"properties":{"operator":"RTE","power":"substation","ref:FR:RTE":"GROUL","ref:FR:RTE_nom":"GROULLES","source":"RTE - 6 juin 2020","voltage":"63000","osm":"way/818615619"}},{"type":"Feature","geometry":{"type":"Point","coordinates":[2.49845,43.94626]},"properties":{"operator":"RTE","power":"substation","ref:FR:RTE":"TREBA","ref:FR:RTE_nom":"TREBAS","source":"RTE - 6 juin 2020","voltage":"63000","osm":"way/818615631"}},{"type":"Feature","geometry":{"type":"Point","coordinates":[6.7605,43.67257]},"properties":{"operator":"RTE","operator:wikidata":"Q2178795","power":"substation","ref:FR:RTE":"SIAGN","ref:FR:RTE_nom":"SIAGNE (LA)","source":"RTE - 6 juin 2020","voltage":"63000","osm":"way/818615632"}},{"type":"Feature","geometry":{"type":"Point","coordinates":[7.05334,44.1871]},"properties":{"barrier":"fence","name":"Isola village","operator":"Enedis","operator:wikidata":"Q3587594","power":"substation","ref:FR:RTE":"ISOL5","ref:FR:RTE_nom":"ISOLA (VILLAGE)","source":"RTE - 6 juin 2020","substation":"distribution","voltage":"63000","osm":"way/818615638"}},{"type":"Feature","geometry":{"type":"Point","coordinates":[5.99364,43.99626]},"properties":{"barrier":"fence","name":"Poste électrique de Mees","operator":"RTE","operator:wikidata":"Q2178795","power":"substation","ref:FR:RTE":"MEES","ref:FR:RTE_nom":"MEES (LES) (SOLAIRE 1)","source":"RTE - 6 juin 2020","substation":"generation","voltage":"225000","osm":"way/818615639"}},{"type":"Feature","geometry":{"type":"Point","coordinates":[7.19564,43.85373]},"properties":{"operator":"RTE","power":"substation","ref:FR:RTE":"P.VAR","ref:FR:RTE_nom":"PLAN-DU-VAR","source":"RTE - 6 juin 2020","voltage":"63000","osm":"way/818615642"}},{"type":"Feature","geometry":{"type":"Point","coordinates":[6.6477,43.78819]},"properties":{"name":"Valderoure","operator":"Enedis","operator:wikidata":"Q3587594","power":"substation","ref:FR:RTE":"VALDE","ref:FR:RTE_nom":"VALDEROURE","source":"RTE - 6 juin 2020","substation":"distribution","voltage":"225000","osm":"way/818615644"}},{"type":"Feature","geometry":{"type":"Point","coordinates":[7.41868,43.74202]},"properties":{"barrier":"fence","operator":"RTE","operator:wikidata":"Q2178795","power":"substation","ref:FR:RTE":"BXSOL","ref:FR:RTE_nom":"BEAUSOLEIL","source":"RTE - 6 juin 2020","voltage":"63000","osm":"way/818615648"}},{"type":"Feature","geometry":{"type":"Point","coordinates":[7.37375,43.7918]},"properties":{"operator":"RTE","power":"substation","ref:FR:RTE":"PEILL","ref:FR:RTE_nom":"PEILLE","source":"RTE - 6 juin 2020","voltage":"63000","osm":"way/818615649"}},{"type":"Feature","geometry":{"type":"Point","coordinates":[7.10507,43.71154]},"properties":{"operator":"RTE","operator:wikidata":"Q2178795","operator:wikipedia":"fr:RTE (entreprise)","power":"substation","ref:FR:RTE":"VENCE","ref:FR:RTE_nom":"VENCE","source":"RTE - 6 juin 2020","voltage":"63000","osm":"way/818615650"}},{"type":"Feature","geometry":{"type":"Point","coordinates":[6.89025,43.64043]},"properties":{"operator":"RTE","power":"substation","ref:FR:RTE":"PEYME","ref:FR:RTE_nom":"PEYMEINADE","source":"RTE - 6 juin 2020","voltage":"63000","osm":"way/818615654"}},{"type":"Feature","geometry":{"type":"Point","coordinates":[7.25384,43.73]},"properties":{"operator":"RTE","operator:wikidata":"Q2178795","operator:wikipedia":"fr:RTE (entreprise)","power":"substation","ref:FR:RTE":"GORBE","ref:FR:RTE_nom":"GORBELLA","source":"RTE - 6 juin 2020","voltage":"63000","osm":"way/818615658"}},{"type":"Feature","geometry":{"type":"Point","coordinates":[5.92622,43.11691]},"properties":{"operator":"RTE","operator:wikidata":"Q2178795","power":"substation","ref":"VAUB6","ref:FR:RTE":"VAUB6","ref:FR:RTE_nom":"VAUBAN (PORT MILITAIRE DE TOULON)","source":"RTE - 6 juin 2020","substation":"distribution","voltage":"63000","osm":"way/823662704"}},{"type":"Feature","geometry":{"type":"Point","coordinates":[4.71635,44.33243]},"properties":{"frequency":"50","name":"Poste électrique Edith","operator":"RTE","operator:wikidata":"Q2178795","power":"substation","ref:FR:RTE":"EDITH","ref:FR:RTE_nom":"EDITH","source":"RTE - 6 juin 2020","substation":"generation","voltage":"225000","osm":"way/823662705"}},{"type":"Feature","geometry":{"type":"Point","coordinates":[4.71629,44.33087]},"properties":{"frequency":"50","name":"Poste électrique Ursule","operator":"RTE","operator:wikidata":"Q2178795","power":"substation","ref:FR:RTE":"URSU5","ref:FR:RTE_nom":"URSULE","source":"RTE - 6 juin 2020","substation":"generation","voltage":"225000","osm":"way/823662706"}},{"type":"Feature","geometry":{"type":"Point","coordinates":[6.99174,43.72115]},"properties":{"operator":"RTE","power":"substation","ref:FR:RTE":"LOUP","ref:FR:RTE_nom":"LOUP (LE)","source":"RTE - 6 juin 2020","voltage":"63000","osm":"way/823662711"}},{"type":"Feature","geometry":{"type":"Point","coordinates":[4.91417,43.46191]},"properties":{"operator":"RTE","power":"substation","ref:FR:RTE":"T.CRA","ref:FR:RTE_nom":"TERMINAL DE LA CRAU","source":"RTE - 6 juin 2020","voltage":"63000","osm":"way/823872738"}},{"type":"Feature","geometry":{"type":"Point","coordinates":[2.21697,42.52124]},"properties":{"operator":"RTE","power":"substation","ref:FR:RTE":"THUES","ref:FR:RTE_nom":"THUES","source":"RTE - 6 juin 2020","voltage":"63000","osm":"way/823872761"}},{"type":"Feature","geometry":{"type":"Point","coordinates":[7.33492,43.78278]},"properties":{"barrier":"wall","operator":"RTE","operator:wikidata":"Q2178795","power":"substation","ref:FR:RTE":"CONTE","ref:FR:RTE_nom":"CONTES","source":"RTE - 6 juin 2020","substation":"transmission","voltage":"63000","osm":"way/823872766"}},{"type":"Feature","geometry":{"type":"Point","coordinates":[9.4213,42.6024]},"properties":{"barrier":"fence","frequency":"50","location":"outdoor","name":"Poste électrique de Biguglia","operator":"Électricité de France","operator:source":"opendata-corse.edf.fr: Postes sources 2021/10","operator:wikidata":"Q274591","power":"substation","ref:FR:EDF_SEI_nom":"BIGUGLIA","substation":"distribution","voltage":"90000;20000","osm":"way/836522103"}},{"type":"Feature","geometry":{"type":"Point","coordinates":[7.16405,43.91985]},"properties":{"barrier":"fence","operator":"RTE","power":"substation","ref:FR:RTE":"CZBAI","ref:FR:RTE_nom":"COURBAISSE (LA)","source":"data.gouv.fr:RTE - 04/2017","substation":"transmission","voltage":"63000","osm":"way/839284060"}},{"type":"Feature","geometry":{"type":"Point","coordinates":[6.53895,43.8778]},"properties":{"name":"Le Castillon","operator":"RTE","operator:wikidata":"Q2178795","operator:wikipedia":"fr:RTE (entreprise)","power":"substation","ref:FR:RTE":"CASTI","ref:FR:RTE_nom":"CASTILLON (LE)","voltage":"150000","osm":"way/891205321"}},{"type":"Feature","geometry":{"type":"Point","coordinates":[3.1213,43.86264]},"properties":{"barrier":"fence","fence_type":"chain_link","frequency":"50","name":"Poste électrique de Fondamente","operator":"Enedis","operator:wikidata":"Q3587594","power":"substation","ref:FR:RTE":"FONDA","ref:FR:RTE_nom":"FONDAMENTE","source":"RTE 2021","start_date":"2022","substation":"distribution","voltage":"63000;20000","osm":"way/931751122"}},{"type":"Feature","geometry":{"type":"Point","coordinates":[6.84147,43.6016]},"properties":{"barrier":"fence","name":"Poste de Saint Cassien","operator":"EDF","power":"substation","ref:FR:RTE":"SSCAS","ref:FR:RTE_nom":"ST-CASSIEN","source":"RTE 2021","substation":"generation","voltage":"63000","osm":"way/948685416"}},{"type":"Feature","geometry":{"type":"Point","coordinates":[7.28508,43.70788]},"properties":{"name":"Poste source du Risso","operator":"Enedis","operator:wikidata":"Q3587594","power":"substation","ref:FR:RTE":"RISSO","ref:FR:RTE_nom":"RISSO","source":"RTE 2022","substation":"distribution","voltage":"225000","osm":"way/948708156"}},{"type":"Feature","geometry":{"type":"Point","coordinates":[9.32909,42.65988]},"properties":{"barrier":"fence","frequency":"50","location":"outdoor","name":"Poste électrique d'Oletta","operator":"Électricité de France","operator:source":"opendata-corse.edf.fr: Postes sources 2021/10","operator:wikidata":"Q274591","power":"substation","ref:FR:EDF_SEI_nom":"OLETTA","substation":"distribution","voltage":"90000;20000","osm":"way/975464160"}},{"type":"Feature","geometry":{"type":"Point","coordinates":[6.5532,43.26669]},"properties":{"barrier":"wall","name":"Grimaud","operator":"RTE","operator:wikidata":"Q2178795","power":"substation","ref:FR:RTE":"GRIM5","ref:FR:RTE_nom":"GRIMAUD","source":"RTE 2021","substation":"transmission","voltage":"225000","osm":"way/986760129"}},{"type":"Feature","geometry":{"type":"Point","coordinates":[3.25984,43.35198]},"properties":{"barrier":"fence","name":"Beziers Est","operator":"Enedis","operator:wikidata":"Q3587594","power":"substation","ref:FR:RTE":"BEZ.E","ref:FR:RTE_nom":"BEZIERS-EST","source":"RTE 2021","substation":"distribution","voltage":"225000","osm":"way/986793950"}},{"type":"Feature","geometry":{"type":"Point","coordinates":[5.04728,43.63852]},"properties":{"barrier":"wall","name":"Salon Bel-Air","operator":"Enedis","operator:wikidata":"Q3587594","power":"substation","ref:FR:RTE":"S.AIR","ref:FR:RTE_nom":"SALON-BEL-AIR","source":"RTE 2021","substation":"distribution","voltage":"225000","osm":"way/986794199"}},{"type":"Feature","geometry":{"type":"Point","coordinates":[2.14051,42.71159]},"properties":{"barrier":"fence","power":"substation","ref:FR:RTE":"ESCO2","ref:FR:RTE_nom":"ESCOULOUBRE II","source":"RTE 2021","substation":"generation","voltage":"63000","osm":"way/986795920"}},{"type":"Feature","geometry":{"type":"Point","coordinates":[5.81865,43.55489]},"properties":{"barrier":"fence","operator":"Provencialis","power":"substation","ref:FR:RTE":"PELAD","ref:FR:RTE_nom":"PELADE","source":"RTE 2021","substation":"generation","voltage":"225000","osm":"way/986795975"}},{"type":"Feature","geometry":{"type":"Point","coordinates":[5.54833,43.41342]},"properties":{"barrier":"fence","operator":"RTE","operator:wikidata":"Q2178795","power":"substation","ref:FR:RTE":"SSSA6","ref:FR:RTE_nom":"SAINT-SAVOURNIN","source":"RTE 2021","substation":"transmission","voltage":"63000","osm":"way/986796948"}},{"type":"Feature","geometry":{"type":"Point","coordinates":[7.32665,43.79968]},"properties":{"operator":"RTE","operator:wikidata":"Q2178795","operator:wikipedia":"fr:RTE (entreprise)","power":"substation","ref:FR:RTE":"CARLO","ref:FR:RTE_nom":"CARLO","source":"RTE 2021","substation":"yes","voltage":"63000","osm":"way/986797084"}},{"type":"Feature","geometry":{"type":"Point","coordinates":[7.15053,44.18987]},"properties":{"operator":"RTE","operator:wikidata":"Q2178795","operator:wikipedia":"fr:RTE (entreprise)","power":"substation","ref:FR:RTE":"ISOLA","ref:FR:RTE_nom":"ISOLA (2000)","source":"RTE 2021","substation":"yes","voltage":"63000","osm":"way/986799806"}},{"type":"Feature","geometry":{"type":"Point","coordinates":[2.8255,44.03801]},"properties":{"barrier":"fence","name":"Poste électrique de Ayres","operator":"RTE","operator:wikidata":"Q2178795","power":"substation","ref:FR:RTE":"AYRES","start_date":"2022","substation":"transmission","voltage":"400000;225000","osm":"way/1000881525"}},{"type":"Feature","geometry":{"type":"Point","coordinates":[4.71322,44.23046]},"properties":{"frequency":"50","name":"Sous-station SNCF de Mondragon","operator":"SNCF Réseau","operator:wikidata":"Q21605526","owner":"SNCF Réseau","power":"substation","ref:FR:RTE":"MONDR","ref:FR:RTE_nom":"MONDRAGON","substation":"traction","voltage":"63000","osm":"way/1008827603"}},{"type":"Feature","geometry":{"type":"Point","coordinates":[8.80526,41.95004]},"properties":{"barrier":"fence","frequency":"50","location":"outdoor","name":"Poste électrique Z.I. de Caldaniccia","operator":"Électricité de France","operator:short":"EDF","operator:source":"opendata-corse.edf.fr: Postes sources 2021/10","operator:wikidata":"Q274591","power":"substation","ref:FR:EDF_SEI_nom":"Z.I.DE CALDANICCIA","source":"EDF Corse - 2024-08;Agence ORE - 2024-08","substation":"distribution","voltage":"90000;20000","osm":"way/1040953462"}},{"type":"Feature","geometry":{"type":"Point","coordinates":[8.71698,41.93234]},"properties":{"barrier":"wall","frequency":"50","location":"outdoor","name":"Poste électrique de Loretto - Ajaccio-Ville","operator":"Électricité de France","operator:source":"opendata-corse.edf.fr: Postes sources 2021/10","operator:wikidata":"Q274591","power":"substation","ref:FR:EDF_SEI_nom":"LORETO-AJACCIO VILLE","substation":"distribution","voltage":"90000;20000","osm":"way/1040953463"}},{"type":"Feature","geometry":{"type":"Point","coordinates":[8.7562,41.93077]},"properties":{"frequency":"50","name":"Poste électrique d'Aspretto - Ajaccio-Ville","operator":"Électricité de France","operator:short":"EDF","operator:source":"opendata-corse.edf.fr: Postes sources 2021/10","operator:wikidata":"Q274591","power":"substation","ref:FR:EDF_SEI_nom":"ASPRETTO-AJACCIO VIL","source":"EDF Corse - 2024-08;Agence ORE - 2024-08","substation":"distribution","voltage":"90000;20000","osm":"way/1040953466"}},{"type":"Feature","geometry":{"type":"Point","coordinates":[9.04702,41.7036]},"properties":{"barrier":"fence","location":"outdoor","name":"Poste électrique du Rizzanese","operator":"Électricité de France","operator:source":"opendata-corse.edf.fr: Postes sources 2021/10","operator:wikidata":"Q274591","power":"substation","ref:FR:EDF_SEI_nom":"RIZZANESE","substation":"transmission","voltage":"90000;20000","osm":"way/1040953467"}},{"type":"Feature","geometry":{"type":"Point","coordinates":[9.01816,42.32417]},"properties":{"frequency":"50","location":"outdoor","name":"Poste électrique de Sovenzia","operator":"Électricité de France","operator:wikidata":"Q274591","power":"substation","substation":"generation","voltage":"90000","osm":"way/1041517069"}},{"type":"Feature","geometry":{"type":"Point","coordinates":[9.31594,42.09144]},"properties":{"frequency":"50","name":"Poste électrique de Lugo-di-Nazza","operator":"Électricité de France","operator:wikidata":"Q274591","power":"substation","substation":"generation","voltage":"90000","osm":"way/1041518864"}},{"type":"Feature","geometry":{"type":"Point","coordinates":[9.04529,42.34078]},"properties":{"frequency":"50","location":"outdoor","name":"Poste électrique de Corscia","operator":"Électricité de France","operator:wikidata":"Q274591","power":"substation","substation":"generation","voltage":"90000","voltage:secondary":"90000","osm":"way/1041523490"}},{"type":"Feature","geometry":{"type":"Point","coordinates":[5.35269,43.33599]},"properties":{"barrier":"fence","name":"Cap Janet","operator":"RTE","operator:wikidata":"Q2178795","power":"substation","ref:FR:RTE":"C.JAN","ref:FR:RTE_nom":"CAP JANET","source":"streetlevel imagery","substation":"industrial","voltage":"225000","osm":"way/1041558666"}},{"type":"Feature","geometry":{"type":"Point","coordinates":[2.8046,43.53686]},"properties":{"barrier":"fence","operator":"RTE","power":"substation","ref:FR:RTE":"S.VES","ref:FR:RTE_nom":"SAUT-DE-VESOLES","source":"data.gouv.fr:RTE - 12/2017","substation":"distribution","voltage":"63000","osm":"way/1051501875"}},{"type":"Feature","geometry":{"type":"Point","coordinates":[2.5199,44.03563]},"properties":{"barrier":"fence","operator":"RTE","operator:wikidata":"Q2178795","power":"substation","ref:FR:RTE":"REQUI","ref:FR:RTE_nom":"REQUISTA","substation":"transmission","voltage":"225000","osm":"way/1076203260"}},{"type":"Feature","geometry":{"type":"Point","coordinates":[2.97337,43.72436]},"properties":{"barrier":"fence","frequency":"50","name":"Poste électrique d'Arnac-sur-Dourdou","note":"Poste électrique servant également à l'évacuation de la production éolienne des parcs environnants.","operator":"Enedis","operator:wikidata":"Q3587594","power":"substation","ref:FR:RTE":"A.DOU","ref:FR:RTE_nom":"ARNAC-SUR-DOURDOU","source":"RTE 2022","substation":"distribution","voltage":"225000;20000","osm":"way/1081289386"}},{"type":"Feature","geometry":{"type":"Point","coordinates":[5.8251,43.47241]},"properties":{"barrier":"fence","operator":"RTE","power":"substation","ref:FR:RTE":"OLLI5","ref:FR:RTE_nom":"OLLIERES","source":"RTE 2022","substation":"transmission","voltage":"225000","osm":"way/1081289679"}},{"type":"Feature","geometry":{"type":"Point","coordinates":[2.82173,43.62682]},"properties":{"barrier":"fence","name":"Poste électrique Garrigou","operator":"RTE","operator:wikidata":"Q2178795","power":"substation","ref:FR:RTE":"GARRI","ref:FR:RTE_nom":"GARRIGOU","start_date":"2018-12","substation":"generation","voltage":"225000","osm":"way/1091109862"}},{"type":"Feature","geometry":{"type":"Point","coordinates":[2.3629,43.28572]},"properties":{"barrier":"fence","operator":"RTE","operator:wikidata":"Q2178795","power":"substation","ref:FR:RTE":"C.ORB","ref:FR:RTE_nom":"CONQUES-SUR-ORBIEL","substation":"transmission","voltage":"225000","osm":"way/1159497863"}},{"type":"Feature","geometry":{"type":"Point","coordinates":[2.22769,42.97392]},"properties":{"barrier":"fence","operator:type":"private","power":"substation","substation":"generation","voltage":"63000","osm":"way/1236930249"}},{"type":"Feature","geometry":{"type":"Point","coordinates":[2.16537,42.77436]},"properties":{"barrier":"fence","frequency":"50","name":"Poste électrique de Gesse","operator":"RTE","operator:wikidata":"Q2178795","power":"substation","ref:FR:RTE":"GESSE","ref:FR:RTE_nom":"GESSE","substation":"transmission","voltage":"63000","osm":"way/1236930261"}},{"type":"Feature","geometry":{"type":"Point","coordinates":[2.21319,42.77175]},"properties":{"barrier":"fence","frequency":"50","name":"Poste électrique de Nentilla","operator":"RTE","operator:wikidata":"Q2178795","power":"substation","ref:FR:RTE":"NENTI","ref:FR:RTE_nom":"NENTILLA","source":"data.gouv.fr:RTE - 04/2017","substation":"transmission","voltage":"150000","osm":"way/1236930268"}},{"type":"Feature","geometry":{"type":"Point","coordinates":[4.97695,44.39321]},"properties":{"barrier":"fence","operator":"Enedis","operator:wikidata":"Q2178795","power":"substation","substation":"distribution","voltage":"63000","osm":"way/1251358353"}},{"type":"Feature","geometry":{"type":"Point","coordinates":[4.84338,43.44616]},"properties":{"barrier":"fence","power":"substation","substation":"industrial","voltage":"225000","osm":"way/1252345142"}},{"type":"Feature","geometry":{"type":"Point","coordinates":[2.05697,41.55195]},"properties":{"name":"Subestació elèctrica de Can Barba","name:ca":"Subestació elèctrica de Can Barba","operator":"Red Eléctrica de España","operator:short":"REE","operator:wikidata":"Q1551220","operator:wikipedia":"es:Red Eléctrica de España","power":"substation","voltage":"400000","osm":"way/1258384938"}},{"type":"Feature","geometry":{"type":"Point","coordinates":[6.0723,43.30188]},"properties":{"barrier":"wall","operator":"Enedis","operator:wikidata":"Q3587594","power":"substation","ref:FR:RTE":"ROCBA","ref:FR:RTE_nom":"ROCBARON","source":"RTE","substation":"distribution","voltage":"225000","osm":"way/1299138577"}},{"type":"Feature","geometry":{"type":"Point","coordinates":[7.55562,44.00491]},"properties":{"operator":"RTE","operator:wikidata":"Q2178795","power":"substation","ref:FR:RTE":"FTAN","ref:FR:RTE_nom":"FONTAN","source":"data.gouv.fr:RTE - 04/2017","voltage":"63000","osm":"way/1328928944"}},{"type":"Feature","geometry":{"type":"Point","coordinates":[6.5441,43.84782]},"properties":{"barrier":"fence","location":"surface","operator":"RTE","operator:wikidata":"Q2178795","power":"substation","ref:FR:RTE":"CXDAN","ref:FR:RTE_nom":"CHAUDANNE (LA)","source":"data.gouv.fr:RTE - 12/2017","substation":"generation","voltage":"150000","osm":"way/1344817230"}},{"type":"Feature","geometry":{"type":"Point","coordinates":[2.16593,42.77402]},"properties":{"barrier":"fence","operator":"EDF","operator:wikidata":"Q274591","power":"substation","substation":"generation","voltage":"63000","osm":"way/1415285523"}},{"type":"Feature","geometry":{"type":"Point","coordinates":[3.0293,43.02342]},"properties":{"operator":"RTE","operator:wikidata":"Q2178795","power":"substation","ref:FR:RTE":"BOUC7","ref:FR:RTE_nom":"BOUCHET","source":"data.gouv.fr:RTE - 12/2017","voltage":"63000","osm":"way/1420807541"}},{"type":"Feature","geometry":{"type":"Point","coordinates":[5.91611,44.34436]},"properties":{"name":"Poste électrique Ringo de Ventavon","operator":"RTE","operator:wikidata":"Q2178795","power":"substation","ref:FR:RTE":"VENT5","ref:FR:RTE_nom":"RINGO-VENTAVON","source":"RTE 2022","substation":"generation","voltage":"63000","website":"https://www.rte-france.com/projets/nos-projets/stocker-lelectricite-lexperimentation-ringo-ventavon","osm":"way/1517088299"}},{"type":"Feature","geometry":{"type":"Point","coordinates":[4.85175,43.42218]},"properties":{"building":"power_substation","name":"Poste électrique du Minéralier","operator":"RTE","operator:wikidata":"Q2178795","power":"substation","ref:FR:RTE":"MINER","ref:FR:RTE_nom":"MINERALIER","voltage":"400000","osm":"way/1539374692"}},{"type":"Feature","geometry":{"type":"Point","coordinates":[5.86657,43.46599]},"properties":{"location":"outdoor","operator":"RTE","operator:wikidata":"Q2178795","operator:wikipedia":"fr:RTE (entreprise)","power":"substation","ref:FR:RTE":"SSMA8","ref:FR:RTE_nom":"ST-MAXIMIN","substation":"distribution","type":"multipolygon","voltage":"63000;20000","osm":"relation/11170981"}},{"type":"Feature","geometry":{"type":"Point","coordinates":[4.71497,44.32971]},"properties":{"frequency":"50","location":"outdoor","name":"Poste électrique du Tricastin","operator":"RTE","operator:wikidata":"Q2178795","power":"substation","ref:FR:RTE":"TRI.P","ref:FR:RTE_nom":"TRICASTIN-POSTE (LE)","substation":"transmission","type":"multipolygon","voltage":"400000;225000","osm":"relation/11278540"}},{"type":"Feature","geometry":{"type":"Point","coordinates":[2.40567,44.44419]},"properties":{"operator":"RTE","operator:wikidata":"Q2178795","power":"substation","ref:FR:RTE":"GOUTR","ref:FR:RTE_nom":"GOUTRENS","source":"data.gouv.fr:RTE - 12/2017","substation":"distribution","type":"multipolygon","voltage":"63000;20000","osm":"relation/13855314"}},{"type":"Feature","geometry":{"type":"Point","coordinates":[4.83925,44.12883]},"properties":{"location":"outdoor","name":"Poste de Courèges","operator":"RTE","operator:wikidata":"Q2178795","power":"substation","ref:FR:RTE":"CZEGE","ref:FR:RTE_nom":"COUREGES","substation":"transmission","type":"multipolygon","voltage":"63000;20000","osm":"relation/13873218"}}]}